 z coord_comovil dist_luminosa dist_angular 
   0.00000000         0.00000000         0.00000000         0.00000000    
   1.00000005E-03     4.28177929         4.28606081         4.27750158    
   2.00000009E-03     8.56163025         8.57875347         8.54454041    
   3.00000003E-03     12.8395491         12.8780680         12.8011456    
   4.00000019E-03     17.1155434         17.1840038         17.0473537    
   5.00000035E-03     21.3895969         21.4965477         21.2831821    
   6.00000052E-03     25.6617241         25.8156948         25.5086689    
   7.00000068E-03     29.9319134         30.1414337         29.7238464    
   8.00000038E-03     34.2001648         34.4737701         33.9287338    
   9.00000054E-03     38.4664841         38.8126793         38.1233749    
   1.00000007E-02     42.7308617         43.1581726         42.3077850    
   1.10000009E-02     46.9933052         47.5102348         46.4819984    
   1.20000010E-02     51.2537994         51.8688431         50.6460495    
   1.30000012E-02     55.5123596         56.2340202         54.7999573    
   1.40000014E-02     59.7689743         60.6057396         58.9437561    
   1.50000015E-02     64.0236435         64.9840012         63.0774803    
   1.60000008E-02     68.2763596         69.3687897         67.2011414    
   1.70000009E-02     72.5271378         73.7600937         71.3147888    
   1.80000011E-02     76.7759705         78.1579285         75.4184341    
   1.90000013E-02     81.0228424         82.5622864         79.5121155    
   2.00000014E-02     85.2677917         86.9731522         83.5958786    
   2.10000016E-02     89.5107651         91.3904953         87.6697006    
   2.20000017E-02     93.7518005         95.8143311         91.7336655    
   2.30000019E-02     97.9908676         100.244659         95.7877502    
   2.40000021E-02     102.227989         104.681465         99.8320236    
   2.50000022E-02     106.463150         109.124725         103.866486    
   2.60000024E-02     110.696358         113.574471         107.891190    
   2.70000026E-02     114.927612         118.030647         111.906151    
   2.80000027E-02     119.156906         122.493301         115.911385    
   2.90000029E-02     123.384239         126.962372         119.906921    
   3.00000031E-02     127.609612         131.437897         123.892830    
   3.10000032E-02     131.833008         135.919830         127.869072    
   3.20000015E-02     136.054443         140.408188         131.835709    
   3.29999998E-02     140.273911         144.902954         135.792755    
   3.39999981E-02     144.491425         149.404144         139.740250    
   3.49999964E-02     148.706955         153.911697         143.678223    
   3.59999947E-02     152.920532         158.425674         147.606689    
   3.69999930E-02     157.132141         162.946045         151.525696    
   3.79999913E-02     161.341797         167.472763         155.435272    
   3.89999896E-02     165.549423         172.005875         159.335342    
   3.99999879E-02     169.755127         176.545334         163.226089    
   4.09999862E-02     173.958832         181.091156         167.107422    
   4.19999845E-02     178.160614         185.643356         170.979492    
   4.29999828E-02     182.360397         190.201889         174.842178    
   4.39999811E-02     186.558182         194.766739         178.695572    
   4.49999794E-02     190.753983         199.337906         182.539719    
   4.59999777E-02     194.947830         203.915451         186.374603    
   4.69999760E-02     199.139725         208.499268         190.200317    
   4.79999743E-02     203.329590         213.089417         194.016785    
   4.89999726E-02     207.517502         217.685867         197.824112    
   4.99999709E-02     211.703415         222.288589         201.622299    
   5.09999692E-02     215.887344         226.897598         205.411362    
   5.19999675E-02     220.069321         231.512909         209.191391    
   5.29999658E-02     224.249268         236.134491         212.962280    
   5.39999641E-02     228.427277         240.762360         216.724167    
   5.49999624E-02     232.603256         245.396423         220.477020    
   5.59999608E-02     236.777283         250.036835         224.220917    
   5.69999591E-02     240.949295         254.683395         227.955826    
   5.79999574E-02     245.119339         259.336243         231.681793    
   5.89999557E-02     249.287415         263.995361         235.398865    
   5.99999540E-02     253.453461         268.660645         239.107040    
   6.09999523E-02     257.617493         273.332184         242.806320    
   6.19999506E-02     261.779602         278.009888         246.496811    
   6.29999489E-02     265.939667         282.693848         250.178452    
   6.39999509E-02     270.097748         287.383942         253.851273    
   6.49999529E-02     274.253845         292.080353         257.515381    
   6.59999549E-02     278.407959         296.782867         261.170715    
   6.69999570E-02     282.560059         301.491577         264.817322    
   6.79999590E-02     286.710175         306.206482         268.455261    
   6.89999610E-02     290.858246         310.927490         272.084412    
   6.99999630E-02     295.004395         315.654724         275.705078    
   7.09999651E-02     299.148529         320.388062         279.317017    
   7.19999671E-02     303.290619         325.127563         282.920349    
   7.29999691E-02     307.430725         329.873169         286.515106    
   7.39999712E-02     311.568848         334.624969         290.101349    
   7.49999732E-02     315.704956         339.382843         293.679077    
   7.59999752E-02     319.839020         344.146790         297.248169    
   7.69999772E-02     323.971161         348.916931         300.808868    
   7.79999793E-02     328.101196         353.693085         304.361053    
   7.89999813E-02     332.229340         358.475433         307.904846    
   7.99999833E-02     336.355347         363.263763         311.440186    
   8.09999853E-02     340.479370         368.058197         314.967072    
   8.19999874E-02     344.601471         372.858826         318.485657    
   8.29999894E-02     348.721527         377.665405         321.995880    
   8.39999914E-02     352.839569         382.478058         325.497772    
   8.49999934E-02     356.955566         387.296783         328.991272    
   8.59999955E-02     361.069580         392.121552         332.476624    
   8.69999975E-02     365.181580         396.952362         335.953613    
   8.79999995E-02     369.291534         401.789215         339.422363    
   8.90000015E-02     373.399506         406.632019         342.882935    
   9.00000036E-02     377.505432         411.480957         346.335266    
   9.10000056E-02     381.609436         416.335876         349.779510    
   9.20000076E-02     385.711334         421.196777         353.215485    
   9.30000097E-02     389.811218         426.063660         356.643372    
   9.40000117E-02     393.909088         430.936554         360.063141    
   9.50000137E-02     398.004974         435.815460         363.474854    
   9.60000157E-02     402.098816         440.700317         366.878510    
   9.70000178E-02     406.190582         445.591095         370.274017    
   9.80000198E-02     410.280426         450.487915         373.661560    
   9.90000218E-02     414.368225         455.390686         377.041138    
  0.100000024         418.453949         460.299316         380.412659    
  0.101000026         422.537659         465.214020         383.776215    
  0.102000028         426.619354         470.134552         387.131897    
  0.103000030         430.699066         475.061096         390.479645    
  0.104000032         434.776733         479.993530         393.819458    
  0.105000034         438.852356         484.931854         397.151459    
  0.106000036         442.925995         489.876160         400.475555    
  0.107000038         446.997498         494.826233         403.791779    
  0.108000040         451.067047         499.782318         407.100189    
  0.109000042         455.134613         504.744354         410.400909    
  0.110000044         459.200134         509.712158         413.693787    
  0.111000046         463.263550         514.685852         416.978882    
  0.112000048         467.325012         519.665405         420.256317    
  0.113000050         471.384430         524.650879         423.525970    
  0.114000052         475.441803         529.642212         426.787964    
  0.115000054         479.497101         534.639282         430.042236    
  0.116000056         483.550446         539.642334         433.288910    
  0.117000058         487.601685         544.651123         436.527863    
  0.118000060         491.651001         549.665771         439.759369    
  0.119000062         495.698090         554.686218         442.983093    
  0.120000064         499.743317         559.712585         446.199341    
  0.121000066         503.786377         564.744568         449.408020    
  0.122000068         507.827515         569.782532         452.609131    
  0.123000070         511.866638         574.826172         455.802887    
  0.124000072         515.903564         579.875671         458.988892    
  0.125000075         519.938599         584.931030         462.167603    
  0.126000077         523.971558         589.991943         465.338837    
  0.127000079         528.002502         595.058899         468.502625    
  0.128000081         532.031372         600.131348         471.659027    
  0.129000083         536.058228         605.209717         474.807922    
  0.130000085         540.083008         610.293884         477.949493    
  0.131000087         544.105713         615.383606         481.083679    
  0.132000089         548.126343         620.479065         484.210510    
  0.133000091         552.145020         625.580383         487.330048    
  0.134000093         556.161682         630.687317         490.442352    
  0.135000095         560.176270         635.800171         493.547363    
  0.136000097         564.188843         640.918640         496.645020    
  0.137000099         568.199280         646.042664         499.735474    
  0.138000101         572.207703         651.172424         502.818634    
  0.139000103         576.214050         656.307861         505.894684    
  0.140000105         580.218506         661.449219         508.963562    
  0.141000107         584.220825         666.596008         512.025208    
  0.142000109         588.221069         671.748596         515.079773    
  0.143000111         592.219360         676.906799         518.127136    
  0.144000113         596.215454         682.070496         521.167358    
  0.145000115         600.209534         687.239929         524.200439    
  0.146000117         604.201660         692.415222         527.226562    
  0.147000119         608.191711         697.596008         530.245605    
  0.148000121         612.179749         702.782410         533.257568    
  0.149000123         616.165649         707.974365         536.262451    
  0.150000125         620.149475         713.171997         539.260376    
  0.151000127         624.131287         718.375183         542.251282    
  0.152000129         628.111023         723.584045         545.235168    
  0.153000131         632.088867         728.798523         548.212280    
  0.154000133         636.064514         734.018555         551.182312    
  0.155000135         640.038086         739.244141         554.145508    
  0.156000137         644.009644         744.475281         557.101685    
  0.157000139         647.979248         749.712097         560.051086    
  0.158000141         651.946716         754.954407         562.993652    
  0.159000143         655.912109         760.202271         565.929260    
  0.160000145         659.875488         765.455627         568.858154    
  0.161000147         663.836853         770.714661         571.780151    
  0.162000149         667.796082         775.979187         574.695374    
  0.163000152         671.753296         781.249146         577.603821    
  0.164000154         675.708374         786.524658         580.505371    
  0.165000156         679.661560         791.805786         583.400391    
  0.166000158         683.612549         797.092346         586.288574    
  0.167000160         687.561584         802.384521         589.170105    
  0.168000162         691.508484         807.682007         592.044800    
  0.169000164         695.453369         812.985046         594.912964    
  0.170000166         699.396179         818.293640         597.774353    
  0.171000168         703.336914         823.607605         600.629211    
  0.172000170         707.275696         828.927185         603.477478    
  0.173000172         711.212158         834.252014         606.318848    
  0.174000174         715.146790         839.582397         609.153931    
  0.175000176         719.079468         844.918457         611.982422    
  0.176000178         723.009766         850.259521         614.804138    
  0.177000180         726.938171         855.606384         617.619385    
  0.178000182         730.864563         860.958679         620.428223    
  0.179000184         734.788818         866.316162         623.230530    
  0.180000186         738.711060         871.679138         626.026184    
  0.181000188         742.631226         877.047729         628.815491    
  0.182000190         746.549255         882.421387         631.598267    
  0.183000192         750.465393         887.800659         634.374695    
  0.184000194         754.379395         893.185364         637.144592    
  0.185000196         758.291321         898.575378         639.908142    
  0.186000198         762.201233         903.970886         642.665283    
  0.187000200         766.109070         909.371582         645.416138    
  0.188000202         770.014709         914.777649         648.160461    
  0.189000204         773.918396         920.189148         650.898438    
  0.190000206         777.820007         925.605896         653.630188    
  0.191000208         781.719604         931.028259         656.355530    
  0.192000210         785.617065         936.455688         659.074646    
  0.193000212         789.512634         941.888733         661.787476    
  0.194000214         793.405945         947.326904         664.493958    
  0.195000216         797.297180         952.770325         667.194275    
  0.196000218         801.186523         958.219299         669.888306    
  0.197000220         805.073669         963.673462         672.576050    
  0.198000222         808.958801         969.132812         675.257629    
  0.199000224         812.841919         974.597656         677.933105    
  0.200000226         816.722900         980.067749         680.602234    
  0.201000229         820.601807         985.542847         683.265320    
  0.202000231         824.478760         991.023682         685.922302    
  0.203000233         828.353455         996.509399         688.572998    
  0.204000235         832.226257         1002.00055         691.217712    
  0.205000237         836.096863         1007.49701         693.856140    
  0.206000239         839.965393         1012.99841         696.488586    
  0.207000241         843.832031         1018.50549         699.114990    
  0.208000243         847.696655         1024.01770         701.735535    
  0.209000245         851.559021         1029.53503         704.349792    
  0.210000247         855.419312         1035.05762         706.957947    
  0.211000249         859.277588         1040.58533         709.560242    
  0.212000251         863.133850         1046.11841         712.156494    
  0.213000253         866.987976         1051.65662         714.746704    
  0.214000255         870.840088         1057.19995         717.331055    
  0.215000257         874.690063         1062.74866         719.909363    
  0.216000259         878.538086         1068.30273         722.481812    
  0.217000261         882.383972         1073.86145         725.048340    
  0.218000263         886.227905         1079.42578         727.608948    
  0.219000265         890.069580         1084.99512         730.163574    
  0.220000267         893.909241         1090.56958         732.712341    
  0.221000269         897.746887         1096.14929         735.255188    
  0.222000271         901.582520         1101.73413         737.792419    
  0.223000273         905.416016         1107.32397         740.323608    
  0.224000275         909.247437         1112.91907         742.849060    
  0.225000277         913.076904         1118.51953         745.368774    
  0.226000279         916.904114         1124.12476         747.882446    
  0.227000281         920.729370         1129.73499         750.390564    
  0.228000283         924.552612         1135.35095         752.892822    
  0.229000285         928.373718         1140.97168         755.389343    
  0.230000287         932.192688         1146.59729         757.880066    
  0.231000289         936.009766         1152.22839         760.365173    
  0.232000291         939.824646         1157.86414         762.844482    
  0.233000293         943.637512         1163.50537         765.318176    
  0.234000295         947.448303         1169.15161         767.786133    
  0.235000297         951.257019         1174.80261         770.248413    
  0.236000299         955.063721         1180.45898         772.705078    
  0.237000301         958.868164         1186.12036         775.155945    
  0.238000304         962.670776         1191.78674         777.601440    
  0.239000306         966.471191         1197.45801         780.041077    
  0.240000308         970.269531         1203.13452         782.475281    
  0.241000310         974.065979         1208.81604         784.903931    
  0.242000312         977.860168         1214.50269         787.326782    
  0.243000314         981.652344         1220.19421         789.744263    
  0.244000316         985.442505         1225.89087         792.156128    
  0.245000318         989.230591         1231.59229         794.562500    
  0.246000320         993.016541         1237.29883         796.963318    
  0.247000322         996.800476         1243.01050         799.358582    
  0.248000324         1000.58234         1248.72717         801.748474    
  0.249000326         1004.36218         1254.44861         804.132812    
  0.250000328         1008.13983         1260.17517         806.511658    
  0.251000315         1011.91553         1265.90662         808.885071    
  0.252000302         1015.68909         1271.64307         811.253052    
  0.253000289         1019.46063         1277.38440         813.615601    
  0.254000276         1023.22992         1283.13074         815.972595    
  0.255000263         1026.99719         1288.88171         818.324341    
  0.256000251         1030.76257         1294.63806         820.670654    
  0.257000238         1034.52588         1300.39929         823.011719    
  0.258000225         1038.28711         1306.16553         825.347290    
  0.259000212         1042.04614         1311.93628         827.677490    
  0.260000199         1045.80310         1317.71216         830.002380    
  0.261000186         1049.55798         1323.49280         832.321899    
  0.262000173         1053.31104         1329.27881         834.636230    
  0.263000160         1057.06189         1335.06921         836.945129    
  0.264000148         1060.81055         1340.86487         839.248779    
  0.265000135         1064.55737         1346.66516         841.547241    
  0.266000122         1068.30188         1352.47046         843.840271    
  0.267000109         1072.04468         1358.28064         846.128357    
  0.268000096         1075.78528         1364.09583         848.411011    
  0.269000083         1079.52356         1369.91541         850.688354    
  0.270000070         1083.26001         1375.74036         852.960571    
  0.271000057         1086.99414         1381.56970         855.227539    
  0.272000045         1090.72668         1387.40442         857.489441    
  0.273000032         1094.45679         1393.24353         859.746094    
  0.274000019         1098.18506         1399.08789         861.997681    
  0.275000006         1101.91101         1404.93652         864.243958    
  0.275999993         1105.63513         1410.79053         866.485229    
  0.276999980         1109.35706         1416.64893         868.721252    
  0.277999967         1113.07703         1422.51233         870.952271    
  0.278999954         1116.79492         1428.38086         873.178345    
  0.279999942         1120.51074         1434.25366         875.398987    
  0.280999929         1124.22449         1440.13135         877.614807    
  0.281999916         1127.93591         1446.01367         879.825256    
  0.282999903         1131.64563         1451.90125         882.031006    
  0.283999890         1135.35303         1457.79309         884.231323    
  0.284999877         1139.05847         1463.69006         886.426941    
  0.285999864         1142.76196         1469.59180         888.617493    
  0.286999851         1146.46350         1475.49829         890.803162    
  0.287999839         1150.16284         1481.40955         892.983704    
  0.288999826         1153.85999         1487.32520         895.159119    
  0.289999813         1157.55505         1493.24585         897.329590    
  0.290999800         1161.24817         1499.17126         899.495239    
  0.291999787         1164.93945         1505.10156         901.656006    
  0.292999774         1168.62830         1511.03625         903.811768    
  0.293999761         1172.31531         1516.97571         905.962463    
  0.294999748         1176.00012         1522.91980         908.108398    
  0.295999736         1179.68311         1528.86914         910.249512    
  0.296999723         1183.36389         1534.82263         912.385681    
  0.297999710         1187.04260         1540.78088         914.516785    
  0.298999697         1190.71936         1546.74402         916.643250    
  0.299999684         1194.39404         1552.71191         918.764893    
  0.300999671         1198.06653         1558.68420         920.881470    
  0.301999658         1201.73694         1564.66101         922.993286    
  0.302999645         1205.40552         1570.64282         925.100342    
  0.303999633         1209.07178         1576.62927         927.202515    
  0.304999620         1212.73621         1582.62024         929.300049    
  0.305999607         1216.39844         1588.61584         931.392639    
  0.306999594         1220.05859         1594.61621         933.480530    
  0.307999581         1223.71680         1600.62122         935.563599    
  0.308999568         1227.37280         1606.63049         937.641846    
  0.309999555         1231.02710         1612.64514         939.715637    
  0.310999542         1234.67920         1618.66382         941.784668    
  0.311999530         1238.32898         1624.68713         943.848694    
  0.312999517         1241.97705         1630.71521         945.908203    
  0.313999504         1245.62280         1636.74780         947.962891    
  0.314999491         1249.26648         1642.78479         950.012939    
  0.315999478         1252.90820         1648.82654         952.058289    
  0.316999465         1256.54834         1654.87329         954.099426    
  0.317999452         1260.18579         1660.92419         956.135315    
  0.318999439         1263.82141         1666.97986         958.166809    
  0.319999427         1267.45508         1673.03992         960.193604    
  0.320999414         1271.08655         1679.10449         962.215820    
  0.321999401         1274.71594         1685.17383         964.233337    
  0.322999388         1278.34326         1691.24744         966.246338    
  0.323999375         1281.96875         1697.32593         968.254761    
  0.324999362         1285.59204         1703.40857         970.258667    
  0.325999349         1289.21326         1709.49609         972.257874    
  0.326999336         1292.83264         1715.58801         974.252686    
  0.327999324         1296.44983         1721.68457         976.242859    
  0.328999311         1300.06494         1727.78540         978.228455    
  0.329999298         1303.67810         1733.89111         980.209595    
  0.330999285         1307.28906         1740.00085         982.186218    
  0.331999272         1310.89807         1746.11536         984.158264    
  0.332999259         1314.50500         1752.23413         986.125916    
  0.333999246         1318.10999         1758.35767         988.088928    
  0.334999233         1321.71289         1764.48560         990.047668    
  0.335999221         1325.31360         1770.61804         992.001709    
  0.336999208         1328.91260         1776.75513         993.951721    
  0.337999195         1332.50903         1782.89600         995.896729    
  0.338999182         1336.10364         1789.04187         997.837585    
  0.339999169         1339.69641         1795.19214         999.774048    
  0.340999156         1343.28711         1801.34692         1001.70618    
  0.341999143         1346.87573         1807.50623         1003.63385    
  0.342999130         1350.46228         1813.66968         1005.55713    
  0.343999118         1354.04688         1819.83789         1007.47601    
  0.344999105         1357.62939         1826.01013         1009.39056    
  0.345999092         1361.20959         1832.18689         1011.30048    
  0.346999079         1364.78796         1838.36792         1013.20636    
  0.347999066         1368.36426         1844.55396         1015.10767    
  0.348999053         1371.93860         1850.74390         1017.00488    
  0.349999040         1375.51086         1856.93835         1018.89764    
  0.350999027         1379.08118         1863.13721         1020.78619    
  0.351999015         1382.64929         1869.34045         1022.67035    
  0.352999002         1386.21545         1875.54797         1024.55017    
  0.353998989         1389.77966         1881.76025         1026.42590    
  0.354998976         1393.34180         1887.97656         1028.29724    
  0.355998963         1396.90198         1894.19751         1030.16443    
  0.356998950         1400.45996         1900.42249         1032.02734    
  0.357998937         1404.01587         1906.65198         1033.88574    
  0.358998924         1407.56970         1912.88550         1035.74011    
  0.359998912         1411.12170         1919.12390         1037.59021    
  0.360998899         1414.67163         1925.36658         1039.43628    
  0.361998886         1418.21936         1931.61340         1041.27795    
  0.362998873         1421.76514         1937.86426         1043.11548    
  0.363998860         1425.30908         1944.12012         1044.94885    
  0.364998847         1428.85095         1950.37988         1046.77820    
  0.365998834         1432.39050         1956.64392         1048.60303    
  0.366998821         1435.92834         1962.91223         1050.42395    
  0.367998809         1439.46399         1969.18506         1052.24060    
  0.368998796         1442.99756         1975.46179         1054.05322    
  0.369998783         1446.52930         1981.74329         1055.86169    
  0.370998770         1450.05896         1988.02881         1057.66614    
  0.371998757         1453.58643         1994.31873         1059.46619    
  0.372998744         1457.11206         2000.61292         1061.26257    
  0.373998731         1460.63562         2006.91138         1063.05444    
  0.374998719         1464.15698         2013.21411         1064.84253    
  0.375998706         1467.67639         2019.52100         1066.62634    
  0.376998693         1471.19409         2025.83240         1068.40637    
  0.377998680         1474.70947         2032.14783         1070.18213    
  0.378998667         1478.22290         2038.46741         1071.95386    
  0.379998654         1481.73425         2044.79126         1073.72156    
  0.380998641         1485.24377         2051.11938         1075.48523    
  0.381998628         1488.75073         2057.45166         1077.24475    
  0.382998616         1492.25623         2063.78833         1079.00061    
  0.383998603         1495.75940         2070.12891         1080.75208    
  0.384998590         1499.26074         2076.47388         1082.49988    
  0.385998577         1502.76001         2082.82349         1084.24353    
  0.386998564         1506.25720         2089.17651         1085.98328    
  0.387998551         1509.75244         2095.53442         1087.71912    
  0.388998538         1513.24573         2101.89600         1089.45093    
  0.389998525         1516.73694         2108.26221         1091.17883    
  0.390998513         1520.22620         2114.63232         1092.90283    
  0.391998500         1523.71326         2121.00659         1094.62280    
  0.392998487         1527.19849         2127.38501         1096.33887    
  0.393998474         1530.68164         2133.76782         1098.05115    
  0.394998461         1534.16284         2140.15479         1099.75952    
  0.395998448         1537.64185         2146.54565         1101.46387    
  0.396998435         1541.11890         2152.94067         1103.16443    
  0.397998422         1544.59412         2159.34009         1104.86108    
  0.398998410         1548.06702         2165.74341         1106.55383    
  0.399998397         1551.53845         2172.15137         1108.24292    
  0.400998384         1555.00720         2178.56250         1109.92786    
  0.401998371         1558.47424         2184.97827         1111.60913    
  0.402998358         1561.93945         2191.39844         1113.28674    
  0.403998345         1565.40234         2197.82227         1114.96021    
  0.404998332         1568.86353         2204.25073         1116.63013    
  0.405998319         1572.32263         2210.68311         1118.29626    
  0.406998307         1575.77954         2217.11914         1119.95850    
  0.407998294         1579.23462         2223.55957         1121.61682    
  0.408998281         1582.68774         2230.00415         1123.27161    
  0.409998268         1586.13867         2236.45288         1124.92236    
  0.410998255         1589.58765         2242.90503         1126.56958    
  0.411998242         1593.03455         2249.36182         1128.21277    
  0.412998229         1596.47974         2255.82275         1129.85254    
  0.413998216         1599.92249         2262.28760         1131.48828    
  0.414998204         1603.36340         2268.75635         1133.12048    
  0.415998191         1606.80273         2275.22998         1134.74915    
  0.416998178         1610.23975         2281.70703         1136.37390    
  0.417998165         1613.67456         2288.18774         1137.99475    
  0.418998152         1617.10767         2294.67285         1139.61230    
  0.419998139         1620.53857         2301.16187         1141.22583    
  0.420998126         1623.96765         2307.65503         1142.83594    
  0.421998113         1627.39465         2314.15210         1144.44214    
  0.422998101         1630.81982         2320.65356         1146.04504    
  0.423998088         1634.24280         2327.15845         1147.64392    
  0.424998075         1637.66382         2333.66797         1149.23938    
  0.425998062         1641.08276         2340.18091         1150.83093    
  0.426998049         1644.49976         2346.69800         1152.41907    
  0.427998036         1647.91492         2353.21948         1154.00366    
  0.428998023         1651.32788         2359.74438         1155.58447    
  0.429998010         1654.73901         2366.27368         1157.16174    
  0.430997998         1658.14807         2372.80640         1158.73547    
  0.431997985         1661.55530         2379.34375         1160.30566    
  0.432997972         1664.96033         2385.88477         1161.87219    
  0.433997959         1668.36340         2392.42969         1163.43494    
  0.434997946         1671.76501         2398.97900         1164.99475    
  0.435997933         1675.16382         2405.53198         1166.55029    
  0.436997920         1678.56116         2412.08887         1168.10278    
  0.437997907         1681.95630         2418.64966         1169.65137    
  0.438997895         1685.34961         2425.21436         1171.19666    
  0.439997882         1688.74072         2431.78320         1172.73840    
  0.440997869         1692.12964         2438.35522         1174.27637    
  0.441997856         1695.51685         2444.93164         1175.81091    
  0.442997843         1698.90234         2451.51221         1177.34229    
  0.443997830         1702.28552         2458.09668         1178.86987    
  0.444997817         1705.66687         2464.68481         1180.39417    
  0.445997804         1709.04626         2471.27734         1181.91479    
  0.446997792         1712.42358         2477.87305         1183.43213    
  0.447997779         1715.79895         2484.47314         1184.94580    
  0.448997766         1719.17236         2491.07690         1186.45618    
  0.449997753         1722.54382         2497.68481         1187.96301    
  0.450997740         1725.91309         2504.29565         1189.46643    
  0.451997727         1729.28064         2510.91162         1190.96643    
  0.452997714         1732.64624         2517.53076         1192.46313    
  0.453997701         1736.00964         2524.15381         1193.95618    
  0.454997689         1739.37122         2530.78101         1195.44604    
  0.455997676         1742.73083         2537.41235         1196.93237    
  0.456997663         1746.08862         2544.04688         1198.41553    
  0.457997650         1749.44409         2550.68555         1199.89502    
  0.458997637         1752.79785         2557.32788         1201.37134    
  0.459997624         1756.14954         2563.97412         1202.84412    
  0.460997611         1759.49915         2570.62402         1204.31348    
  0.461997598         1762.84705         2577.27832         1205.77966    
  0.462997586         1766.19287         2583.93604         1207.24255    
  0.463997573         1769.53662         2590.59766         1208.70178    
  0.464997560         1772.87854         2597.26245         1210.15808    
  0.465997547         1776.21851         2603.93213         1211.61084    
  0.466997534         1779.55664         2610.60522         1213.06042    
  0.467997521         1782.89246         2617.28174         1214.50647    
  0.468997508         1786.22656         2623.96216         1215.94934    
  0.469997495         1789.55847         2630.64648         1217.38879    
  0.470997483         1792.88867         2637.33472         1218.82520    
  0.471997470         1796.21680         2644.02661         1220.25806    
  0.472997457         1799.54309         2650.72241         1221.68787    
  0.473997444         1802.86731         2657.42188         1223.11426    
  0.474997431         1806.18945         2664.12451         1224.53735    
  0.475997418         1809.50977         2670.83203         1225.95728    
  0.476997405         1812.82812         2677.54248         1227.37402    
  0.477997392         1816.14465         2684.25708         1228.78748    
  0.478997380         1819.45898         2690.97510         1230.19763    
  0.479997367         1822.77148         2697.69702         1231.60461    
  0.480997354         1826.08215         2704.42285         1233.00842    
  0.481997341         1829.39062         2711.15234         1234.40881    
  0.482997328         1832.69739         2717.88525         1235.80627    
  0.483997315         1836.00195         2724.62207         1237.20032    
  0.484997302         1839.30469         2731.36255         1238.59131    
  0.485997289         1842.60583         2738.10742         1239.97925    
  0.486997277         1845.90430         2744.85474         1241.36365    
  0.487997264         1849.20129         2751.60645         1242.74512    
  0.488997251         1852.49646         2758.36206         1244.12354    
  0.489997238         1855.78967         2765.12134         1245.49866    
  0.490997225         1859.08044         2771.88379         1246.87048    
  0.491997212         1862.36963         2778.65015         1248.23938    
  0.492997199         1865.65686         2785.42065         1249.60510    
  0.493997186         1868.94226         2792.19434         1250.96777    
  0.494997174         1872.22546         2798.97168         1252.32703    
  0.495997161         1875.50696         2805.75317         1253.68347    
  0.496997148         1878.78638         2812.53760         1255.03674    
  0.497997135         1882.06409         2819.32666         1256.38696    
  0.498997122         1885.33948         2826.11841         1257.73401    
  0.499997109         1888.61316         2832.91431         1259.07788    
  0.500997126         1891.88477         2839.71338         1260.41870    
  0.501997113         1895.15466         2846.51685         1261.75647    
  0.502997100         1898.42236         2853.32349         1263.09106    
  0.503997087         1901.68835         2860.13379         1264.42297    
  0.504997075         1904.95227         2866.94727         1265.75146    
  0.505997062         1908.21448         2873.76538         1267.07715    
  0.506997049         1911.47461         2880.58667         1268.39954    
  0.507997036         1914.73254         2887.41089         1269.71912    
  0.508997023         1917.98889         2894.23950         1271.03552    
  0.509997010         1921.24304         2901.07153         1272.34888    
  0.510996997         1924.49548         2907.90723         1273.65942    
  0.511996984         1927.74597         2914.74609         1274.96680    
  0.512996972         1930.99438         2921.58862         1276.27124    
  0.513996959         1934.24133         2928.43530         1277.57275    
  0.514996946         1937.48596         2935.28516         1278.87109    
  0.515996933         1940.72876         2942.13892         1280.16675    
  0.516996920         1943.96960         2948.99585         1281.45923    
  0.517996907         1947.20850         2955.85620         1282.74866    
  0.518996894         1950.44531         2962.72046         1284.03503    
  0.519996881         1953.68054         2969.58838         1285.31885    
  0.520996869         1956.91382         2976.45972         1286.59949    
  0.521996856         1960.14514         2983.33472         1287.87720    
  0.522996843         1963.37439         2990.21289         1289.15186    
  0.523996830         1966.60205         2997.09521         1290.42395    
  0.524996817         1969.82727         3003.98022         1291.69275    
  0.525996804         1973.05090         3010.86963         1292.95874    
  0.526996791         1976.27283         3017.76221         1294.22192    
  0.527996778         1979.49243         3024.65796         1295.48206    
  0.528996766         1982.71045         3031.55786         1296.73950    
  0.529996753         1985.92615         3038.46069         1297.99377    
  0.530996740         1989.14062         3045.36816         1299.24548    
  0.531996727         1992.35242         3052.27734         1300.49402    
  0.532996714         1995.56250         3059.19067         1301.73962    
  0.533996701         1998.77124         3066.10815         1302.98279    
  0.534996688         2001.97742         3073.02905         1304.22253    
  0.535996675         2005.18213         3079.95288         1305.45996    
  0.536996663         2008.38464         3086.88013         1306.69421    
  0.537996650         2011.58569         3093.81201         1307.92590    
  0.538996637         2014.78442         3100.74634         1309.15442    
  0.539996624         2017.98120         3107.68408         1310.38025    
  0.540996611         2021.17615         3114.62549         1311.60327    
  0.541996598         2024.36914         3121.57031         1312.82349    
  0.542996585         2027.56067         3128.51953         1314.04089    
  0.543996572         2030.74976         3135.47095         1315.25537    
  0.544996560         2033.93726         3142.42603         1316.46716    
  0.545996547         2037.12280         3149.38452         1317.67615    
  0.546996534         2040.30652         3156.34692         1318.88232    
  0.547996521         2043.48816         3163.31274         1320.08582    
  0.548996508         2046.66809         3170.28149         1321.28650    
  0.549996495         2049.84595         3177.25415         1322.48425    
  0.550996482         2053.02222         3184.23047         1323.67932    
  0.551996469         2056.19653         3191.20972         1324.87183    
  0.552996457         2059.36865         3198.19214         1326.06152    
  0.553996444         2062.53906         3205.17847         1327.24817    
  0.554996431         2065.70728         3212.16797         1328.43213    
  0.555996418         2068.87427         3219.16113         1329.61389    
  0.556996405         2072.03906         3226.15723         1330.79248    
  0.557996392         2075.20190         3233.15698         1331.96826    
  0.558996379         2078.36279         3240.16016         1333.14136    
  0.559996367         2081.52197         3247.16675         1334.31201    
  0.560996354         2084.67896         3254.17627         1335.47986    
  0.561996341         2087.83472         3261.18994         1336.64502    
  0.562996328         2090.98804         3268.20654         1337.80737    
  0.563996315         2094.13940         3275.22656         1338.96704    
  0.564996302         2097.28931         3282.24976         1340.12415    
  0.565996289         2100.43701         3289.27686         1341.27844    
  0.566996276         2103.58301         3296.30688         1342.43005    
  0.567996264         2106.72729         3303.34033         1343.57922    
  0.568996251         2109.86938         3310.37695         1344.72559    
  0.569996238         2113.00977         3317.41748         1345.86938    
  0.570996225         2116.14795         3324.46069         1347.01013    
  0.571996212         2119.28491         3331.50757         1348.14880    
  0.572996199         2122.41968         3338.55786         1349.28479    
  0.573996186         2125.55249         3345.61133         1350.41785    
  0.574996173         2128.68359         3352.66821         1351.54834    
  0.575996161         2131.81250         3359.72803         1352.67615    
  0.576996148         2134.93994         3366.79199         1353.80176    
  0.577996135         2138.06519         3373.85864         1354.92419    
  0.578996122         2141.18872         3380.92847         1356.04419    
  0.579996109         2144.31079         3388.00244         1357.16199    
  0.580996096         2147.43042         3395.07886         1358.27686    
  0.581996083         2150.54810         3402.15869         1359.38916    
  0.582996070         2153.66431         3409.24219         1360.49878    
  0.583996058         2156.77832         3416.32837         1361.60596    
  0.584996045         2159.89087         3423.41821         1362.71057    
  0.585996032         2163.00122         3430.51147         1363.81262    
  0.586996019         2166.11035         3437.60840         1364.91223    
  0.587996006         2169.21680         3444.70728         1366.00891    
  0.588995993         2172.32178         3451.81055         1367.10352    
  0.589995980         2175.42456         3458.91626         1368.19495    
  0.590995967         2178.52588         3466.02612         1369.28430    
  0.591995955         2181.62573         3473.13940         1370.37134    
  0.592995942         2184.72339         3480.25537         1371.45581    
  0.593995929         2187.81885         3487.37402         1372.53723    
  0.594995916         2190.91284         3494.49707         1373.61646    
  0.595995903         2194.00439         3501.62207         1374.69312    
  0.596995890         2197.09497         3508.75122         1375.76746    
  0.597995877         2200.18311         3515.88379         1376.83899    
  0.598995864         2203.26953         3523.01929         1377.90820    
  0.599995852         2206.35474         3530.15820         1378.97522    
  0.600995839         2209.43701         3537.29932         1380.03931    
  0.601995826         2212.51782         3544.44434         1381.10083    
  0.602995813         2215.59766         3551.59351         1382.16052    
  0.603995800         2218.67432         3558.74414         1383.21704    
  0.604995787         2221.74951         3565.89844         1384.27136    
  0.605995774         2224.82349         3573.05713         1385.32336    
  0.606995761         2227.89502         3580.21802         1386.37268    
  0.607995749         2230.96533         3587.38257         1387.42004    
  0.608995736         2234.03320         3594.54956         1388.46436    
  0.609995723         2237.09961         3601.72046         1389.50659    
  0.610995710         2240.16406         3608.89453         1390.54614    
  0.611995697         2243.22656         3616.07153         1391.58350    
  0.612995684         2246.28784         3623.25244         1392.61865    
  0.613995671         2249.34668         3630.43579         1393.65100    
  0.614995658         2252.40356         3637.62207         1394.68091    
  0.615995646         2255.45850         3644.81128         1395.70825    
  0.616995633         2258.51172         3652.00391         1396.73352    
  0.617995620         2261.56372         3659.20020         1397.75623    
  0.618995607         2264.61353         3666.39966         1398.77686    
  0.619995594         2267.66187         3673.60205         1399.79504    
  0.620995581         2270.70728         3680.80664         1400.81042    
  0.621995568         2273.75244         3688.01636         1401.82410    
  0.622995555         2276.79468         3695.22778         1402.83472    
  0.623995543         2279.83521         3702.44214         1403.84326    
  0.624995530         2282.87378         3709.65991         1404.84937    
  0.625995517         2285.91113         3716.88135         1405.85327    
  0.626995504         2288.94653         3724.10547         1406.85474    
  0.627995491         2291.98047         3731.33350         1407.85425    
  0.628995478         2295.01172         3738.56323         1408.85083    
  0.629995465         2298.04150         3745.79736         1409.84534    
  0.630995452         2301.06909         3753.03345         1410.83728    
  0.631995440         2304.09546         3760.27319         1411.82727    
  0.632995427         2307.12012         3767.51660         1412.81482    
  0.633995414         2310.14258         3774.76245         1413.79993    
  0.634995401         2313.16309         3782.01123         1414.78259    
  0.635995388         2316.18262         3789.26392         1415.76355    
  0.636995375         2319.19946         3796.51880         1416.74170    
  0.637995362         2322.21484         3803.77734         1417.71765    
  0.638995349         2325.22803         3811.03784         1418.69104    
  0.639995337         2328.24023         3818.30322         1419.66272    
  0.640995324         2331.25024         3825.57056         1420.63196    
  0.641995311         2334.25830         3832.84106         1421.59863    
  0.642995298         2337.26440         3840.11475         1422.56299    
  0.643995285         2340.26953         3847.39185         1423.52563    
  0.644995272         2343.27173         3854.67065         1424.48535    
  0.645995259         2346.27295         3861.95410         1425.44336    
  0.646995246         2349.27222         3869.24072         1426.39893    
  0.647995234         2352.26929         3876.52856         1427.35193    
  0.648995221         2355.26514         3883.82104         1428.30322    
  0.649995208         2358.25879         3891.11572         1429.25183    
  0.650995195         2361.25073         3898.41382         1430.19824    
  0.651995182         2364.24097         3905.71484         1431.14270    
  0.652995169         2367.22925         3913.01831         1432.08484    
  0.653995156         2370.21606         3920.32593         1433.02478    
  0.654995143         2373.20068         3927.63574         1433.96228    
  0.655995131         2376.18408         3934.94922         1434.89795    
  0.656995118         2379.16504         3942.26440         1435.83105    
  0.657995105         2382.14453         3949.58398         1436.76221    
  0.658995092         2385.12256         3956.90674         1437.69104    
  0.659995079         2388.09839         3964.23169         1438.61780    
  0.660995066         2391.07251         3971.55933         1439.54224    
  0.661995053         2394.04468         3978.89014         1440.46436    
  0.662995040         2397.01514         3986.22461         1441.38440    
  0.663995028         2399.98413         3993.56152         1442.30249    
  0.664995015         2402.95142         4000.90186         1443.21838    
  0.665995002         2405.91650         4008.24512         1444.13184    
  0.666994989         2408.87988         4015.59106         1445.04321    
  0.667994976         2411.84204         4022.94019         1445.95276    
  0.668994963         2414.80176         4030.29199         1446.85986    
  0.669994950         2417.75952         4037.64648         1447.76465    
  0.670994937         2420.71655         4045.00488         1448.66772    
  0.671994925         2423.67090         4052.36572         1449.56836    
  0.672994912         2426.62378         4059.72900         1450.46692    
  0.673994899         2429.57471         4067.09595         1451.36328    
  0.674994886         2432.52441         4074.46606         1452.25769    
  0.675994873         2435.47168         4081.83789         1453.14978    
  0.676994860         2438.41748         4089.21338         1454.03992    
  0.677994847         2441.36182         4096.59229         1454.92810    
  0.678994834         2444.30371         4103.97363         1455.81372    
  0.679994822         2447.24414         4111.35742         1456.69739    
  0.680994809         2450.18359         4118.74561         1457.57947    
  0.681994796         2453.12036         4126.13574         1458.45886    
  0.682994783         2456.05542         4133.52881         1459.33618    
  0.683994770         2458.98901         4140.92432         1460.21179    
  0.684994757         2461.92065         4148.32373         1461.08508    
  0.685994744         2464.85034         4155.72510         1461.95618    
  0.686994731         2467.77905         4163.13037         1462.82544    
  0.687994719         2470.70532         4170.53809         1463.69263    
  0.688994706         2473.63013         4177.94824         1464.55774    
  0.689994693         2476.55322         4185.36182         1465.42065    
  0.690994680         2479.47437         4192.77783         1466.28149    
  0.691994667         2482.39404         4200.19727         1467.14050    
  0.692994654         2485.31152         4207.61914         1467.99744    
  0.693994641         2488.22754         4215.04443         1468.85193    
  0.694994628         2491.14185         4222.47168         1469.70471    
  0.695994616         2494.05420         4229.90283         1470.55554    
  0.696994603         2496.96558         4237.33691         1471.40466    
  0.697994590         2499.87427         4244.77344         1472.25110    
  0.698994577         2502.78125         4252.21191         1473.09546    
  0.699994564         2505.68677         4259.65381         1473.93811    
  0.700994551         2508.59058         4267.09863         1474.77881    
  0.701994538         2511.49268         4274.54688         1475.61731    
  0.702994525         2514.39331         4281.99805         1476.45410    
  0.703994513         2517.29199         4289.45166         1477.28870    
  0.704994500         2520.18872         4296.90723         1478.12134    
  0.705994487         2523.08350         4304.36670         1478.95166    
  0.706994474         2525.97729         4311.82959         1479.78052    
  0.707994461         2528.86914         4319.29443         1480.60730    
  0.708994448         2531.75903         4326.76270         1481.43213    
  0.709994435         2534.64673         4334.23193         1482.25439    
  0.710994422         2537.53369         4341.70557         1483.07532    
  0.711994410         2540.41870         4349.18311         1483.89429    
  0.712994397         2543.30127         4356.66064         1484.71082    
  0.713994384         2546.18237         4364.14258         1485.52551    
  0.714994371         2549.06226         4371.62744         1486.33862    
  0.715994358         2551.93970         4379.11377         1487.14929    
  0.716994345         2554.81641         4386.60596         1487.95874    
  0.717994332         2557.69141         4394.09863         1488.76587    
  0.718994319         2560.56372         4401.59473         1489.57080    
  0.719994307         2563.43481         4409.09326         1490.37402    
  0.720994294         2566.30347         4416.59326         1491.17505    
  0.721994281         2569.17188         4424.09863         1491.97473    
  0.722994268         2572.03784         4431.60645         1492.77197    
  0.723994255         2574.90137         4439.11475         1493.56726    
  0.724994242         2577.76343         4446.62744         1494.36060    
  0.725994229         2580.62451         4454.14307         1495.15247    
  0.726994216         2583.48389         4461.66162         1495.94238    
  0.727994204         2586.34082         4469.18164         1496.73010    
  0.728994191         2589.19653         4476.70557         1497.51611    
  0.729994178         2592.05054         4484.23193         1498.30005    
  0.730994165         2594.90283         4491.76221         1499.08240    
  0.731994152         2597.75269         4499.29248         1499.86218    
  0.732994139         2600.60181         4506.82764         1500.64087    
  0.733994126         2603.44922         4514.36523         1501.41748    
  0.734994113         2606.29468         4521.90625         1502.19214    
  0.735994101         2609.13770         4529.44775         1502.96460    
  0.736994088         2611.97998         4536.99365         1503.73572    
  0.737994075         2614.82056         4544.54248         1504.50488    
  0.738994062         2617.65918         4552.09326         1505.27197    
  0.739994049         2620.49609         4559.64746         1506.03735    
  0.740994036         2623.33105         4567.20361         1506.80078    
  0.741994023         2626.16382         4574.76221         1507.56189    
  0.742994010         2628.99609         4582.32471         1508.32202    
  0.743993998         2631.82642         4589.88916         1509.07996    
  0.744993985         2634.65479         4597.45654         1509.83606    
  0.745993972         2637.48096         4605.02588         1510.58997    
  0.746993959         2640.30640         4612.59961         1511.34265    
  0.747993946         2643.12964         4620.17480         1512.09314    
  0.748993933         2645.95190         4627.75293         1512.84216    
  0.749993920         2648.77197         4635.33447         1513.58923    
  0.750993907         2651.58984         4642.91797         1514.33411    
  0.751993895         2654.40649         4650.50342         1515.07751    
  0.752993882         2657.22192         4658.09326         1515.81934    
  0.753993869         2660.03467         4665.68506         1516.55872    
  0.754993856         2662.84619         4673.27881         1517.29663    
  0.755993843         2665.65601         4680.87549         1518.03259    
  0.756993830         2668.46460         4688.47559         1518.76721    
  0.757993817         2671.27148         4696.07861         1519.49988    
  0.758993804         2674.07593         4703.68262         1520.23035    
  0.759993792         2676.87866         4711.28955         1520.95911    
  0.760993779         2679.68091         4718.90088         1521.68677    
  0.761993766         2682.48047         4726.51367         1522.41199    
  0.762993753         2685.27856         4734.12939         1523.13550    
  0.763993740         2688.07520         4741.74756         1523.85754    
  0.764993727         2690.87012         4749.36865         1524.57776    
  0.765993714         2693.66357         4756.99268         1525.29626    
  0.766993701         2696.45435         4764.61816         1526.01245    
  0.767993689         2699.24414         4772.24658         1526.72729    
  0.768993676         2702.03271         4779.87842         1527.44067    
  0.769993663         2704.81909         4787.51270         1528.15173    
  0.770993650         2707.60425         4795.14990         1528.86157    
  0.771993637         2710.38721         4802.78906         1529.56946    
  0.772993624         2713.16870         4810.43066         1530.27551    
  0.773993611         2715.94873         4818.07568         1530.97998    
  0.774993598         2718.72681         4825.72266         1531.68250    
  0.775993586         2721.50342         4833.37256         1532.38354    
  0.776993573         2724.27856         4841.02539         1533.08301    
  0.777993560         2727.05176         4848.68018         1533.78052    
  0.778993547         2729.82324         4856.33789         1534.47607    
  0.779993534         2732.59375         4863.99951         1535.17053    
  0.780993521         2735.36157         4871.66113         1535.86279    
  0.781993508         2738.12842         4879.32666         1536.55347    
  0.782993495         2740.89355         4886.99561         1537.24255    
  0.783993483         2743.65674         4894.66553         1537.92969    
  0.784993470         2746.41797         4902.33838         1538.61523    
  0.785993457         2749.17847         4910.01465         1539.29932    
  0.786993444         2751.93701         4917.69385         1539.98157    
  0.787993431         2754.69360         4925.37402         1540.66199    
  0.788993418         2757.44873         4933.05762         1541.34082    
  0.789993405         2760.20190         4940.74365         1542.01794    
  0.790993392         2762.95435         4948.43311         1542.69360    
  0.791993380         2765.70435         4956.12402         1543.36755    
  0.792993367         2768.45288         4963.81738         1544.03979    
  0.793993354         2771.19995         4971.51367         1544.71033    
  0.794993341         2773.94507         4979.21289         1545.37903    
  0.795993328         2776.68872         4986.91455         1546.04626    
  0.796993315         2779.43115         4994.61914         1546.71216    
  0.797993302         2782.17114         5002.32568         1547.37573    
  0.798993289         2784.91016         5010.03467         1548.03809    
  0.799993277         2787.64722         5017.74561         1548.69861    
  0.800993264         2790.38306         5025.46094         1549.35791    
  0.801993251         2793.11670         5033.17725         1550.01514    
  0.802993238         2795.84888         5040.89697         1550.67065    
  0.803993225         2798.57983         5048.61914         1551.32507    
  0.804993212         2801.30884         5056.34326         1551.97766    
  0.805993199         2804.03564         5064.06934         1552.62805    
  0.806993186         2806.76172         5071.79932         1553.27747    
  0.807993174         2809.48584         5079.53174         1553.92505    
  0.808993161         2812.20874         5087.26660         1554.57129    
  0.809993148         2814.92920         5095.00244         1555.21533    
  0.810993135         2817.64917         5102.74316         1555.85852    
  0.811993122         2820.36621         5110.48438         1556.49951    
  0.812993109         2823.08252         5118.22900         1557.13916    
  0.813993096         2825.79712         5125.97656         1557.77722    
  0.814993083         2828.51001         5133.72656         1558.41357    
  0.815993071         2831.22046         5141.47656         1559.04810    
  0.816993058         2833.93091         5149.23242         1559.68176    
  0.817993045         2836.63892         5156.98975         1560.31335    
  0.818993032         2839.34497         5164.74951         1560.94336    
  0.819993019         2842.05005         5172.51123         1561.57190    
  0.820993006         2844.75269         5180.27490         1562.19861    
  0.821992993         2847.45459         5188.04248         1562.82410    
  0.822992980         2850.15479         5195.81152         1563.44788    
  0.823992968         2852.85254         5203.58252         1564.06995    
  0.824992955         2855.55005         5211.35840         1564.69104    
  0.825992942         2858.24463         5219.13428         1565.30981    
  0.826992929         2860.93872         5226.91504         1565.92761    
  0.827992916         2863.63037         5234.69629         1566.54346    
  0.828992903         2866.32080         5242.47998         1567.15808    
  0.829992890         2869.00903         5250.26611         1567.77063    
  0.830992877         2871.69678         5258.05664         1568.38220    
  0.831992865         2874.38232         5265.84814         1568.99207    
  0.832992852         2877.06641         5273.64258         1569.60059    
  0.833992839         2879.74854         5281.43799         1570.20703    
  0.834992826         2882.42920         5289.23730         1570.81213    
  0.835992813         2885.10864         5297.03857         1571.41602    
  0.836992800         2887.78662         5304.84326         1572.01855    
  0.837992787         2890.46240         5312.64893         1572.61902    
  0.838992774         2893.13672         5320.45801         1573.21814    
  0.839992762         2895.80957         5328.26807         1573.81567    
  0.840992749         2898.48120         5336.08301         1574.41211    
  0.841992736         2901.15063         5343.89844         1575.00647    
  0.842992723         2903.81860         5351.71631         1575.59961    
  0.843992710         2906.48511         5359.53711         1576.19128    
  0.844992697         2909.15039         5367.36084         1576.78149    
  0.845992684         2911.81372         5375.18701         1577.37024    
  0.846992671         2914.47534         5383.01465         1577.95703    
  0.847992659         2917.13599         5390.84570         1578.54309    
  0.848992646         2919.79443         5398.67822         1579.12720    
  0.849992633         2922.45142         5406.51318         1579.70972    
  0.850992620         2925.10669         5414.35156         1580.29077    
  0.851992607         2927.76099         5422.19141         1580.87073    
  0.852992594         2930.41309         5430.03369         1581.44910    
  0.853992581         2933.06396         5437.87891         1582.02576    
  0.854992568         2935.71338         5445.72656         1582.60107    
  0.855992556         2938.36060         5453.57568         1583.17480    
  0.856992543         2941.00684         5461.42773         1583.74744    
  0.857992530         2943.65161         5469.28271         1584.31824    
  0.858992517         2946.29468         5477.13965         1584.88770    
  0.859992504         2948.93579         5484.99854         1585.45569    
  0.860992491         2951.57568         5492.85986         1586.02234    
  0.861992478         2954.21362         5500.72363         1586.58728    
  0.862992465         2956.85059         5508.59082         1587.15125    
  0.863992453         2959.48560         5516.45850         1587.71313    
  0.864992440         2962.11938         5524.33057         1588.27429    
  0.865992427         2964.75146         5532.20361         1588.83362    
  0.866992414         2967.38184         5540.07959         1589.39148    
  0.867992401         2970.01074         5547.95703         1589.94800    
  0.868992388         2972.63794         5555.83740         1590.50293    
  0.869992375         2975.26392         5563.72070         1591.05676    
  0.870992362         2977.88770         5571.60547         1591.60864    
  0.871992350         2980.51074         5579.49316         1592.15979    
  0.872992337         2983.13184         5587.38281         1592.70911    
  0.873992324         2985.75146         5595.27588         1593.25720    
  0.874992311         2988.36938         5603.16943         1593.80347    
  0.875992298         2990.98584         5611.06689         1594.34875    
  0.876992285         2993.60107         5618.96631         1594.89270    
  0.877992272         2996.21460         5626.86719         1595.43494    
  0.878992260         2998.82617         5634.77148         1595.97571    
  0.879992247         3001.43677         5642.67822         1596.51550    
  0.880992234         3004.04565         5650.58594         1597.05371    
  0.881992221         3006.65234         5658.49707         1597.59021    
  0.882992208         3009.25854         5666.41064         1598.12573    
  0.883992195         3011.86279         5674.32568         1598.65979    
  0.884992182         3014.46533         5682.24365         1599.19263    
  0.885992169         3017.06641         5690.16406         1599.72363    
  0.886992157         3019.66577         5698.08594         1600.25342    
  0.887992144         3022.26392         5706.01025         1600.78198    
  0.888992131         3024.86060         5713.93750         1601.30920    
  0.889992118         3027.45508         5721.86670         1601.83472    
  0.890992105         3030.04858         5729.79834         1602.35925    
  0.891992092         3032.64062         5737.73193         1602.88220    
  0.892992079         3035.23120         5745.66846         1603.40405    
  0.893992066         3037.82007         5753.60693         1603.92444    
  0.894992054         3040.40747         5761.54785         1604.44336    
  0.895992041         3042.99341         5769.49072         1604.96106    
  0.896992028         3045.57764         5777.43604         1605.47729    
  0.897992015         3048.16016         5785.38330         1605.99219    
  0.898992002         3050.74146         5793.33350         1606.50574    
  0.899991989         3053.32129         5801.28564         1607.01794    
  0.900991976         3055.89966         5809.24023         1607.52905    
  0.901991963         3058.47607         5817.19678         1608.03845    
  0.902991951         3061.05127         5825.15625         1608.54663    
  0.903991938         3063.62500         5833.11719         1609.05359    
  0.904991925         3066.19678         5841.08008         1609.55908    
  0.905991912         3068.76733         5849.04590         1610.06323    
  0.906991899         3071.33740         5857.01611         1610.56653    
  0.907991886         3073.90405         5864.98389         1611.06763    
  0.908991873         3076.47046         5872.95654         1611.56824    
  0.909991860         3079.03516         5880.93164         1612.06702    
  0.910991848         3081.59814         5888.90918         1612.56470    
  0.911991835         3084.16016         5896.88867         1613.06128    
  0.912991822         3086.71997         5904.86963         1613.55627    
  0.913991809         3089.27783         5912.85254         1614.04968    
  0.914991796         3091.83521         5920.83984         1614.54236    
  0.915991783         3094.39111         5928.82812         1615.03357    
  0.916991770         3096.94507         5936.81836         1615.52344    
  0.917991757         3099.49780         5944.81104         1616.01196    
  0.918991745         3102.04883         5952.80664         1616.49939    
  0.919991732         3104.59839         5960.80371         1616.98535    
  0.920991719         3107.14600         5968.80127         1617.46973    
  0.921991706         3109.69287         5976.80420         1617.95337    
  0.922991693         3112.23779         5984.80713         1618.43530    
  0.923991680         3114.78076         5992.81250         1618.91602    
  0.924991667         3117.32373         6000.82178         1619.39587    
  0.925991654         3119.86401         6008.83203         1619.87415    
  0.926991642         3122.40332         6016.84521         1620.35120    
  0.927991629         3124.94092         6024.86035         1620.82703    
  0.928991616         3127.47632         6032.87500         1621.30127    
  0.929991603         3130.01123         6040.89502         1621.77454    
  0.930991590         3132.54468         6048.91748         1622.24658    
  0.931991577         3135.07642         6056.94043         1622.71741    
  0.932991564         3137.60645         6064.96680         1623.18689    
  0.933991551         3140.13525         6072.99512         1623.65515    
  0.934991539         3142.66235         6081.02539         1624.12183    
  0.935991526         3145.18848         6089.05811         1624.58789    
  0.936991513         3147.71265         6097.09277         1625.05249    
  0.937991500         3150.23511         6105.12842         1625.51538    
  0.938991487         3152.75659         6113.16846         1625.97754    
  0.939991474         3155.27588         6121.20850         1626.43799    
  0.940991461         3157.79443         6129.25195         1626.89771    
  0.941991448         3160.31128         6137.29688         1627.35583    
  0.942991436         3162.82690         6145.34570         1627.81299    
  0.943991423         3165.34009         6153.39404         1628.26855    
  0.944991410         3167.85278         6161.44580         1628.72339    
  0.945991397         3170.36377         6169.50098         1629.17676    
  0.946991384         3172.87329         6177.55664         1629.62878    
  0.947991371         3175.38159         6185.61572         1630.07996    
  0.948991358         3177.88770         6193.67578         1630.52942    
  0.949991345         3180.39282         6201.73828         1630.97803    
  0.950991333         3182.89648         6209.80371         1631.42517    
  0.951991320         3185.39917         6217.87158         1631.87158    
  0.952991307         3187.89966         6225.93994         1632.31641    
  0.953991294         3190.39868         6234.01123         1632.75989    
  0.954991281         3192.89648         6242.08496         1633.20227    
  0.955991268         3195.39233         6250.15967         1633.64355    
  0.956991255         3197.88721         6258.23730         1634.08362    
  0.957991242         3200.38135         6266.31836         1634.52271    
  0.958991230         3202.87280         6274.39941         1634.96008    
  0.959991217         3205.36328         6282.48340         1635.39673    
  0.960991204         3207.85229         6290.57031         1635.83215    
  0.961991191         3210.34009         6298.65869         1636.26636    
  0.962991178         3212.82642         6306.74951         1636.69922    
  0.963991165         3215.31055         6314.84180         1637.13074    
  0.964991152         3217.79419         6322.93701         1637.56177    
  0.965991139         3220.27612         6331.03418         1637.99109    
  0.966991127         3222.75586         6339.13281         1638.41907    
  0.967991114         3225.23511         6347.23340         1638.84631    
  0.968991101         3227.71216         6355.33643         1639.27222    
  0.969991088         3230.18848         6363.44238         1639.69690    
  0.970991075         3232.66309         6371.55029         1640.12061    
  0.971991062         3235.13599         6379.65918         1640.54297    
  0.972991049         3237.60718         6387.76953         1640.96387    
  0.973991036         3240.07764         6395.88428         1641.38428    
  0.974991024         3242.54639         6404.00049         1641.80310    
  0.975991011         3245.01416         6412.11865         1642.22107    
  0.976990998         3247.48022         6420.23877         1642.63794    
  0.977990985         3249.94434         6428.36133         1643.05322    
  0.978990972         3252.40747         6436.48584         1643.46753    
  0.979990959         3254.86890         6444.61133         1643.88074    
  0.980990946         3257.32935         6452.73926         1644.29297    
  0.981990933         3259.78784         6460.86963         1644.70361    
  0.982990921         3262.24512         6469.00244         1645.11340    
  0.983990908         3264.70093         6477.13721         1645.52209    
  0.984990895         3267.15503         6485.27344         1645.92957    
  0.985990882         3269.60815         6493.41260         1646.33594    
  0.986990869         3272.06006         6501.55371         1646.74121    
  0.987990856         3274.50977         6509.69531         1647.14526    
  0.988990843         3276.95923         6517.84131         1647.54871    
  0.989990830         3279.40625         6525.98779         1647.95044    
  0.990990818         3281.85229         6534.13818         1648.35132    
  0.991990805         3284.29639         6542.28809         1648.75073    
  0.992990792         3286.73926         6550.44092         1649.14929    
  0.993990779         3289.18115         6558.59668         1649.54675    
  0.994990766         3291.62109         6566.75391         1649.94312    
  0.995990753         3294.06006         6574.91357         1650.33826    
  0.996990740         3296.49756         6583.07520         1650.73254    
  0.997990727         3298.93311         6591.23779         1651.12537    
  0.998990715         3301.36768         6599.40381         1651.51721    
  0.999990702         3303.80103         6607.57178         1651.90833    
   1.00099075         3306.23291         6615.74219         1652.29773    
   1.00199080         3308.66333         6623.91406         1652.68652    
   1.00299084         3311.09253         6632.08740         1653.07422    
   1.00399089         3313.51978         6640.26367         1653.46057    
   1.00499094         3315.94580         6648.44141         1653.84558    
   1.00599098         3318.37109         6656.62305         1654.23035    
   1.00699103         3320.79468         6664.80469         1654.61365    
   1.00799108         3323.21631         6672.98828         1654.99561    
   1.00899112         3325.63696         6681.17529         1655.37646    
   1.00999117         3328.05615         6689.36377         1655.75659    
   1.01099122         3330.47388         6697.55322         1656.13550    
   1.01199126         3332.89062         6705.74707         1656.51355    
   1.01299131         3335.30566         6713.94092         1656.89014    
   1.01399136         3337.71875         6722.13721         1657.26562    
   1.01499140         3340.13110         6730.33545         1657.64038    
   1.01599145         3342.54224         6738.53662         1658.01404    
   1.01699150         3344.95117         6746.73828         1658.38635    
   1.01799154         3347.35913         6754.94238         1658.75769    
   1.01899159         3349.76587         6763.14844         1659.12830    
   1.01999164         3352.17114         6771.35791         1659.49756    
   1.02099168         3354.57495         6779.56836         1659.86572    
   1.02199173         3356.97778         6787.78076         1660.23303    
   1.02299178         3359.37842         6795.99414         1660.59912    
   1.02399182         3361.77808         6804.21094         1660.96423    
   1.02499187         3364.17651         6812.43115         1661.32837    
   1.02599192         3366.57373         6820.65088         1661.69165    
   1.02699196         3368.96899         6828.87256         1662.05347    
   1.02799201         3371.36279         6837.09668         1662.41418    
   1.02899206         3373.75562         6845.32324         1662.77405    
   1.02999210         3376.14673         6853.55127         1663.13293    
   1.03099215         3378.53662         6861.78125         1663.49072    
   1.03199220         3380.92578         6870.01465         1663.84790    
   1.03299224         3383.31226         6878.24805         1664.20312    
   1.03399229         3385.69897         6886.48535         1664.55847    
   1.03499234         3388.08325         6894.72314         1664.91211    
   1.03599238         3390.46631         6902.96338         1665.26465    
   1.03699243         3392.84766         6911.20557         1665.61609    
   1.03799248         3395.22803         6919.44971         1665.96704    
   1.03899252         3397.60693         6927.69482         1666.31665    
   1.03999257         3399.98462         6935.94385         1666.66516    
   1.04099262         3402.36060         6944.19287         1667.01257    
   1.04199266         3404.73535         6952.44434         1667.35925    
   1.04299271         3407.10938         6960.69922         1667.70532    
   1.04399276         3409.48169         6968.95557         1668.04968    
   1.04499280         3411.85229         6977.21338         1668.39319    
   1.04599285         3414.22168         6985.47266         1668.73584    
   1.04699290         3416.58960         6993.73389         1669.07751    
   1.04799294         3418.95654         7001.99854         1669.41797    
   1.04899299         3421.32153         7010.26416         1669.75745    
   1.04999304         3423.68555         7018.53174         1670.09619    
   1.05099308         3426.04785         7026.79932         1670.43372    
   1.05199313         3428.40918         7035.07178         1670.77026    
   1.05299318         3430.76855         7043.34521         1671.10559    
   1.05399323         3433.12695         7051.61963         1671.44031    
   1.05499327         3435.48438         7059.89697         1671.77417    
   1.05599332         3437.84033         7068.17676         1672.10693    
   1.05699337         3440.19458         7076.45801         1672.43823    
   1.05799341         3442.54761         7084.74023         1672.76892    
   1.05899346         3444.89941         7093.02490         1673.09888    
   1.05999351         3447.24951         7101.31201         1673.42749    
   1.06099355         3449.59888         7109.60156         1673.75513    
   1.06199360         3451.94653         7117.89160         1674.08203    
   1.06299365         3454.29297         7126.18359         1674.40796    
   1.06399369         3456.63770         7134.47803         1674.73279    
   1.06499374         3458.98145         7142.77490         1675.05652    
   1.06599379         3461.32373         7151.07373         1675.37952    
   1.06699383         3463.66455         7159.37256         1675.70154    
   1.06799388         3466.00415         7167.67529         1676.02258    
   1.06899393         3468.34253         7175.97998         1676.34229    
   1.06999397         3470.67920         7184.28467         1676.66150    
   1.07099402         3473.01489         7192.59277         1676.97986    
   1.07199407         3475.34937         7200.90381         1677.29700    
   1.07299411         3477.68213         7209.21484         1677.61316    
   1.07399416         3480.01343         7217.52783         1677.92822    
   1.07499421         3482.34326         7225.84180         1678.24255    
   1.07599425         3484.67285         7234.16016         1678.55615    
   1.07699430         3487.00000         7242.47949         1678.86829    
   1.07799435         3489.32642         7250.80029         1679.17981    
   1.07899439         3491.65063         7259.12207         1679.49023    
   1.07999444         3493.97461         7267.44775         1679.79993    
   1.08099449         3496.29688         7275.77490         1680.10864    
   1.08199453         3498.61792         7284.10303         1680.41638    
   1.08299458         3500.93701         7292.43262         1680.72314    
   1.08399463         3503.25537         7300.76562         1681.02893    
   1.08499467         3505.57202         7309.09912         1681.33374    
   1.08599472         3507.88770         7317.43506         1681.63794    
   1.08699477         3510.20190         7325.77344         1681.94104    
   1.08799481         3512.51514         7334.11328         1682.24329    
   1.08899486         3514.82642         7342.45459         1682.54419    
   1.08999491         3517.13696         7350.79834         1682.84485    
   1.09099495         3519.44580         7359.14307         1683.14404    
   1.09199500         3521.75366         7367.49121         1683.44263    
   1.09299505         3524.05981         7375.84033         1683.74011    
   1.09399509         3526.36499         7384.19092         1684.03699    
   1.09499514         3528.66846         7392.54297         1684.33252    
   1.09599519         3530.97070         7400.89746         1684.62732    
   1.09699523         3533.27222         7409.25488         1684.92126    
   1.09799528         3535.57202         7417.61328         1685.21460    
   1.09899533         3537.87012         7425.97266         1685.50659    
   1.09999537         3540.16724         7434.33447         1685.79761    
   1.10099542         3542.46289         7442.69922         1686.08777    
   1.10199547         3544.75732         7451.06396         1686.37732    
   1.10299551         3547.05054         7459.43115         1686.66589    
   1.10399556         3549.34253         7467.80029         1686.95337    
   1.10499561         3551.63354         7476.17334         1687.24023    
   1.10599566         3553.92236         7484.54492         1687.52600    
   1.10699570         3556.21021         7492.91895         1687.81104    
   1.10799575         3558.49707         7501.29639         1688.09497    
   1.10899580         3560.78223         7509.67480         1688.37793    
   1.10999584         3563.06641         7518.05518         1688.66052    
   1.11099589         3565.34912         7526.43652         1688.94189    
   1.11199594         3567.63062         7534.82031         1689.22217    
   1.11299598         3569.91113         7543.20801         1689.50195    
   1.11399603         3572.18921         7551.59473         1689.78052    
   1.11499608         3574.46729         7559.98389         1690.05872    
   1.11599612         3576.74365         7568.37598         1690.33557    
   1.11699617         3579.01880         7576.76855         1690.61169    
   1.11799622         3581.29297         7585.16406         1690.88733    
   1.11899626         3583.56494         7593.56055         1691.16162    
   1.11999631         3585.83569         7601.95801         1691.43494    
   1.12099636         3588.10522         7610.35791         1691.70728    
   1.12199640         3590.37378         7618.75977         1691.97913    
   1.12299645         3592.64160         7627.16504         1692.25049    
   1.12399650         3594.90747         7635.57031         1692.52051    
   1.12499654         3597.17188         7643.97754         1692.78943    
   1.12599659         3599.43530         7652.38770         1693.05786    
   1.12699664         3601.69800         7660.79932         1693.32581    
   1.12799668         3603.95850         7669.21143         1693.59216    
   1.12899673         3606.21802         7677.62695         1693.85779    
   1.12999678         3608.47583         7686.04199         1694.12268    
   1.13099682         3610.73315         7694.46094         1694.38696    
   1.13199687         3612.98853         7702.88037         1694.65015    
   1.13299692         3615.24292         7711.30273         1694.91223    
   1.13399696         3617.49634         7719.72656         1695.17407    
   1.13499701         3619.74829         7728.15088         1695.43494    
   1.13599706         3621.99878         7736.57861         1695.69458    
   1.13699710         3624.24805         7745.00781         1695.95349    
   1.13799715         3626.49609         7753.43848         1696.21179    
   1.13899720         3628.74268         7761.86963         1696.46912    
   1.13999724         3630.98828         7770.30518         1696.72571    
   1.14099729         3633.23242         7778.74121         1696.98132    
   1.14199734         3635.47534         7787.17871         1697.23621    
   1.14299738         3637.71704         7795.61768         1697.49023    
   1.14399743         3639.95776         7804.06006         1697.74353    
   1.14499748         3642.19653         7812.50244         1697.99573    
   1.14599752         3644.43408         7820.94727         1698.24707    
   1.14699757         3646.67114         7829.39355         1698.49817    
   1.14799762         3648.90601         7837.84180         1698.74768    
   1.14899766         3651.13989         7846.29199         1698.99670    
   1.14999771         3653.37354         7854.74463         1699.24524    
   1.15099776         3655.60474         7863.19727         1699.49255    
   1.15199780         3657.83521         7871.65381         1699.73926    
   1.15299785         3660.06421         7880.11084         1699.98511    
   1.15399790         3662.29224         7888.56982         1700.23022    
   1.15499794         3664.51855         7897.02930         1700.47424    
   1.15599799         3666.74341         7905.49121         1700.71753    
   1.15699804         3668.96753         7913.95605         1700.96008    
   1.15799809         3671.19067         7922.42236         1701.20203    
   1.15899813         3673.41187         7930.88818         1701.44287    
   1.15999818         3675.63257         7939.35986         1701.68311    
   1.16099823         3677.85132         7947.83057         1701.92236    
   1.16199827         3680.06860         7956.30176         1702.16077    
   1.16299832         3682.28564         7964.77686         1702.39880    
   1.16399837         3684.50049         7973.25244         1702.63550    
   1.16499841         3686.71436         7981.73145         1702.87146    
   1.16599846         3688.92749         7990.21143         1703.10718    
   1.16699851         3691.13940         7998.69287         1703.34204    
   1.16799855         3693.34888         8007.17480         1703.57532    
   1.16899860         3695.55811         8015.66064         1703.80835    
   1.16999865         3697.76587         8024.14648         1704.04065    
   1.17099869         3699.97266         8032.63574         1704.27234    
   1.17199874         3702.17773         8041.12500         1704.50256    
   1.17299879         3704.38159         8049.61719         1704.73230    
   1.17399883         3706.58472         8058.11084         1704.96167    
   1.17499888         3708.78613         8066.60547         1705.19006    
   1.17599893         3710.98682         8075.10352         1705.41748    
   1.17699897         3713.18579         8083.60156         1705.64417    
   1.17799902         3715.38379         8092.10156         1705.87024    
   1.17899907         3717.57983         8100.60254         1706.09534    
   1.17999911         3719.77515         8109.10693         1706.31958    
   1.18099916         3721.96973         8117.61328         1706.54321    
   1.18199921         3724.16284         8126.11963         1706.76636    
   1.18299925         3726.35449         8134.62842         1706.98853    
   1.18399930         3728.54468         8143.13818         1707.20972    
   1.18499935         3730.73389         8151.65186         1707.43005    
   1.18599939         3732.92139         8160.16406         1707.64978    
   1.18699944         3735.10840         8168.67969         1707.86914    
   1.18799949         3737.29370         8177.19727         1708.08716    
   1.18899953         3739.47852         8185.71777         1708.30469    
   1.18999958         3741.66211         8194.23828         1708.52185    
   1.19099963         3743.84326         8202.75879         1708.73767    
   1.19199967         3746.02466         8211.28516         1708.95312    
   1.19299972         3748.20361         8219.80957         1709.16724    
   1.19399977         3750.38159         8228.33789         1709.38110    
   1.19499981         3752.55933         8236.86719         1709.59448    
   1.19599986         3754.73486         8245.39746         1709.80652    
   1.19699991         3756.90942         8253.93066         1710.01782    
   1.19799995         3759.08252         8262.46387         1710.22864    
   1.19900000         3761.25488         8270.99902         1710.43884    
   1.20000005         3763.42578         8279.53711         1710.64819    
   1.20100009         3765.59546         8288.07715         1710.85657    
   1.20200014         3767.76392         8296.61719         1711.06421    
   1.20300019         3769.93115         8305.15918         1711.27148    
   1.20400023         3772.09741         8313.70312         1711.47778    
   1.20500028         3774.26172         8322.24805         1711.68298    
   1.20600033         3776.42554         8330.79688         1711.88794    
   1.20700037         3778.58838         8339.34570         1712.09241    
   1.20800042         3780.74951         8347.89746         1712.29565    
   1.20900047         3782.90942         8356.44824         1712.49817    
   1.21000051         3785.06836         8365.00195         1712.70007    
   1.21100056         3787.22583         8373.55762         1712.90137    
   1.21200061         3789.38257         8382.11621         1713.10193    
   1.21300066         3791.53760         8390.67480         1713.30151    
   1.21400070         3793.69141         8399.23535         1713.50073    
   1.21500075         3795.84424         8407.79688         1713.69885    
   1.21600080         3797.99609         8416.36230         1713.89648    
   1.21700084         3800.14697         8424.92871         1714.09351    
   1.21800089         3802.29565         8433.49512         1714.28955    
   1.21900094         3804.44336         8442.06250         1714.48474    
   1.22000098         3806.59009         8450.63379         1714.67944    
   1.22100103         3808.73560         8459.20605         1714.87341    
   1.22200108         3810.87988         8467.77930         1715.06665    
   1.22300112         3813.02417         8476.35645         1715.25964    
   1.22400117         3815.16553         8484.93262         1715.45129    
   1.22500122         3817.30615         8493.51172         1715.64221    
   1.22600126         3819.44604         8502.09180         1715.83289    
   1.22700131         3821.58472         8510.67383         1716.02283    
   1.22800136         3823.72192         8519.25781         1716.21167    
   1.22900140         3825.85815         8527.84375         1716.39990    
   1.23000145         3827.99292         8536.42969         1716.58765    
   1.23100150         3830.12720         8545.01855         1716.77502    
   1.23200154         3832.25977         8553.60938         1716.96106    
   1.23300159         3834.39014         8562.20020         1717.14612    
   1.23400164         3836.52100         8570.79492         1717.33130    
   1.23500168         3838.64917         8579.38672         1717.51526    
   1.23600173         3840.77734         8587.98438         1717.69861    
   1.23700178         3842.90405         8596.58398         1717.88147    
   1.23800182         3845.02954         8605.18262         1718.06360    
   1.23900187         3847.15356         8613.78418         1718.24500    
   1.24000192         3849.27686         8622.38770         1718.42554    
   1.24100196         3851.39868         8630.99316         1718.60559    
   1.24200201         3853.51880         8639.59766         1718.78467    
   1.24300206         3855.63940         8648.20605         1718.96387    
   1.24400210         3857.75659         8656.81445         1719.14124    
   1.24500215         3859.87451         8665.42773         1719.31873    
   1.24600220         3861.99072         8674.03906         1719.49548    
   1.24700224         3864.10571         8682.65430         1719.67163    
   1.24800229         3866.21924         8691.26855         1719.84668    
   1.24900234         3868.33203         8699.88965         1720.02124    
   1.25000238         3870.44336         8708.50684         1720.19519    
   1.25100243         3872.55347         8717.12695         1720.36853    
   1.25200248         3874.66211         8725.74902         1720.54077    
   1.25300252         3876.77051         8734.37402         1720.71277    
   1.25400257         3878.87671         8742.99805         1720.88391    
   1.25500262         3880.98267         8751.62598         1721.05469    
   1.25600266         3883.08716         8760.25488         1721.22461    
   1.25700271         3885.19067         8768.88574         1721.39368    
   1.25800276         3887.29248         8777.51660         1721.56226    
   1.25900280         3889.39331         8786.14941         1721.73022    
   1.26000285         3891.49243         8794.78418         1721.89722    
   1.26100290         3893.59106         8803.42188         1722.06360    
   1.26200294         3895.68872         8812.05957         1722.22974    
   1.26300299         3897.78516         8820.69922         1722.39514    
   1.26400304         3899.88037         8829.34082         1722.55969    
   1.26500309         3901.97412         8837.98438         1722.72339    
   1.26600313         3904.06689         8846.62891         1722.88684    
   1.26700318         3906.15796         8855.27344         1723.04932    
   1.26800323         3908.24902         8863.92188         1723.21143    
   1.26900327         3910.33838         8872.57129         1723.37268    
   1.27000332         3912.42578         8881.21973         1723.53308    
   1.27100337         3914.51343         8889.87207         1723.69336    
   1.27200341         3916.59961         8898.52637         1723.85291    
   1.27300346         3918.68384         8907.18262         1724.01135    
   1.27400351         3920.76733         8915.83887         1724.16943    
   1.27500355         3922.84961         8924.49609         1724.32678    
   1.27600360         3924.93091         8933.15723         1724.48352    
   1.27700365         3927.01172         8941.81934         1724.64001    
   1.27800369         3929.09009         8950.48242         1724.79529    
   1.27900374         3931.16797         8959.14551         1724.95020    
   1.28000379         3933.24463         8967.81250         1725.10437    
   1.28100383         3935.32056         8976.48242         1725.25818    
   1.28200388         3937.39453         8985.15039         1725.41113    
   1.28300393         3939.46826         8993.82031         1725.56360    
   1.28400397         3941.54028         9002.49414         1725.71509    
   1.28500402         3943.61108         9011.16797         1725.86609    
   1.28600407         3945.68091         9019.84180         1726.01660    
   1.28700411         3947.75000         9028.52051         1726.16663    
   1.28800416         3949.81689         9037.19824         1726.31543    
   1.28900421         3951.88354         9045.87891         1726.46399    
   1.29000425         3953.94922         9054.55957         1726.61218    
   1.29100430         3956.01343         9063.24414         1726.75952    
   1.29200435         3958.07642         9071.92773         1726.90613    
   1.29300439         3960.13794         9080.61426         1727.05200    
   1.29400444         3962.19946         9089.30273         1727.19788    
   1.29500449         3964.25903         9097.99121         1727.34277    
   1.29600453         3966.31738         9106.68262         1727.48669    
   1.29700458         3968.37451         9115.37500         1727.63013    
   1.29800463         3970.43115         9124.06934         1727.77344    
   1.29900467         3972.48608         9132.76465         1727.91577    
   1.30000472         3974.53979         9141.46094         1728.05713    
   1.30100477         3976.59375         9150.16113         1728.19873    
   1.30200481         3978.64502         9158.85938         1728.33923    
   1.30300486         3980.69604         9167.56152         1728.47937    
   1.30400491         3982.74561         9176.26562         1728.61841    
   1.30500495         3984.79370         9184.97070         1728.75708    
   1.30600500         3986.84155         9193.67676         1728.89539    
   1.30700505         3988.88745         9202.38281         1729.03296    
   1.30800509         3990.93262         9211.09277         1729.16968    
   1.30900514         3992.97681         9219.80469         1729.30603    
   1.31000519         3995.01953         9228.51562         1729.44189    
   1.31100523         3997.06128         9237.22949         1729.57703    
   1.31200528         3999.10181         9245.94434         1729.71143    
   1.31300533         4001.14111         9254.66113         1729.84497    
   1.31400537         4003.17944         9263.37988         1729.97839    
   1.31500542         4005.21704         9272.09863         1730.11133    
   1.31600547         4007.25317         9280.81934         1730.24341    
   1.31700552         4009.28784         9289.54297         1730.37463    
   1.31800556         4011.32178         9298.26660         1730.50574    
   1.31900561         4013.35498         9306.99219         1730.63623    
   1.32000566         4015.38672         9315.72070         1730.76587    
   1.32100570         4017.41748         9324.44922         1730.89490    
   1.32200575         4019.44678         9333.17871         1731.02368    
   1.32300580         4021.47534         9341.91016         1731.15186    
   1.32400584         4023.50220         9350.64160         1731.27893    
   1.32500589         4025.52905         9359.37891         1731.40576    
   1.32600594         4027.55347         9368.11426         1731.53186    
   1.32700598         4029.57764         9376.85156         1731.65771    
   1.32800603         4031.60034         9385.58984         1731.78271    
   1.32900608         4033.62231         9394.33105         1731.90710    
   1.33000612         4035.64331         9403.07422         1732.03113    
   1.33100617         4037.66260         9411.81641         1732.15442    
   1.33200622         4039.68115         9420.56055         1732.27722    
   1.33300626         4041.69873         9429.30859         1732.39941    
   1.33400631         4043.71484         9438.05664         1732.52087    
   1.33500636         4045.72998         9446.80566         1732.64197    
   1.33600640         4047.74414         9455.55762         1732.76245    
   1.33700645         4049.75708         9464.30957         1732.88232    
   1.33800650         4051.76929         9473.06348         1733.00159    
   1.33900654         4053.78027         9481.81836         1733.12061    
   1.34000659         4055.78979         9490.57520         1733.23865    
   1.34100664         4057.79858         9499.33496         1733.35632    
   1.34200668         4059.80615         9508.09375         1733.47351    
   1.34300673         4061.81250         9516.85352         1733.58984    
   1.34400678         4063.81885         9525.61914         1733.70605    
   1.34500682         4065.82227         9534.38086         1733.82104    
   1.34600687         4067.82593         9543.14746         1733.93616    
   1.34700692         4069.82812         9551.91406         1734.05042    
   1.34800696         4071.82861         9560.68262         1734.16370    
   1.34900701         4073.82910         9569.45312         1734.27698    
   1.35000706         4075.82812         9578.22461         1734.38977    
   1.35100710         4077.82593         9586.99707         1734.50171    
   1.35200715         4079.82275         9595.77246         1734.61328    
   1.35300720         4081.81787         9604.54688         1734.72388    
   1.35400724         4083.81250         9613.32520         1734.83435    
   1.35500729         4085.80664         9622.10352         1734.94458    
   1.35600734         4087.79858         9630.88379         1735.05347    
   1.35700738         4089.79028         9639.66504         1735.16211    
   1.35800743         4091.78027         9648.44922         1735.27039    
   1.35900748         4093.76953         9657.23242         1735.37817    
   1.36000752         4095.75806         9666.01953         1735.48511    
   1.36100757         4097.74463         9674.80664         1735.59143    
   1.36200762         4099.73047         9683.59473         1735.69739    
   1.36300766         4101.71631         9692.38477         1735.80322    
   1.36400771         4103.69971         9701.17676         1735.90784    
   1.36500776         4105.68213         9709.97168         1736.01208    
   1.36600780         4107.66406         9718.76562         1736.11609    
   1.36700785         4109.64502         9727.56152         1736.21960    
   1.36800790         4111.62402         9736.35840         1736.32190    
   1.36900795         4113.60254         9745.15820         1736.42407    
   1.37000799         4115.58057         9753.95898         1736.52600    
   1.37100804         4117.55664         9762.75977         1736.62720    
   1.37200809         4119.53223         9771.56348         1736.72766    
   1.37300813         4121.50586         9780.36719         1736.82739    
   1.37400818         4123.47949         9789.17383         1736.92725    
   1.37500823         4125.45117         9797.98047         1737.02625    
   1.37600827         4127.42236         9806.78906         1737.12463    
   1.37700832         4129.39307         9815.60156         1737.22253    
   1.37800837         4131.36133         9824.41113         1737.31982    
   1.37900841         4133.32959         9833.22461         1737.41699    
   1.38000846         4135.29590         9842.03906         1737.51318    
   1.38100851         4137.26221         9850.85645         1737.60901    
   1.38200855         4139.22656         9859.67383         1737.70435    
   1.38300860         4141.18994         9868.49219         1737.79919    
   1.38400865         4143.15283         9877.31152         1737.89331    
   1.38500869         4145.11475         9886.13477         1737.98706    
   1.38600874         4147.07520         9894.95703         1738.08032    
   1.38700879         4149.03467         9903.78320         1738.17334    
   1.38800883         4150.99316         9912.60938         1738.26550    
   1.38900888         4152.95020         9921.43359         1738.35669    
   1.39000893         4154.90674         9930.26367         1738.44812    
   1.39100897         4156.86182         9939.09277         1738.53882    
   1.39200902         4158.81592         9947.92480         1738.62891    
   1.39300907         4160.76904         9956.75879         1738.71838    
   1.39400911         4162.72119         9965.59180         1738.80750    
   1.39500916         4164.67188         9974.42773         1738.89612    
   1.39600921         4166.62256         9983.26562         1738.98425    
   1.39700925         4168.57129         9992.10449         1739.07190    
   1.39800930         4170.51953         10000.9434         1739.15906    
   1.39900935         4172.46631         10009.7852         1739.24548    
   1.40000939         4174.41162         10018.6270         1739.33142    
   1.40100944         4176.35693         10027.4736         1739.41724    
   1.40200949         4178.30078         10036.3184         1739.50220    
   1.40300953         4180.24316         10045.1641         1739.58667    
   1.40400958         4182.18506         10054.0127         1739.67065    
   1.40500963         4184.12549         10062.8623         1739.75415    
   1.40600967         4186.06543         10071.7139         1739.83728    
   1.40700972         4188.00439         10080.5664         1739.92004    
   1.40800977         4189.94141         10089.4199         1740.00183    
   1.40900981         4191.87793         10098.2764         1740.08337    
   1.41000986         4193.81396         10107.1328         1740.16467    
   1.41100991         4195.74756         10115.9893         1740.24500    
   1.41200995         4197.68115         10124.8496         1740.32495    
   1.41301000         4199.61377         10133.7109         1740.40454    
   1.41401005         4201.54492         10142.5723         1740.48376    
   1.41501009         4203.47607         10151.4355         1740.56250    
   1.41601014         4205.40479         10160.3008         1740.64038    
   1.41701019         4207.33301         10169.1670         1740.71790    
   1.41801023         4209.26025         10178.0342         1740.79517    
   1.41901028         4211.18652         10186.9023         1740.87170    
   1.42001033         4213.11182         10195.7744         1740.94788    
   1.42101038         4215.03516         10204.6445         1741.02319    
   1.42201042         4216.95898         10213.5186         1741.09863    
   1.42301047         4218.88135         10222.3926         1741.17346    
   1.42401052         4220.80176         10231.2676         1741.24731    
   1.42501056         4222.72217         10240.1465         1741.32117    
   1.42601061         4224.64160         10249.0254         1741.39453    
   1.42701066         4226.55957         10257.9033         1741.46729    
   1.42801070         4228.47705         10266.7871         1741.53967    
   1.42901075         4230.39258         10275.6689         1741.61108    
   1.43001080         4232.30811         10284.5537         1741.68286    
   1.43101084         4234.22168         10293.4395         1741.75378    
   1.43201089         4236.13477         10302.3262         1741.82385    
   1.43301094         4238.04639         10311.2139         1741.89355    
   1.43401098         4239.95703         10320.1025         1741.96301    
   1.43501103         4241.86719         10328.9932         1742.03223    
   1.43601108         4243.77637         10337.8867         1742.10046    
   1.43701112         4245.68408         10346.7793         1742.16833    
   1.43801117         4247.59131         10355.6738         1742.23608    
   1.43901122         4249.49707         10364.5703         1742.30322    
   1.44001126         4251.40186         10373.4688         1742.36975    
   1.44101131         4253.30566         10382.3691         1742.43579    
   1.44201136         4255.20850         10391.2666         1742.50146    
   1.44301140         4257.11035         10400.1680         1742.56677    
   1.44401145         4259.01074         10409.0703         1742.63135    
   1.44501150         4260.91113         10417.9766         1742.69568    
   1.44601154         4262.81006         10426.8809         1742.75952    
   1.44701159         4264.70703         10435.7871         1742.82275    
   1.44801164         4266.60449         10444.6973         1742.88574    
   1.44901168         4268.50049         10453.6094         1742.94800    
   1.45001173         4270.39502         10462.5176         1743.01001    
   1.45101178         4272.28906         10471.4307         1743.07178    
   1.45201182         4274.18164         10480.3447         1743.13257    
   1.45301187         4276.07373         10489.2598         1743.19312    
   1.45401192         4277.96436         10498.1748         1743.25317    
   1.45501196         4279.85400         10507.0918         1743.31299    
   1.45601201         4281.74268         10516.0127         1743.37219    
   1.45701206         4283.63086         10524.9326         1743.43091    
   1.45801210         4285.51807         10533.8545         1743.48926    
   1.45901215         4287.40332         10542.7764         1743.54700    
   1.46001220         4289.28906         10551.7031         1743.60474    
   1.46101224         4291.17188         10560.6279         1743.66125    
   1.46201229         4293.05469         10569.5537         1743.71790    
   1.46301234         4294.93652         10578.4814         1743.77393    
   1.46401238         4296.81738         10587.4111         1743.82947    
   1.46501243         4298.69727         10596.3428         1743.88464    
   1.46601248         4300.57666         10605.2764         1743.93958    
   1.46701252         4302.45410         10614.2070         1743.99365    
   1.46801257         4304.33105         10623.1436         1744.04749    
   1.46901262         4306.20752         10632.0811         1744.10107    
   1.47001266         4308.08154         10641.0166         1744.15381    
   1.47101271         4309.95605         10649.9561         1744.20642    
   1.47201276         4311.82812         10658.8936         1744.25806    
   1.47301280         4313.70068         10667.8379         1744.30969    
   1.47401285         4315.57178         10676.7803         1744.36121    
   1.47501290         4317.44189         10685.7236         1744.41199    
   1.47601295         4319.31104         10694.6699         1744.46228    
   1.47701299         4321.17871         10703.6162         1744.51184    
   1.47801304         4323.04492         10712.5615         1744.56116    
   1.47901309         4324.91211         10721.5137         1744.61047    
   1.48001313         4326.77734         10730.4639         1744.65894    
   1.48101318         4328.64209         10739.4189         1744.70728    
   1.48201323         4330.50537         10748.3711         1744.75525    
   1.48301327         4332.36719         10757.3242         1744.80237    
   1.48401332         4334.22852         10766.2812         1744.84912    
   1.48501337         4336.08740         10775.2363         1744.89502    
   1.48601341         4337.94775         10784.1963         1744.94141    
   1.48701346         4339.80615         10793.1562         1744.98718    
   1.48801351         4341.66309         10802.1162         1745.03186    
   1.48901355         4343.51904         10811.0791         1745.07642    
   1.49001360         4345.37451         10820.0430         1745.12085    
   1.49101365         4347.22852         10829.0049         1745.16467    
   1.49201369         4349.08203         10837.9727         1745.20789    
   1.49301374         4350.93555         10846.9424         1745.25134    
   1.49401379         4352.78662         10855.9102         1745.29370    
   1.49501383         4354.63818         10864.8809         1745.33630    
   1.49601388         4356.48682         10873.8516         1745.37744    
   1.49701393         4358.33545         10882.8252         1745.41882    
   1.49801397         4360.18311         10891.7979         1745.45984    
   1.49901402         4362.02930         10900.7725         1745.50037    
   1.50001407         4363.87549         10909.7500         1745.54028    
   1.50101411         4365.71973         10918.7275         1745.57971    
   1.50201416         4367.56348         10927.7051         1745.61902    
   1.50301421         4369.40625         10936.6855         1745.65796    
   1.50401425         4371.24805         10945.6680         1745.69629    
   1.50501430         4373.08887         10954.6514         1745.73401    
   1.50601435         4374.92871         10963.6338         1745.77161    
   1.50701439         4376.76807         10972.6211         1745.80908    
   1.50801444         4378.60645         10981.6084         1745.84583    
   1.50901449         4380.44336         10990.5967         1745.88196    
   1.51001453         4382.27930         10999.5850         1745.91797    
   1.51101458         4384.11426         11008.5732         1745.95337    
   1.51201463         4385.94873         11017.5674         1745.98853    
   1.51301467         4387.78174         11026.5605         1746.02295    
   1.51401472         4389.61426         11035.5547         1746.05750    
   1.51501477         4391.44531         11044.5488         1746.09143    
   1.51601481         4393.27588         11053.5469         1746.12488    
   1.51701486         4395.10547         11062.5459         1746.15771    
   1.51801491         4396.93359         11071.5439         1746.19043    
   1.51901495         4398.76123         11080.5449         1746.22278    
   1.52001500         4400.58740         11089.5459         1746.25452    
   1.52101505         4402.41309         11098.5498         1746.28577    
   1.52201509         4404.23779         11107.5537         1746.31702    
   1.52301514         4406.06152         11116.5596         1746.34778    
   1.52401519         4407.88379         11125.5664         1746.37781    
   1.52501523         4409.70557         11134.5742         1746.40759    
   1.52601528         4411.52686         11143.5840         1746.43701    
   1.52701533         4413.34668         11152.5947         1746.46631    
   1.52801538         4415.16602         11161.6084         1746.49500    
   1.52901542         4416.98389         11170.6201         1746.52307    
   1.53001547         4418.80078         11179.6348         1746.55090    
   1.53101552         4420.61719         11188.6494         1746.57837    
   1.53201556         4422.43262         11197.6670         1746.60559    
   1.53301561         4424.24707         11206.6865         1746.63232    
   1.53401566         4426.06006         11215.7061         1746.65857    
   1.53501570         4427.87256         11224.7256         1746.68457    
   1.53601575         4429.68457         11233.7480         1746.71008    
   1.53701580         4431.49463         11242.7715         1746.73511    
   1.53801584         4433.30469         11251.7979         1746.76025    
   1.53901589         4435.11279         11260.8213         1746.78430    
   1.54001594         4436.91992         11269.8486         1746.80798    
   1.54101598         4438.72705         11278.8789         1746.83167    
   1.54201603         4440.53369         11287.9082         1746.85522    
   1.54301608         4442.33887         11296.9395         1746.87805    
   1.54401612         4444.14307         11305.9707         1746.90039    
   1.54501617         4445.94482         11315.0020         1746.92188    
   1.54601622         4447.74805         11324.0391         1746.94421    
   1.54701626         4449.54785         11333.0703         1746.96484    
   1.54801631         4451.34912         11342.1094         1746.98608    
   1.54901636         4453.14844         11351.1504         1747.00659    
   1.55001640         4454.94678         11360.1875         1747.02673    
   1.55101645         4456.74414         11369.2266         1747.04663    
   1.55201650         4458.54053         11378.2686         1747.06567    
   1.55301654         4460.33594         11387.3125         1747.08459    
   1.55401659         4462.13184         11396.3584         1747.10364    
   1.55501664         4463.92529         11405.4033         1747.12195    
   1.55601668         4465.71729         11414.4482         1747.13928    
   1.55701673         4467.51025         11423.4990         1747.15710    
   1.55801678         4469.30029         11432.5449         1747.17407    
   1.55901682         4471.09082         11441.5957         1747.19092    
   1.56001687         4472.88037         11450.6484         1747.20728    
   1.56101692         4474.66895         11459.7031         1747.22327    
   1.56201696         4476.45605         11468.7559         1747.23914    
   1.56301701         4478.24219         11477.8115         1747.25439    
   1.56401706         4480.02783         11486.8672         1747.26904    
   1.56501710         4481.81152         11495.9238         1747.28320    
   1.56601715         4483.59570         11504.9824         1747.29761    
   1.56701720         4485.37793         11514.0430         1747.31140    
   1.56801724         4487.16064         11523.1055         1747.32507    
   1.56901729         4488.94092         11532.1670         1747.33765    
   1.57001734         4490.72119         11541.2314         1747.35046    
   1.57101738         4492.50049         11550.2969         1747.36304    
   1.57201743         4494.27832         11559.3613         1747.37476    
   1.57301748         4496.05518         11568.4297         1747.38611    
   1.57401752         4497.83252         11577.5000         1747.39783    
   1.57501757         4499.60742         11586.5674         1747.40857    
   1.57601762         4501.38232         11595.6396         1747.41907    
   1.57701766         4503.15576         11604.7129         1747.42908    
   1.57801771         4504.92920         11613.7861         1747.43909    
   1.57901776         4506.70020         11622.8594         1747.44836    
   1.58001781         4508.47217         11631.9385         1747.45789    
   1.58101785         4510.24121         11641.0137         1747.46594    
   1.58201790         4512.01074         11650.0928         1747.47461    
   1.58301795         4513.77881         11659.1719         1747.48254    
   1.58401799         4515.54492         11668.2500         1747.48987    
   1.58501804         4517.31152         11677.3320         1747.49707    
   1.58601809         4519.07812         11686.4180         1747.50439    
   1.58701813         4520.84180         11695.5000         1747.51074    
   1.58801818         4522.60645         11704.5869         1747.51721    
   1.58901823         4524.36816         11713.6729         1747.52271    
   1.59001827         4526.13037         11722.7607         1747.52832    
   1.59101832         4527.89111         11731.8486         1747.53345    
   1.59201837         4529.65088         11740.9395         1747.53809    
   1.59301841         4531.41064         11750.0332         1747.54285    
   1.59401846         4533.16943         11759.1240         1747.54700    
   1.59501851         4534.92578         11768.2158         1747.55054    
   1.59601855         4536.68262         11777.3125         1747.55396    
   1.59701860         4538.43848         11786.4102         1747.55713    
   1.59801865         4540.19336         11795.5068         1747.56006    
   1.59901869         4541.94629         11804.6025         1747.56213    
   1.60001874         4543.70068         11813.7061         1747.56445    
   1.60101879         4545.45166         11822.8066         1747.56592    
   1.60201883         4547.20361         11831.9102         1747.56763    
   1.60301888         4548.95312         11841.0107         1747.56824    
   1.60401893         4550.70264         11850.1162         1747.56897    
   1.60501897         4552.45117         11859.2227         1747.56934    
   1.60601902         4554.19922         11868.3281         1747.56946    
   1.60701907         4555.94580         11877.4375         1747.56909    
   1.60801911         4557.69141         11886.5469         1747.56824    
   1.60901916         4559.43604         11895.6572         1747.56714    
   1.61001921         4561.17969         11904.7676         1747.56567    
   1.61101925         4562.92285         11913.8789         1747.56396    
   1.61201930         4564.66553         11922.9951         1747.56189    
   1.61301935         4566.40723         11932.1104         1747.55957    
   1.61401939         4568.14795         11941.2266         1747.55701    
   1.61501944         4569.88721         11950.3418         1747.55396    
   1.61601949         4571.62598         11959.4629         1747.55042    
   1.61701953         4573.36377         11968.5830         1747.54663    
   1.61801958         4575.10059         11977.7031         1747.54248    
   1.61901963         4576.83691         11986.8262         1747.53845    
   1.62001967         4578.57178         11995.9482         1747.53333    
   1.62101972         4580.30615         12005.0732         1747.52820    
   1.62201977         4582.03906         12014.1982         1747.52283    
   1.62301981         4583.77100         12023.3223         1747.51685    
   1.62401986         4585.50342         12032.4521         1747.51099    
   1.62501991         4587.23486         12041.5820         1747.50464    
   1.62601995         4588.96484         12050.7129         1747.49805    
   1.62702000         4590.69238         12059.8398         1747.49060    
   1.62802005         4592.42139         12068.9746         1747.48340    
   1.62902009         4594.14893         12078.1104         1747.47571    
   1.63002014         4595.87549         12087.2451         1747.46777    
   1.63102019         4597.60107         12096.3799         1747.45947    
   1.63202024         4599.32568         12105.5186         1747.45093    
   1.63302028         4601.04932         12114.6572         1747.44165    
   1.63402033         4602.77148         12123.7939         1747.43201    
   1.63502038         4604.49414         12132.9346         1747.42273    
   1.63602042         4606.21533         12142.0771         1747.41260    
   1.63702047         4607.93506         12151.2197         1747.40198    
   1.63802052         4609.65479         12160.3652         1747.39160    
   1.63902056         4611.37354         12169.5088         1747.38086    
   1.64002061         4613.09131         12178.6572         1747.36951    
   1.64102066         4614.80859         12187.8047         1747.35779    
   1.64202070         4616.52393         12196.9521         1747.34595    
   1.64302075         4618.23975         12206.1035         1747.33398    
   1.64402080         4619.95312         12215.2529         1747.32104    
   1.64502084         4621.66699         12224.4062         1747.30823    
   1.64602089         4623.37988         12233.5605         1747.29529    
   1.64702094         4625.09131         12242.7119         1747.28174    
   1.64802098         4626.80225         12251.8701         1747.26794    
   1.64902103         4628.51270         12261.0273         1747.25378    
   1.65002108         4630.22119         12270.1836         1747.23938    
   1.65102112         4631.92920         12279.3408         1747.22449    
   1.65202117         4633.63623         12288.5010         1747.20935    
   1.65302122         4635.34375         12297.6650         1747.19434    
   1.65402126         4637.04980         12306.8281         1747.17883    
   1.65502131         4638.75342         12315.9883         1747.16248    
   1.65602136         4640.45801         12325.1562         1747.14636    
   1.65702140         4642.16113         12334.3223         1747.12976    
   1.65802145         4643.86328         12343.4883         1747.11279    
   1.65902150         4645.56445         12352.6533         1747.09546    
   1.66002154         4647.26562         12361.8281         1747.07825    
   1.66102159         4648.96533         12370.9971         1747.06030    
   1.66202164         4650.66406         12380.1680         1747.04199    
   1.66302168         4652.36182         12389.3398         1747.02380    
   1.66402173         4654.05908         12398.5156         1747.00488    
   1.66502178         4655.75488         12407.6895         1746.98560    
   1.66602182         4657.45068         12416.8652         1746.96643    
   1.66702187         4659.14502         12426.0410         1746.94678    
   1.66802192         4660.83838         12435.2188         1746.92651    
   1.66902196         4662.53174         12444.3994         1746.90637    
   1.67002201         4664.22412         12453.5811         1746.88611    
   1.67102206         4665.91455         12462.7607         1746.86499    
   1.67202210         4667.60547         12471.9443         1746.84387    
   1.67302215         4669.29443         12481.1270         1746.82202    
   1.67402220         4670.98340         12490.3135         1746.80066    
   1.67502224         4672.67139         12499.4990         1746.77856    
   1.67602229         4674.35742         12508.6846         1746.75586    
   1.67702234         4676.04395         12517.8740         1746.73315    
   1.67802238         4677.72949         12527.0635         1746.71045    
   1.67902243         4679.41406         12536.2539         1746.68726    
   1.68002248         4681.09717         12545.4463         1746.66345    
   1.68102252         4682.77930         12554.6377         1746.63928    
   1.68202257         4684.46191         12563.8330         1746.61548    
   1.68302262         4686.14258         12573.0264         1746.59082    
   1.68402267         4687.82324         12582.2236         1746.56616    
   1.68502271         4689.50244         12591.4219         1746.54102    
   1.68602276         4691.18164         12600.6201         1746.51599    
   1.68702281         4692.85938         12609.8193         1746.49048    
   1.68802285         4694.53662         12619.0215         1746.46448    
   1.68902290         4696.21191         12628.2227         1746.43799    
   1.69002295         4697.88721         12637.4238         1746.41150    
   1.69102299         4699.56104         12646.6270         1746.38477    
   1.69202304         4701.23535         12655.8340         1746.35767    
   1.69302309         4702.90771         12665.0391         1746.33008    
   1.69402313         4704.58057         12674.2480         1746.30286    
   1.69502318         4706.25098         12683.4551         1746.27478    
   1.69602323         4707.92090         12692.6641         1746.24646    
   1.69702327         4709.59082         12701.8770         1746.21790    
   1.69802332         4711.25977         12711.0889         1746.18945    
   1.69902337         4712.92725         12720.2998         1746.16028    
   1.70002341         4714.59326         12729.5127         1746.13062    
   1.70102346         4716.25977         12738.7295         1746.10095    
   1.70202351         4717.92529         12747.9453         1746.07117    
   1.70302355         4719.58984         12757.1611         1746.04102    
   1.70402360         4721.25293         12766.3799         1746.01038    
   1.70502365         4722.91699         12775.6025         1745.97974    
   1.70602369         4724.57812         12784.8213         1745.94849    
   1.70702374         4726.23975         12794.0430         1745.91748    
   1.70802379         4727.89941         12803.2646         1745.88562    
   1.70902383         4729.55859         12812.4873         1745.85327    
   1.71002388         4731.21777         12821.7139         1745.82141    
   1.71102393         4732.87549         12830.9385         1745.78894    
   1.71202397         4734.53320         12840.1660         1745.75635    
   1.71302402         4736.18848         12849.3936         1745.72302    
   1.71402407         4737.84375         12858.6221         1745.68958    
   1.71502411         4739.49805         12867.8516         1745.65613    
   1.71602416         4741.15283         12877.0850         1745.62244    
   1.71702421         4742.80469         12886.3164         1745.58789    
   1.71802425         4744.45703         12895.5498         1745.55359    
   1.71902430         4746.10840         12904.7832         1745.51904    
   1.72002435         4747.75879         12914.0205         1745.48401    
   1.72102439         4749.40869         12923.2578         1745.44885    
   1.72202444         4751.05713         12932.4941         1745.41309    
   1.72302449         4752.70557         12941.7334         1745.37756    
   1.72402453         4754.35303         12950.9736         1745.34155    
   1.72502458         4755.99902         12960.2148         1745.30505    
   1.72602463         4757.64453         12969.4561         1745.26843    
   1.72702467         4759.28906         12978.6973         1745.23132    
   1.72802472         4760.93359         12987.9443         1745.19446    
   1.72902477         4762.57617         12997.1895         1745.15686    
   1.73002481         4764.21875         13006.4355         1745.11926    
   1.73102486         4765.86084         13015.6836         1745.08142    
   1.73202491         4767.50195         13024.9336         1745.04333    
   1.73302495         4769.14062         13034.1807         1745.00439    
   1.73402500         4770.78027         13043.4326         1744.96594    
   1.73502505         4772.41895         13052.6836         1744.92688    
   1.73602509         4774.05566         13061.9365         1744.88745    
   1.73702514         4775.69287         13071.1924         1744.84790    
   1.73802519         4777.32861         13080.4453         1744.80811    
   1.73902524         4778.96338         13089.7012         1744.76807    
   1.74002528         4780.59766         13098.9580         1744.72754    
   1.74102533         4782.23193         13108.2197         1744.68713    
   1.74202538         4783.86523         13117.4795         1744.64661    
   1.74302542         4785.49707         13126.7383         1744.60547    
   1.74402547         4787.12744         13136.0000         1744.56372    
   1.74502552         4788.75781         13145.2637         1744.52209    
   1.74602556         4790.38721         13154.5264         1744.48022    
   1.74702561         4792.01611         13163.7900         1744.43823    
   1.74802566         4793.64404         13173.0566         1744.39563    
   1.74902570         4795.27051         13182.3223         1744.35266    
   1.75002575         4796.89746         13191.5908         1744.30994    
   1.75102580         4798.52246         13200.8574         1744.26672    
   1.75202584         4800.14746         13210.1299         1744.22314    
   1.75302589         4801.77148         13219.4014         1744.17944    
   1.75402594         4803.39355         13228.6709         1744.13525    
   1.75502598         4805.01709         13237.9453         1744.09143    
   1.75602603         4806.63770         13247.2178         1744.04639    
   1.75702608         4808.25879         13256.4951         1744.00183    
   1.75802612         4809.87793         13265.7695         1743.95667    
   1.75902617         4811.49756         13275.0469         1743.91174    
   1.76002622         4813.11523         13284.3242         1743.86584    
   1.76102626         4814.73340         13293.6064         1743.82019    
   1.76202631         4816.35059         13302.8867         1743.77429    
   1.76302636         4817.96631         13312.1670         1743.72791    
   1.76402640         4819.58105         13321.4502         1743.68140    
   1.76502645         4821.19580         13330.7354         1743.63452    
   1.76602650         4822.80908         13340.0166         1743.58740    
   1.76702654         4824.42139         13349.3018         1743.54004    
   1.76802659         4826.03418         13358.5918         1743.49280    
   1.76902664         4827.64551         13367.8799         1743.44482    
   1.77002668         4829.25537         13377.1660         1743.39661    
   1.77102673         4830.86523         13386.4561         1743.34851    
   1.77202678         4832.47363         13395.7461         1743.29980    
   1.77302682         4834.08203         13405.0400         1743.25098    
   1.77402687         4835.68945         13414.3311         1743.20203    
   1.77502692         4837.29590         13423.6260         1743.15283    
   1.77602696         4838.90234         13432.9219         1743.10352    
   1.77702701         4840.50684         13442.2188         1743.05334    
   1.77802706         4842.11035         13451.5137         1743.00330    
   1.77902710         4843.71338         13460.8105         1742.95300    
   1.78002715         4845.31641         13470.1113         1742.90259    
   1.78102720         4846.91846         13479.4111         1742.85181    
   1.78202724         4848.51953         13488.7139         1742.80090    
   1.78302729         4850.11963         13498.0146         1742.74963    
   1.78402734         4851.71973         13507.3203         1742.69824    
   1.78502738         4853.31836         13516.6250         1742.64648    
   1.78602743         4854.91553         13525.9277         1742.59424    
   1.78702748         4856.51367         13535.2363         1742.54260    
   1.78802752         4858.11035         13544.5449         1742.49011    
   1.78902757         4859.70557         13553.8525         1742.43713    
   1.79002762         4861.29980         13563.1611         1742.38416    
   1.79102767         4862.89404         13572.4717         1742.33105    
   1.79202771         4864.48779         13581.7861         1742.27783    
   1.79302776         4866.08057         13591.0986         1742.22412    
   1.79402781         4867.67236         13600.4111         1742.17041    
   1.79502785         4869.26318         13609.7256         1742.11609    
   1.79602790         4870.85254         13619.0410         1742.06152    
   1.79702795         4872.44287         13628.3594         1742.00720    
   1.79802799         4874.02979         13637.6719         1741.95190    
   1.79902804         4875.61816         13646.9922         1741.89697    
   1.80002809         4877.20605         13656.3135         1741.84192    
   1.80102813         4878.79248         13665.6348         1741.78625    
   1.80202818         4880.37793         13674.9561         1741.73059    
   1.80302823         4881.96289         13684.2793         1741.67456    
   1.80402827         4883.54639         13693.6025         1741.61804    
   1.80502832         4885.12939         13702.9287         1741.56152    
   1.80602837         4886.71191         13712.2520         1741.50488    
   1.80702841         4888.29443         13721.5791         1741.44824    
   1.80802846         4889.87598         13730.9102         1741.39111    
   1.80902851         4891.45557         13740.2373         1741.33337    
   1.81002855         4893.03418         13749.5664         1741.27576    
   1.81102860         4894.61328         13758.8984         1741.21802    
   1.81202865         4896.19141         13768.2305         1741.15991    
   1.81302869         4897.76807         13777.5615         1741.10120    
   1.81402874         4899.34424         13786.8945         1741.04272    
   1.81502879         4900.92188         13796.2344         1740.98474    
   1.81602883         4902.49463         13805.5674         1740.92480    
   1.81702888         4904.06885         13814.9033         1740.86548    
   1.81802893         4905.64209         13824.2402         1740.80615    
   1.81902897         4907.21582         13833.5830         1740.74695    
   1.82002902         4908.78857         13842.9248         1740.68713    
   1.82102907         4910.35791         13852.2646         1740.62646    
   1.82202911         4911.92920         13861.6074         1740.56641    
   1.82302916         4913.49902         13870.9512         1740.50610    
   1.82402921         4915.06738         13880.2939         1740.44507    
   1.82502925         4916.63574         13889.6406         1740.38391    
   1.82602930         4918.20215         13898.9844         1740.32239    
   1.82702935         4919.76807         13908.3291         1740.26086    
   1.82802939         4921.33496         13917.6797         1740.19934    
   1.82902944         4922.90137         13927.0332         1740.13782    
   1.83002949         4924.46582         13936.3818         1740.07568    
   1.83102953         4926.02881         13945.7324         1740.01318    
   1.83202958         4927.59033         13955.0801         1739.95020    
   1.83302963         4929.15332         13964.4375         1739.88745    
   1.83402967         4930.71338         13973.7881         1739.82422    
   1.83502972         4932.27441         13983.1445         1739.76123    
   1.83602977         4933.83447         13992.5010         1739.69775    
   1.83702981         4935.39355         14001.8594         1739.63391    
   1.83802986         4936.95166         14011.2158         1739.57007    
   1.83902991         4938.50977         14020.5771         1739.50610    
   1.84002995         4940.06592         14029.9355         1739.44153    
   1.84103000         4941.62256         14039.2969         1739.37708    
   1.84203005         4943.17725         14048.6592         1739.31201    
   1.84303010         4944.73145         14058.0195         1739.24695    
   1.84403014         4946.28564         14067.3848         1739.18188    
   1.84503019         4947.83887         14076.7510         1739.11646    
   1.84603024         4949.39014         14086.1143         1739.05042    
   1.84703028         4950.94287         14095.4834         1738.98499    
   1.84803033         4952.49365         14104.8516         1738.91895    
   1.84903038         4954.04395         14114.2217         1738.85254    
   1.85003042         4955.59424         14123.5938         1738.78638    
   1.85103047         4957.14160         14132.9619         1738.71924    
   1.85203052         4958.68994         14142.3359         1738.65259    
   1.85303056         4960.23682         14151.7090         1738.58533    
   1.85403061         4961.78369         14161.0840         1738.51819    
   1.85503066         4963.32910         14170.4551         1738.45032    
   1.85603070         4964.87500         14179.8359         1738.38293    
   1.85703075         4966.41895         14189.2119         1738.31470    
   1.85803080         4967.96143         14198.5879         1738.24646    
   1.85903084         4969.50439         14207.9658         1738.17798    
   1.86003089         4971.04590         14217.3447         1738.10913    
   1.86103094         4972.58740         14226.7275         1738.04041    
   1.86203098         4974.12842         14236.1104         1737.97168    
   1.86303103         4975.66846         14245.4922         1737.90234    
   1.86403108         4977.20703         14254.8760         1737.83276    
   1.86503112         4978.74609         14264.2627         1737.76331    
   1.86603117         4980.28320         14273.6465         1737.69324    
   1.86703122         4981.82031         14283.0332         1737.62354    
   1.86803126         4983.35645         14292.4219         1737.55298    
   1.86903131         4984.89209         14301.8105         1737.48254    
   1.87003136         4986.42627         14311.2002         1737.41187    
   1.87103140         4987.95996         14320.5879         1737.34082    
   1.87203145         4989.49316         14329.9824         1737.26965    
   1.87303150         4991.02539         14339.3740         1737.19824    
   1.87403154         4992.55762         14348.7676         1737.12695    
   1.87503159         4994.08838         14358.1611         1737.05530    
   1.87603164         4995.61865         14367.5576         1736.98315    
   1.87703168         4997.14844         14376.9561         1736.91113    
   1.87803173         4998.67676         14386.3506         1736.83862    
   1.87903178         5000.20557         14395.7500         1736.76636    
   1.88003182         5001.73291         14405.1504         1736.69360    
   1.88103187         5003.25928         14414.5508         1736.62048    
   1.88203192         5004.78516         14423.9502         1736.54749    
   1.88303196         5006.31006         14433.3516         1736.47412    
   1.88403201         5007.83545         14442.7559         1736.40063    
   1.88503206         5009.35840         14452.1611         1736.32666    
   1.88603210         5010.88135         14461.5654         1736.25281    
   1.88703215         5012.40381         14470.9707         1736.17896    
   1.88803220         5013.92676         14480.3828         1736.10498    
   1.88903224         5015.44727         14489.7900         1736.03015    
   1.89003229         5016.96680         14499.1973         1735.95532    
   1.89103234         5018.48682         14508.6064         1735.88062    
   1.89203238         5020.00586         14518.0195         1735.80554    
   1.89303243         5021.52344         14527.4307         1735.72986    
   1.89403248         5023.04102         14536.8438         1735.65466    
   1.89503253         5024.55713         14546.2559         1735.57886    
   1.89603257         5026.07324         14555.6719         1735.50305    
   1.89703262         5027.58789         14565.0869         1735.42664    
   1.89803267         5029.10205         14574.5020         1735.35046    
   1.89903271         5030.61670         14583.9209         1735.27417    
   1.90003276         5032.12988         14593.3408         1735.19763    
   1.90103281         5033.64209         14602.7607         1735.12048    
   1.90203285         5035.15332         14612.1807         1735.04346    
   1.90303290         5036.66406         14621.6006         1734.96619    
   1.90403295         5038.17432         14631.0234         1734.88879    
   1.90503299         5039.68311         14640.4473         1734.81079    
   1.90603304         5041.19238         14649.8711         1734.73328    
   1.90703309         5042.70068         14659.2969         1734.65540    
   1.90803313         5044.20752         14668.7236         1734.57715    
   1.90903318         5045.71387         14678.1494         1734.49854    
   1.91003323         5047.21973         14687.5771         1734.41992    
   1.91103327         5048.72559         14697.0068         1734.34143    
   1.91203332         5050.22998         14706.4375         1734.26245    
   1.91303337         5051.73340         14715.8701         1734.18311    
   1.91403341         5053.23633         14725.2988         1734.10364    
   1.91503346         5054.73926         14734.7334         1734.02454    
   1.91603351         5056.24072         14744.1670         1733.94458    
   1.91703355         5057.74268         14753.6055         1733.86511    
   1.91803360         5059.24072         14763.0352         1733.78418    
   1.91903365         5060.74121         14772.4736         1733.70435    
   1.92003369         5062.24121         14781.9141         1733.62415    
   1.92103374         5063.73877         14791.3535         1733.54333    
   1.92203379         5065.23682         14800.7920         1733.46277    
   1.92303383         5066.73193         14810.2285         1733.38135    
   1.92403388         5068.22803         14819.6709         1733.30005    
   1.92503393         5069.72363         14829.1143         1733.21875    
   1.92603397         5071.21875         14838.5586         1733.13745    
   1.92703402         5072.71191         14848.0010         1733.05542    
   1.92803407         5074.20508         14857.4443         1732.97327    
   1.92903411         5075.69775         14866.8926         1732.89124    
   1.93003416         5077.18945         14876.3389         1732.80896    
   1.93103421         5078.68066         14885.7871         1732.72656    
   1.93203425         5080.17188         14895.2373         1732.64404    
   1.93303430         5081.66162         14904.6885         1732.56116    
   1.93403435         5083.14990         14914.1357         1732.47803    
   1.93503439         5084.63818         14923.5889         1732.39490    
   1.93603444         5086.12646         14933.0420         1732.31152    
   1.93703449         5087.61230         14942.4951         1732.22766    
   1.93803453         5089.09912         14951.9492         1732.14404    
   1.93903458         5090.58447         14961.4023         1732.06018    
   1.94003463         5092.06982         14970.8604         1731.97607    
   1.94103467         5093.55420         14980.3193         1731.89172    
   1.94203472         5095.03662         14989.7754         1731.80713    
   1.94303477         5096.52002         14999.2354         1731.72278    
   1.94403481         5098.00195         15008.6943         1731.63770    
   1.94503486         5099.48291         15018.1553         1731.55261    
   1.94603491         5100.96387         15027.6182         1731.46753    
   1.94703496         5102.44336         15037.0771         1731.38208    
   1.94803500         5103.92285         15046.5430         1731.29651    
   1.94903505         5105.40186         15056.0088         1731.21082    
   1.95003510         5106.88037         15065.4746         1731.12524    
   1.95103514         5108.35693         15074.9414         1731.03906    
   1.95203519         5109.83398         15084.4092         1730.95300    
   1.95303524         5111.31006         15093.8799         1730.86658    
   1.95403528         5112.78467         15103.3467         1730.77991    
   1.95503533         5114.25977         15112.8174         1730.69336    
   1.95603538         5115.73340         15122.2891         1730.60632    
   1.95703542         5117.20654         15131.7627         1730.51917    
   1.95803547         5118.67920         15141.2344         1730.43188    
   1.95903552         5120.15088         15150.7070         1730.34460    
   1.96003556         5121.62158         15160.1807         1730.25671    
   1.96103561         5123.09180         15169.6592         1730.16882    
   1.96203566         5124.56152         15179.1338         1730.08093    
   1.96303570         5126.03027         15188.6104         1729.99280    
   1.96403575         5127.49902         15198.0908         1729.90466    
   1.96503580         5128.96680         15207.5713         1729.81604    
   1.96603584         5130.43311         15217.0479         1729.72717    
   1.96703589         5131.89844         15226.5264         1729.63831    
   1.96803594         5133.36475         15236.0107         1729.54944    
   1.96903598         5134.83008         15245.4951         1729.46033    
   1.97003603         5136.29443         15254.9785         1729.37097    
   1.97103608         5137.75732         15264.4609         1729.28137    
   1.97203612         5139.22119         15273.9502         1729.19202    
   1.97303617         5140.68311         15283.4375         1729.10205    
   1.97403622         5142.14404         15292.9229         1729.01196    
   1.97503626         5143.60547         15302.4111         1728.92200    
   1.97603631         5145.06494         15311.9004         1728.83130    
   1.97703636         5146.52539         15321.3945         1728.74121    
   1.97803640         5147.98291         15330.8818         1728.65002    
   1.97903645         5149.44238         15340.3750         1728.55981    
   1.98003650         5150.90039         15349.8711         1728.46887    
   1.98103654         5152.35645         15359.3643         1728.37744    
   1.98203659         5153.81299         15368.8594         1728.28638    
   1.98303664         5155.26904         15378.3555         1728.19507    
   1.98403668         5156.72266         15387.8486         1728.10303    
   1.98503673         5158.17773         15397.3496         1728.01147    
   1.98603678         5159.62988         15406.8447         1727.91919    
   1.98703682         5161.08398         15416.3486         1727.82739    
   1.98803687         5162.53516         15425.8447         1727.73474    
   1.98903692         5163.98682         15435.3486         1727.64246    
   1.99003696         5165.43750         15444.8486         1727.54980    
   1.99103701         5166.88721         15454.3486         1727.45679    
   1.99203706         5168.33643         15463.8535         1727.36377    
   1.99303710         5169.78564         15473.3623         1727.27075    
   1.99403715         5171.23291         15482.8643         1727.17737    
   1.99503720         5172.68066         15492.3701         1727.08411    
   1.99603724         5174.12793         15501.8799         1726.99060    
   1.99703729         5175.57373         15511.3896         1726.89661    
   1.99803734         5177.01953         15520.8984         1726.80298    
   1.99903738         5178.46387         15530.4072         1726.70874    
   2.00003743         5179.90869         15539.9199         1726.61462    
   2.00103736         5181.35156         15549.4287         1726.52014    
   2.00203729         5182.79395         15558.9414         1726.42554    
   2.00303721         5184.23535         15568.4521         1726.33069    
   2.00403714         5185.67773         15577.9678         1726.23621    
   2.00503707         5187.11768         15587.4824         1726.14099    
   2.00603700         5188.55811         15596.9961         1726.04590    
   2.00703692         5189.99756         15606.5127         1725.95068    
   2.00803685         5191.43506         15616.0283         1725.85486    
   2.00903678         5192.87402         15625.5498         1725.75964    
   2.01003671         5194.31104         15635.0674         1725.66370    
   2.01103663         5195.74756         15644.5879         1725.56775    
   2.01203656         5197.18359         15654.1074         1725.47156    
   2.01303649         5198.61914         15663.6299         1725.37549    
   2.01403642         5200.05420         15673.1514         1725.27917    
   2.01503634         5201.48730         15682.6729         1725.18225    
   2.01603627         5202.92090         15692.1982         1725.08569    
   2.01703620         5204.35352         15701.7236         1724.98877    
   2.01803613         5205.78564         15711.2480         1724.89185    
   2.01903605         5207.21777         15720.7783         1724.79492    
   2.02003598         5208.64746         15730.3018         1724.69714    
   2.02103591         5210.07764         15739.8320         1724.59973    
   2.02203584         5211.50781         15749.3623         1724.50220    
   2.02303576         5212.93506         15758.8896         1724.40405    
   2.02403569         5214.36426         15768.4229         1724.30652    
   2.02503562         5215.79150         15777.9551         1724.20837    
   2.02603555         5217.21826         15787.4893         1724.10999    
   2.02703547         5218.64404         15797.0215         1724.01160    
   2.02803540         5220.07031         15806.5586         1723.91333    
   2.02903533         5221.49512         15816.0928         1723.81458    
   2.03003526         5222.91943         15825.6289         1723.71570    
   2.03103518         5224.34277         15835.1680         1723.61670    
   2.03203511         5225.76514         15844.7031         1723.51733    
   2.03303504         5227.18750         15854.2432         1723.41809    
   2.03403497         5228.60938         15863.7842         1723.31873    
   2.03503489         5230.03076         15873.3271         1723.21936    
   2.03603482         5231.45068         15882.8682         1723.11963    
   2.03703475         5232.87012         15892.4072         1723.01941    
   2.03803468         5234.28906         15901.9521         1722.91956    
   2.03903461         5235.70752         15911.4961         1722.81934    
   2.04003453         5237.12500         15921.0410         1722.71899    
   2.04103446         5238.54297         15930.5889         1722.61877    
   2.04203439         5239.95850         15940.1338         1722.51782    
   2.04303432         5241.37451         15949.6826         1722.41711    
   2.04403424         5242.78906         15959.2305         1722.31616    
   2.04503417         5244.20410         15968.7803         1722.21521    
   2.04603410         5245.61768         15978.3301         1722.11401    
   2.04703403         5247.03076         15987.8818         1722.01245    
   2.04803395         5248.44434         15997.4355         1721.91125    
   2.04903388         5249.85547         16006.9873         1721.80945    
   2.05003381         5251.26709         16016.5410         1721.70776    
   2.05103374         5252.67773         16026.0967         1721.60596    
   2.05203366         5254.08691         16035.6514         1721.50366    
   2.05303359         5255.49707         16045.2090         1721.40149    
   2.05403352         5256.90479         16054.7646         1721.29895    
   2.05503345         5258.31396         16064.3252         1721.19678    
   2.05603337         5259.72119         16073.8838         1721.09424    
   2.05703330         5261.12842         16083.4443         1720.99158    
   2.05803323         5262.53467         16093.0049         1720.88867    
   2.05903316         5263.93994         16102.5674         1720.78552    
   2.06003308         5265.34473         16112.1289         1720.68225    
   2.06103301         5266.74805         16121.6895         1720.57874    
   2.06203294         5268.15332         16131.2588         1720.47571    
   2.06303287         5269.55469         16140.8213         1720.37158    
   2.06403279         5270.95703         16150.3857         1720.26782    
   2.06503272         5272.35938         16159.9531         1720.16418    
   2.06603265         5273.76025         16169.5215         1720.06006    
   2.06703258         5275.15967         16179.0879         1719.95557    
   2.06803250         5276.56055         16188.6592         1719.85168    
   2.06903243         5277.96045         16198.2324         1719.74731    
   2.07003236         5279.35791         16207.7998         1719.64246    
   2.07103229         5280.75635         16217.3730         1719.53784    
   2.07203221         5282.15332         16226.9443         1719.43286    
   2.07303214         5283.55029         16236.5215         1719.32812    
   2.07403207         5284.94580         16246.0928         1719.22278    
   2.07503200         5286.34131         16255.6680         1719.11743    
   2.07603192         5287.73682         16265.2461         1719.01221    
   2.07703185         5289.13037         16274.8232         1718.90662    
   2.07803178         5290.52393         16284.4014         1718.80103    
   2.07903171         5291.91748         16293.9824         1718.69531    
   2.08003163         5293.30908         16303.5586         1718.58911    
   2.08103156         5294.70020         16313.1377         1718.48291    
   2.08203149         5296.09131         16322.7217         1718.37683    
   2.08303142         5297.48193         16332.3037         1718.27063    
   2.08403134         5298.87256         16341.8896         1718.16431    
   2.08503127         5300.26074         16351.4697         1718.05737    
   2.08603120         5301.64844         16361.0537         1717.95044    
   2.08703113         5303.03711         16370.6406         1717.84375    
   2.08803105         5304.42432         16380.2266         1717.73682    
   2.08903098         5305.81055         16389.8145         1717.62952    
   2.09003091         5307.19678         16399.4023         1717.52222    
   2.09103084         5308.58203         16408.9902         1717.41479    
   2.09203076         5309.96680         16418.5820         1717.30725    
   2.09303069         5311.35156         16428.1738         1717.19971    
   2.09403062         5312.73438         16437.7617         1717.09180    
   2.09503055         5314.11719         16447.3535         1716.98364    
   2.09603047         5315.50000         16456.9492         1716.87585    
   2.09703040         5316.88037         16466.5391         1716.76721    
   2.09803033         5318.26270         16476.1367         1716.65930    
   2.09903026         5319.64209         16485.7305         1716.55054    
   2.10003018         5321.02148         16495.3262         1716.44189    
   2.10103011         5322.40186         16504.9277         1716.33337    
   2.10203004         5323.78027         16514.5273         1716.22461    
   2.10302997         5325.15869         16524.1270         1716.11572    
   2.10402989         5326.53564         16533.7266         1716.00659    
   2.10502982         5327.91211         16543.3262         1715.89722    
   2.10602975         5329.28809         16552.9277         1715.78772    
   2.10702968         5330.66357         16562.5312         1715.67822    
   2.10802960         5332.03857         16572.1348         1715.56873    
   2.10902953         5333.41309         16581.7383         1715.45911    
   2.11002946         5334.78662         16591.3438         1715.34924    
   2.11102939         5336.15869         16600.9473         1715.23889    
   2.11202931         5337.53174         16610.5547         1715.12891    
   2.11302924         5338.90332         16620.1602         1715.01855    
   2.11402917         5340.27393         16629.7676         1714.90820    
   2.11502910         5341.64502         16639.3809         1714.79785    
   2.11602902         5343.01514         16648.9902         1714.68726    
   2.11702895         5344.38379         16658.5977         1714.57629    
   2.11802888         5345.75244         16668.2109         1714.46545    
   2.11902881         5347.12012         16677.8223         1714.35425    
   2.12002873         5348.48779         16687.4355         1714.24316    
   2.12102866         5349.85547         16697.0527         1714.13208    
   2.12202859         5351.22119         16706.6660         1714.02063    
   2.12302852         5352.58643         16716.2812         1713.90894    
   2.12402844         5353.95264         16725.9004         1713.79773    
   2.12502837         5355.31641         16735.5156         1713.68579    
   2.12602830         5356.68066         16745.1348         1713.57410    
   2.12702823         5358.04395         16754.7559         1713.46179    
   2.12802815         5359.40576         16764.3730         1713.34961    
   2.12902808         5360.76855         16773.9961         1713.23767    
   2.13002801         5362.12891         16783.6152         1713.12500    
   2.13102794         5363.48975         16793.2363         1713.01245    
   2.13202786         5364.85107         16802.8633         1712.90015    
   2.13302779         5366.21094         16812.4883         1712.78748    
   2.13402772         5367.56885         16822.1094         1712.67432    
   2.13502765         5368.92773         16831.7363         1712.56152    
   2.13602757         5370.28516         16841.3633         1712.44836    
   2.13702750         5371.64160         16850.9883         1712.33484    
   2.13802743         5372.99805         16860.6152         1712.22156    
   2.13902736         5374.35498         16870.2461         1712.10828    
   2.14002728         5375.70996         16879.8750         1711.99463    
   2.14102721         5377.06494         16889.5059         1711.88098    
   2.14202714         5378.41895         16899.1367         1711.76721    
   2.14302707         5379.77344         16908.7715         1711.65344    
   2.14402699         5381.12549         16918.4043         1711.53918    
   2.14502692         5382.47705         16928.0371         1711.42480    
   2.14602685         5383.83008         16937.6738         1711.31091    
   2.14702678         5385.18066         16947.3066         1711.19641    
   2.14802670         5386.53174         16956.9473         1711.08203    
   2.14902663         5387.88184         16966.5820         1710.96729    
   2.15002656         5389.23047         16976.2188         1710.85229    
   2.15102649         5390.57910         16985.8574         1710.73743    
   2.15202641         5391.92725         16995.4961         1710.62256    
   2.15302634         5393.27441         17005.1348         1710.50732    
   2.15402627         5394.62207         17014.7793         1710.39209    
   2.15502620         5395.96826         17024.4219         1710.27686    
   2.15602612         5397.31494         17034.0664         1710.16162    
   2.15702605         5398.65869         17043.7070         1710.04578    
   2.15802598         5400.00439         17053.3535         1709.93042    
   2.15902591         5401.34766         17062.9961         1709.81433    
   2.16002584         5402.69141         17072.6445         1709.69849    
   2.16102576         5404.03369         17082.2891         1709.58228    
   2.16202569         5405.37598         17091.9375         1709.46619    
   2.16302562         5406.71729         17101.5859         1709.34985    
   2.16402555         5408.05859         17111.2363         1709.23352    
   2.16502547         5409.39844         17120.8848         1709.11694    
   2.16602540         5410.73877         17130.5371         1709.00049    
   2.16702533         5412.07812         17140.1875         1708.88379    
   2.16802526         5413.41699         17149.8418         1708.76697    
   2.16902518         5414.75586         17159.4980         1708.65039    
   2.17002511         5416.09229         17169.1504         1708.53296    
   2.17102504         5417.42920         17178.8027         1708.41565    
   2.17202497         5418.76514         17188.4590         1708.29834    
   2.17302489         5420.10156         17198.1152         1708.18115    
   2.17402482         5421.43701         17207.7754         1708.06384    
   2.17502475         5422.77051         17217.4297         1707.94580    
   2.17602468         5424.10498         17227.0938         1707.82825    
   2.17702460         5425.43750         17236.7480         1707.71021    
   2.17802453         5426.77051         17246.4082         1707.59241    
   2.17902446         5428.10254         17256.0723         1707.47437    
   2.18002439         5429.43506         17265.7363         1707.35657    
   2.18102431         5430.76562         17275.3984         1707.23792    
   2.18202424         5432.09619         17285.0605         1707.11963    
   2.18302417         5433.42529         17294.7246         1707.00098    
   2.18402410         5434.75488         17304.3906         1706.88245    
   2.18502402         5436.08350         17314.0547         1706.76379    
   2.18602395         5437.41113         17323.7207         1706.64478    
   2.18702388         5438.73926         17333.3906         1706.52600    
   2.18802381         5440.06641         17343.0605         1706.40710    
   2.18902373         5441.39258         17352.7305         1706.28784    
   2.19002366         5442.71826         17362.4004         1706.16870    
   2.19102359         5444.04346         17372.0703         1706.04919    
   2.19202352         5445.36816         17381.7441         1705.92981    
   2.19302344         5446.69189         17391.4160         1705.81018    
   2.19402337         5448.01562         17401.0898         1705.69055    
   2.19502330         5449.33887         17410.7617         1705.57092    
   2.19602323         5450.66162         17420.4414         1705.45129    
   2.19702315         5451.98242         17430.1152         1705.33093    
   2.19802308         5453.30420         17439.7930         1705.21094    
   2.19902301         5454.62402         17449.4688         1705.09058    
   2.20002294         5455.94482         17459.1484         1704.97046    
   2.20102286         5457.26318         17468.8223         1704.84985    
   2.20202279         5458.58154         17478.5020         1704.72913    
   2.20302272         5459.89990         17488.1836         1704.60852    
   2.20402265         5461.21777         17497.8652         1704.48792    
   2.20502257         5462.53467         17507.5488         1704.36707    
   2.20602250         5463.85156         17517.2305         1704.24609    
   2.20702243         5465.16748         17526.9160         1704.12500    
   2.20802236         5466.48291         17536.5996         1704.00403    
   2.20902228         5467.79785         17546.2852         1703.88281    
   2.21002221         5469.11230         17555.9707         1703.76160    
   2.21102214         5470.42529         17565.6562         1703.63989    
   2.21202207         5471.73828         17575.3438         1703.51831    
   2.21302199         5473.05078         17585.0312         1703.39661    
   2.21402192         5474.36377         17594.7266         1703.27515    
   2.21502185         5475.67432         17604.4121         1703.15320    
   2.21602178         5476.98584         17614.1035         1703.03137    
   2.21702170         5478.29492         17623.7949         1702.90906    
   2.21802163         5479.60498         17633.4902         1702.78674    
   2.21902156         5480.91406         17643.1797         1702.66467    
   2.22002149         5482.22266         17652.8750         1702.54224    
   2.22102141         5483.53076         17662.5703         1702.41992    
   2.22202134         5484.83691         17672.2617         1702.29700    
   2.22302127         5486.14355         17681.9570         1702.17419    
   2.22402120         5487.45117         17691.6582         1702.05188    
   2.22502112         5488.75684         17701.3555         1701.92896    
   2.22602105         5490.06201         17711.0547         1701.80603    
   2.22702098         5491.36523         17720.7500         1701.68250    
   2.22802091         5492.67041         17730.4551         1701.55981    
   2.22902083         5493.97266         17740.1543         1701.43616    
   2.23002076         5495.27588         17749.8555         1701.31287    
   2.23102069         5496.57861         17759.5586         1701.18958    
   2.23202062         5497.87988         17769.2617         1701.06592    
   2.23302054         5499.18115         17778.9668         1700.94226    
   2.23402047         5500.48193         17788.6738         1700.81860    
   2.23502040         5501.78174         17798.3750         1700.69458    
   2.23602033         5503.08105         17808.0840         1700.57068    
   2.23702025         5504.37988         17817.7871         1700.44653    
   2.23802018         5505.67871         17827.4980         1700.32251    
   2.23902011         5506.97607         17837.2051         1700.19812    
   2.24002004         5508.27197         17846.9121         1700.07336    
   2.24101996         5509.56885         17856.6211         1699.94897    
   2.24201989         5510.86523         17866.3340         1699.82458    
   2.24301982         5512.16016         17876.0449         1699.69983    
   2.24401975         5513.45605         17885.7598         1699.57544    
   2.24501967         5514.75000         17895.4727         1699.45032    
   2.24601960         5516.04395         17905.1855         1699.32544    
   2.24701953         5517.33643         17914.9004         1699.20032    
   2.24801946         5518.62988         17924.6172         1699.07544    
   2.24901938         5519.92188         17934.3320         1698.95020    
   2.25001931         5521.21387         17944.0527         1698.82483    
   2.25101924         5522.50488         17953.7695         1698.69946    
   2.25201917         5523.79492         17963.4883         1698.57397    
   2.25301909         5525.08496         17973.2051         1698.44836    
   2.25401902         5526.37451         17982.9277         1698.32275    
   2.25501895         5527.66309         17992.6465         1698.19678    
   2.25601888         5528.95068         18002.3672         1698.07068    
   2.25701880         5530.23877         18012.0918         1697.94495    
   2.25801873         5531.52588         18021.8164         1697.81897    
   2.25901866         5532.81201         18031.5352         1697.69275    
   2.26001859         5534.09814         18041.2617         1697.56653    
   2.26101851         5535.38330         18050.9883         1697.44006    
   2.26201844         5536.66846         18060.7148         1697.31360    
   2.26301837         5537.95361         18070.4434         1697.18738    
   2.26401830         5539.23682         18080.1699         1697.06067    
   2.26501822         5540.52051         18089.9023         1696.93408    
   2.26601815         5541.80322         18099.6289         1696.80713    
   2.26701808         5543.08496         18109.3594         1696.68018    
   2.26801801         5544.36719         18119.0898         1696.55334    
   2.26901793         5545.64795         18128.8223         1696.42627    
   2.27001786         5546.92871         18138.5527         1696.29919    
   2.27101779         5548.20752         18148.2871         1696.17163    
   2.27201772         5549.48682         18158.0195         1696.04431    
   2.27301764         5550.76611         18167.7559         1695.91687    
   2.27401757         5552.04492         18177.4922         1695.78967    
   2.27501750         5553.32178         18187.2266         1695.66174    
   2.27601743         5554.59961         18196.9668         1695.53430    
   2.27701735         5555.87646         18206.7031         1695.40637    
   2.27801728         5557.15137         18216.4375         1695.27820    
   2.27901721         5558.42725         18226.1797         1695.15039    
   2.28001714         5559.70264         18235.9219         1695.02246    
   2.28101707         5560.97656         18245.6562         1694.89417    
   2.28201699         5562.25049         18255.3984         1694.76587    
   2.28301692         5563.52441         18265.1465         1694.63782    
   2.28401685         5564.79688         18274.8867         1694.50928    
   2.28501678         5566.06934         18284.6309         1694.38074    
   2.28601670         5567.34131         18294.3750         1694.25244    
   2.28701663         5568.61182         18304.1211         1694.12341    
   2.28801656         5569.88281         18313.8652         1693.99475    
   2.28901649         5571.15283         18323.6152         1693.86584    
   2.29001641         5572.42236         18333.3613         1693.73694    
   2.29101634         5573.69141         18343.1113         1693.60803    
   2.29201627         5574.95996         18352.8574         1693.47888    
   2.29301620         5576.22852         18362.6113         1693.34985    
   2.29401612         5577.49463         18372.3555         1693.22021    
   2.29501605         5578.76172         18382.1094         1693.09082    
   2.29601598         5580.02734         18391.8594         1692.96130    
   2.29701591         5581.29443         18401.6152         1692.83215    
   2.29801583         5582.55908         18411.3672         1692.70227    
   2.29901576         5583.82471         18421.1250         1692.57288    
   2.30001569         5585.08838         18430.8789         1692.44299    
   2.30101562         5586.35156         18440.6348         1692.31287    
   2.30201554         5587.61475         18450.3887         1692.18311    
   2.30301547         5588.87744         18460.1465         1692.05298    
   2.30401540         5590.13965         18469.9082         1691.92297    
   2.30501533         5591.40137         18479.6660         1691.79285    
   2.30601525         5592.66113         18489.4238         1691.66223    
   2.30701518         5593.92188         18499.1855         1691.53198    
   2.30801511         5595.18164         18508.9473         1691.40149    
   2.30901504         5596.44141         18518.7090         1691.27112    
   2.31001496         5597.69873         18528.4668         1691.14001    
   2.31101489         5598.95703         18538.2324         1691.00940    
   2.31201482         5600.21631         18548.0000         1690.87891    
   2.31301475         5601.47217         18557.7598         1690.74780    
   2.31401467         5602.72900         18567.5273         1690.61682    
   2.31501460         5603.98633         18577.2969         1690.48608    
   2.31601453         5605.24072         18587.0586         1690.35461    
   2.31701446         5606.49609         18596.8262         1690.22363    
   2.31801438         5607.75000         18606.5938         1690.09216    
   2.31901431         5609.00391         18616.3652         1689.96069    
   2.32001424         5610.25830         18626.1387         1689.82959    
   2.32101417         5611.51025         18635.9062         1689.69775    
   2.32201409         5612.76367         18645.6797         1689.56653    
   2.32301402         5614.01367         18655.4473         1689.43433    
   2.32401395         5615.26611         18665.2207         1689.30286    
   2.32501388         5616.51660         18674.9961         1689.17078    
   2.32601380         5617.76709         18684.7715         1689.03894    
   2.32701373         5619.01660         18694.5449         1688.90698    
   2.32801366         5620.26611         18704.3223         1688.77502    
   2.32901359         5621.51465         18714.0977         1688.64282    
   2.33001351         5622.76270         18723.8750         1688.51038    
   2.33101344         5624.00928         18733.6504         1688.37781    
   2.33201337         5625.25684         18743.4297         1688.24548    
   2.33301330         5626.50391         18753.2129         1688.11328    
   2.33401322         5627.75000         18762.9922         1687.98071    
   2.33501315         5628.99512         18772.7734         1687.84790    
   2.33601308         5630.24072         18782.5566         1687.71533    
   2.33701301         5631.48486         18792.3398         1687.58252    
   2.33801293         5632.72803         18802.1172         1687.44946    
   2.33901286         5633.97119         18811.9004         1687.31641    
   2.34001279         5635.21533         18821.6914         1687.18372    
   2.34101272         5636.45654         18831.4727         1687.05029    
   2.34201264         5637.69873         18841.2598         1686.91724    
   2.34301257         5638.93945         18851.0449         1686.78381    
   2.34401250         5640.18066         18860.8359         1686.65063    
   2.34501243         5641.42041         18870.6211         1686.51709    
   2.34601235         5642.66113         18880.4141         1686.38379    
   2.34701228         5643.89893         18890.1992         1686.24988    
   2.34801221         5645.13867         18899.9941         1686.11658    
   2.34901214         5646.37646         18909.7832         1685.98267    
   2.35001206         5647.61377         18919.5742         1685.84888    
   2.35101199         5648.85156         18929.3672         1685.71509    
   2.35201192         5650.08789         18939.1621         1685.58105    
   2.35301185         5651.32373         18948.9551         1685.44702    
   2.35401177         5652.56006         18958.7520         1685.31311    
   2.35501170         5653.79443         18968.5449         1685.17871    
   2.35601163         5655.02881         18978.3438         1685.04456    
   2.35701156         5656.26318         18988.1387         1684.91016    
   2.35801148         5657.49512         18997.9336         1684.77539    
   2.35901141         5658.72852         19007.7344         1684.64111    
   2.36001134         5659.96094         19017.5312         1684.50659    
   2.36101127         5661.19287         19027.3340         1684.37195    
   2.36201119         5662.42432         19037.1348         1684.23718    
   2.36301112         5663.65527         19046.9355         1684.10242    
   2.36401105         5664.88525         19056.7363         1683.96753    
   2.36501098         5666.11621         19066.5430         1683.83289    
   2.36601090         5667.34521         19076.3438         1683.69788    
   2.36701083         5668.57471         19086.1523         1683.56287    
   2.36801076         5669.80176         19095.9512         1683.42737    
   2.36901069         5671.02881         19105.7578         1683.29211    
   2.37001061         5672.25781         19115.5684         1683.15723    
   2.37101054         5673.48291         19125.3711         1683.02148    
   2.37201047         5674.71045         19135.1816         1682.88635    
   2.37301040         5675.93506         19144.9902         1682.75061    
   2.37401032         5677.15967         19154.7949         1682.61487    
   2.37501025         5678.38477         19164.6094         1682.47925    
   2.37601018         5679.60889         19174.4160         1682.34363    
   2.37701011         5680.83301         19184.2324         1682.20789    
   2.37801003         5682.05566         19194.0410         1682.07190    
   2.37900996         5683.27881         19203.8555         1681.93604    
   2.38000989         5684.50146         19213.6719         1681.80017    
   2.38100982         5685.72217         19223.4844         1681.66394    
   2.38200974         5686.94385         19233.2988         1681.52795    
   2.38300967         5688.16406         19243.1152         1681.39160    
   2.38400960         5689.38525         19252.9336         1681.25562    
   2.38500953         5690.60303         19262.7461         1681.11877    
   2.38600945         5691.82373         19272.5684         1680.98279    
   2.38700938         5693.04102         19282.3848         1680.84595    
   2.38800931         5694.25928         19292.2031         1680.70947    
   2.38900924         5695.47656         19302.0234         1680.57275    
   2.39000916         5696.69434         19311.8438         1680.43616    
   2.39100909         5697.90967         19321.6621         1680.29919    
   2.39200902         5699.12646         19331.4883         1680.16248    
   2.39300895         5700.34180         19341.3105         1680.02563    
   2.39400887         5701.55713         19351.1348         1679.88867    
   2.39500880         5702.77197         19360.9609         1679.75171    
   2.39600873         5703.98584         19370.7852         1679.61450    
   2.39700866         5705.19824         19380.6074         1679.47705    
   2.39800858         5706.41162         19390.4355         1679.33997    
   2.39900851         5707.62354         19400.2617         1679.20251    
   2.40000844         5708.83594         19410.0918         1679.06531    
   2.40100837         5710.04736         19419.9180         1678.92773    
   2.40200830         5711.25879         19429.7500         1678.79041    
   2.40300822         5712.46875         19439.5781         1678.65271    
   2.40400815         5713.67871         19449.4082         1678.51501    
   2.40500808         5714.88770         19459.2383         1678.37708    
   2.40600801         5716.09717         19469.0723         1678.23950    
   2.40700793         5717.30518         19478.9043         1678.10156    
   2.40800786         5718.51318         19488.7402         1677.96375    
   2.40900779         5719.72119         19498.5742         1677.82581    
   2.41000772         5720.92822         19508.4062         1677.68774    
   2.41100764         5722.13379         19518.2422         1677.54944    
   2.41200757         5723.34033         19528.0801         1677.41138    
   2.41300750         5724.54492         19537.9141         1677.27295    
   2.41400743         5725.75000         19547.7539         1677.13464    
   2.41500735         5726.95508         19557.5938         1676.99634    
   2.41600728         5728.15820         19567.4297         1676.85767    
   2.41700721         5729.36133         19577.2676         1676.71912    
   2.41800714         5730.56396         19587.1094         1676.58044    
   2.41900706         5731.76709         19596.9512         1676.44202    
   2.42000699         5732.96924         19606.7949         1676.30347    
   2.42100692         5734.17041         19616.6348         1676.16455    
   2.42200685         5735.37158         19626.4805         1676.02563    
   2.42300677         5736.57129         19636.3223         1675.88672    
   2.42400670         5737.77148         19646.1660         1675.74780    
   2.42500663         5738.97070         19656.0117         1675.60864    
   2.42600656         5740.16992         19665.8613         1675.46960    
   2.42700648         5741.36768         19675.7070         1675.33032    
   2.42800641         5742.56592         19685.5527         1675.19116    
   2.42900634         5743.76367         19695.4043         1675.05200    
   2.43000627         5744.96094         19705.2500         1674.91260    
   2.43100619         5746.15771         19715.1016         1674.77332    
   2.43200612         5747.35303         19724.9512         1674.63367    
   2.43300605         5748.54785         19734.7988         1674.49390    
   2.43400598         5749.74414         19744.6562         1674.35474    
   2.43500590         5750.93750         19754.5059         1674.21472    
   2.43600583         5752.13184         19764.3594         1674.07507    
   2.43700576         5753.32568         19774.2129         1673.93530    
   2.43800569         5754.51807         19784.0664         1673.79541    
   2.43900561         5755.71094         19793.9238         1673.65564    
   2.44000554         5756.90283         19803.7773         1673.51550    
   2.44100547         5758.09521         19813.6348         1673.37573    
   2.44200540         5759.28613         19823.4941         1673.23560    
   2.44300532         5760.47656         19833.3496         1673.09534    
   2.44400525         5761.66553         19843.2070         1672.95496    
   2.44500518         5762.85547         19853.0664         1672.81470    
   2.44600511         5764.04541         19862.9297         1672.67468    
   2.44700503         5765.23291         19872.7852         1672.53394    
   2.44800496         5766.42139         19882.6504         1672.39355    
   2.44900489         5767.60938         19892.5137         1672.25317    
   2.45000482         5768.79541         19902.3711         1672.11230    
   2.45100474         5769.98242         19912.2383         1671.97180    
   2.45200467         5771.16846         19922.0996         1671.83105    
   2.45300460         5772.35449         19931.9668         1671.69031    
   2.45400453         5773.53955         19941.8340         1671.54956    
   2.45500445         5774.72510         19951.6992         1671.40881    
   2.45600438         5775.90869         19961.5664         1671.26782    
   2.45700431         5777.09229         19971.4336         1671.12683    
   2.45800424         5778.27588         19981.3008         1670.98572    
   2.45900416         5779.45801         19991.1680         1670.84448    
   2.46000409         5780.64062         20001.0410         1670.70337    
   2.46100402         5781.82227         20010.9102         1670.56213    
   2.46200395         5783.00391         20020.7812         1670.42102    
   2.46300387         5784.18359         20030.6504         1670.27917    
   2.46400380         5785.36475         20040.5254         1670.13806    
   2.46500373         5786.54395         20050.3965         1669.99634    
   2.46600366         5787.72559         20060.2793         1669.85559    
   2.46700358         5788.90283         20070.1445         1669.71350    
   2.46800351         5790.08057         20080.0215         1669.57178    
   2.46900344         5791.25928         20089.9004         1669.43030    
   2.47000337         5792.43652         20099.7754         1669.28845    
   2.47100329         5793.61279         20109.6504         1669.14648    
   2.47200322         5794.78906         20119.5273         1669.00464    
   2.47300315         5795.96631         20129.4062         1668.86292    
   2.47400308         5797.14111         20139.2871         1668.72070    
   2.47500300         5798.31543         20149.1621         1668.57861    
   2.47600293         5799.49072         20159.0488         1668.43665    
   2.47700286         5800.66406         20168.9258         1668.29431    
   2.47800279         5801.83789         20178.8066         1668.15222    
   2.47900271         5803.01025         20188.6895         1668.00964    
   2.48000264         5804.18262         20198.5723         1667.86731    
   2.48100257         5805.35547         20208.4570         1667.72510    
   2.48200250         5806.52832         20218.3457         1667.58301    
   2.48300242         5807.69922         20228.2305         1667.44043    
   2.48400235         5808.86963         20238.1152         1667.29785    
   2.48500228         5810.03955         20248.0020         1667.15515    
   2.48600221         5811.20947         20257.8887         1667.01257    
   2.48700213         5812.37842         20267.7773         1666.86975    
   2.48800206         5813.54688         20277.6641         1666.72693    
   2.48900199         5814.71533         20287.5527         1666.58411    
   2.49000192         5815.88330         20297.4434         1666.44128    
   2.49100184         5817.05029         20307.3340         1666.29834    
   2.49200177         5818.21729         20317.2246         1666.15540    
   2.49300170         5819.38379         20327.1172         1666.01233    
   2.49400163         5820.54932         20337.0098         1665.86914    
   2.49500155         5821.71582         20346.9062         1665.72620    
   2.49600148         5822.88086         20356.7988         1665.58301    
   2.49700141         5824.04443         20366.6934         1665.43958    
   2.49800134         5825.20947         20376.5898         1665.29651    
   2.49900126         5826.37256         20386.4863         1665.15308    
   2.50000119         5827.53467         20396.3789         1665.00940    
   2.50100112         5828.69775         20406.2793         1664.86597    
   2.50200105         5829.85986         20416.1758         1664.72241    
   2.50300097         5831.02246         20426.0762         1664.57910    
   2.50400090         5832.18359         20435.9766         1664.43555    
   2.50500083         5833.34424         20445.8770         1664.29187    
   2.50600076         5834.50439         20455.7773         1664.14807    
   2.50700068         5835.66455         20465.6816         1664.00439    
   2.50800061         5836.82373         20475.5820         1663.86047    
   2.50900054         5837.98242         20485.4844         1663.71667    
   2.51000047         5839.14160         20495.3887         1663.57288    
   2.51100039         5840.29883         20505.2891         1663.42859    
   2.51200032         5841.45605         20515.1973         1663.28467    
   2.51300025         5842.61328         20525.1016         1663.14062    
   2.51400018         5843.76953         20535.0078         1662.99646    
   2.51500010         5844.92480         20544.9102         1662.85205    
   2.51600003         5846.08057         20554.8203         1662.70789    
   2.51699996         5847.23584         20564.7285         1662.56348    
   2.51799989         5848.39062         20574.6367         1662.41919    
   2.51899981         5849.54443         20584.5469         1662.27466    
   2.51999974         5850.69873         20594.4590         1662.13049    
   2.52099967         5851.85205         20604.3691         1661.98608    
   2.52199960         5853.00439         20614.2812         1661.84131    
   2.52299953         5854.15723         20624.1934         1661.69678    
   2.52399945         5855.30908         20634.1055         1661.55212    
   2.52499938         5856.46045         20644.0176         1661.40747    
   2.52599931         5857.61035         20653.9297         1661.26245    
   2.52699924         5858.76123         20663.8438         1661.11780    
   2.52799916         5859.91113         20673.7598         1660.97290    
   2.52899909         5861.06055         20683.6777         1660.82800    
   2.52999902         5862.20947         20693.5938         1660.68298    
   2.53099895         5863.35791         20703.5098         1660.53809    
   2.53199887         5864.50684         20713.4316         1660.39319    
   2.53299880         5865.65381         20723.3477         1660.24792    
   2.53399873         5866.80176         20733.2695         1660.10291    
   2.53499866         5867.94824         20743.1895         1659.95764    
   2.53599858         5869.09424         20753.1094         1659.81238    
   2.53699851         5870.23926         20763.0273         1659.66687    
   2.53799844         5871.38525         20772.9512         1659.52173    
   2.53899837         5872.52930         20782.8730         1659.37610    
   2.53999829         5873.67432         20792.7988         1659.23096    
   2.54099822         5874.81836         20802.7207         1659.08533    
   2.54199815         5875.96143         20812.6445         1658.93982    
   2.54299808         5877.10449         20822.5703         1658.79407    
   2.54399800         5878.24756         20832.4980         1658.64868    
   2.54499793         5879.38965         20842.4258         1658.50305    
   2.54599786         5880.53223         20852.3535         1658.35754    
   2.54699779         5881.67285         20862.2812         1658.21155    
   2.54799771         5882.81396         20872.2109         1658.06592    
   2.54899764         5883.95410         20882.1387         1657.91992    
   2.54999757         5885.09473         20892.0703         1657.77429    
   2.55099750         5886.23291         20902.0000         1657.62805    
   2.55199742         5887.37207         20911.9297         1657.48206    
   2.55299735         5888.50928         20921.8594         1657.33569    
   2.55399728         5889.64844         20931.7930         1657.18982    
   2.55499721         5890.78564         20941.7246         1657.04370    
   2.55599713         5891.92236         20951.6582         1656.89734    
   2.55699706         5893.05957         20961.5957         1656.75122    
   2.55799699         5894.19531         20971.5293         1656.60498    
   2.55899692         5895.33105         20981.4668         1656.45862    
   2.55999684         5896.46729         20991.4062         1656.31250    
   2.56099677         5897.60156         21001.3418         1656.16602    
   2.56199670         5898.73633         21011.2793         1656.01953    
   2.56299663         5899.86963         21021.2148         1655.87292    
   2.56399655         5901.00293         21031.1543         1655.72644    
   2.56499648         5902.13574         21041.0938         1655.57959    
   2.56599641         5903.26807         21051.0312         1655.43298    
   2.56699634         5904.40088         21060.9766         1655.28650    
   2.56799626         5905.53271         21070.9180         1655.13977    
   2.56899619         5906.66406         21080.8633         1654.99316    
   2.56999612         5907.79443         21090.8027         1654.84619    
   2.57099605         5908.92432         21100.7441         1654.69910    
   2.57199597         5910.05469         21110.6914         1654.55237    
   2.57299590         5911.18457         21120.6348         1654.40564    
   2.57399583         5912.31250         21130.5801         1654.25842    
   2.57499576         5913.44092         21140.5273         1654.11133    
   2.57599568         5914.56982         21150.4766         1653.96436    
   2.57699561         5915.69678         21160.4219         1653.81714    
   2.57799554         5916.82324         21170.3672         1653.66980    
   2.57899547         5917.95020         21180.3164         1653.52271    
   2.57999539         5919.07617         21190.2656         1653.37549    
   2.58099532         5920.20312         21200.2188         1653.22839    
   2.58199525         5921.32764         21210.1680         1653.08081    
   2.58299518         5922.45361         21220.1230         1652.93372    
   2.58399510         5923.57715         21230.0723         1652.78613    
   2.58499503         5924.70117         21240.0254         1652.63867    
   2.58599496         5925.82471         21249.9766         1652.49097    
   2.58699489         5926.94727         21259.9277         1652.34338    
   2.58799481         5928.07031         21269.8848         1652.19580    
   2.58899474         5929.19189         21279.8398         1652.04810    
   2.58999467         5930.31445         21289.7988         1651.90063    
   2.59099460         5931.43506         21299.7539         1651.75269    
   2.59199452         5932.55664         21309.7109         1651.60510    
   2.59299445         5933.67725         21319.6699         1651.45740    
   2.59399438         5934.79736         21329.6289         1651.30957    
   2.59499431         5935.91650         21339.5859         1651.16162    
   2.59599423         5937.03613         21349.5469         1651.01392    
   2.59699416         5938.15381         21359.5078         1650.86560    
   2.59799409         5939.27295         21369.4688         1650.71777    
   2.59899402         5940.38916         21379.4277         1650.56934    
   2.59999394         5941.50781         21389.3887         1650.42163    
   2.60099387         5942.62451         21399.3535         1650.27344    
   2.60199380         5943.74023         21409.3164         1650.12500    
   2.60299373         5944.85645         21419.2793         1649.97681    
   2.60399365         5945.97119         21429.2422         1649.82849    
   2.60499358         5947.08691         21439.2109         1649.68042    
   2.60599351         5948.20166         21449.1777         1649.53210    
   2.60699344         5949.31494         21459.1406         1649.38342    
   2.60799336         5950.42969         21469.1113         1649.23511    
   2.60899329         5951.54297         21479.0781         1649.08667    
   2.60999322         5952.65576         21489.0469         1648.93823    
   2.61099315         5953.76758         21499.0137         1648.78943    
   2.61199307         5954.87939         21508.9844         1648.64099    
   2.61299300         5955.99219         21518.9590         1648.49268    
   2.61399293         5957.10303         21528.9277         1648.34387    
   2.61499286         5958.21289         21538.8984         1648.19495    
   2.61599278         5959.32520         21548.8750         1648.04675    
   2.61699271         5960.43506         21558.8496         1647.89795    
   2.61799264         5961.54346         21568.8203         1647.74878    
   2.61899257         5962.65234         21578.7930         1647.59998    
   2.61999249         5963.76172         21588.7715         1647.45142    
   2.62099242         5964.86865         21598.7441         1647.30225    
   2.62199235         5965.97656         21608.7207         1647.15320    
   2.62299228         5967.08301         21618.6953         1647.00403    
   2.62399220         5968.19043         21628.6758         1646.85522    
   2.62499213         5969.29639         21638.6523         1646.70605    
   2.62599206         5970.40283         21648.6348         1646.55701    
   2.62699199         5971.50781         21658.6113         1646.40784    
   2.62799191         5972.61377         21668.5938         1646.25891    
   2.62899184         5973.71826         21678.5723         1646.10962    
   2.62999177         5974.82227         21688.5547         1645.96033    
   2.63099170         5975.92627         21698.5371         1645.81104    
   2.63199162         5977.02881         21708.5176         1645.66150    
   2.63299155         5978.13184         21718.5020         1645.51221    
   2.63399148         5979.23389         21728.4863         1645.36267    
   2.63499141         5980.33594         21738.4688         1645.21313    
   2.63599133         5981.43799         21748.4570         1645.06384    
   2.63699126         5982.53906         21758.4434         1644.91443    
   2.63799119         5983.63867         21768.4258         1644.76453    
   2.63899112         5984.73926         21778.4121         1644.61487    
   2.63999104         5985.83984         21788.4043         1644.46545    
   2.64099097         5986.93799         21798.3867         1644.31555    
   2.64199090         5988.03809         21808.3789         1644.16614    
   2.64299083         5989.13623         21818.3652         1644.01624    
   2.64399076         5990.23340         21828.3574         1643.86633    
   2.64499068         5991.33105         21838.3457         1643.71643    
   2.64599061         5992.42920         21848.3398         1643.56677    
   2.64699054         5993.52539         21858.3320         1643.41675    
   2.64799047         5994.62207         21868.3223         1643.26685    
   2.64899039         5995.71826         21878.3184         1643.11707    
   2.64999032         5996.81299         21888.3086         1642.96680    
   2.65099025         5997.90820         21898.3027         1642.81677    
   2.65199018         5999.00342         21908.3027         1642.66699    
   2.65299010         6000.09717         21918.2969         1642.51672    
   2.65399003         6001.19092         21928.2930         1642.36658    
   2.65498996         6002.28369         21938.2871         1642.21619    
   2.65598989         6003.37744         21948.2871         1642.06628    
   2.65698981         6004.47021         21958.2852         1641.91602    
   2.65798974         6005.56104         21968.2812         1641.76538    
   2.65898967         6006.65381         21978.2832         1641.61548    
   2.65998960         6007.74463         21988.2832         1641.46484    
   2.66098952         6008.83594         21998.2852         1641.31470    
   2.66198945         6009.92432         22008.2812         1641.16382    
   2.66298938         6011.01562         22018.2871         1641.01355    
   2.66398931         6012.10547         22028.2891         1640.86328    
   2.66498923         6013.19385         22038.2891         1640.71252    
   2.66598916         6014.28271         22048.2949         1640.56213    
   2.66698909         6015.37012         22058.2969         1640.41125    
   2.66798902         6016.45801         22068.3027         1640.26074    
   2.66898894         6017.54541         22078.3086         1640.10999    
   2.66998887         6018.63281         22088.3164         1639.95947    
   2.67098880         6019.72021         22098.3242         1639.80896    
   2.67198873         6020.80518         22108.3301         1639.65784    
   2.67298865         6021.89160         22118.3398         1639.50732    
   2.67398858         6022.97705         22128.3496         1639.35657    
   2.67498851         6024.06152         22138.3594         1639.20544    
   2.67598844         6025.14600         22148.3652         1639.05469    
   2.67698836         6026.22949         22158.3750         1638.90356    
   2.67798829         6027.31348         22168.3867         1638.75281    
   2.67898822         6028.39697         22178.4023         1638.60181    
   2.67998815         6029.47852         22188.4082         1638.45044    
   2.68098807         6030.56201         22198.4277         1638.29980    
   2.68198800         6031.64307         22208.4375         1638.14856    
   2.68298793         6032.72412         22218.4492         1637.99731    
   2.68398786         6033.80615         22228.4688         1637.84644    
   2.68498778         6034.88672         22238.4844         1637.69507    
   2.68598771         6035.96631         22248.4980         1637.54395    
   2.68698764         6037.04639         22258.5156         1637.39258    
   2.68798757         6038.12549         22268.5312         1637.24133    
   2.68898749         6039.20459         22278.5508         1637.08997    
   2.68998742         6040.28271         22288.5664         1636.93848    
   2.69098735         6041.36182         22298.5898         1636.78748    
   2.69198728         6042.43945         22308.6074         1636.63599    
   2.69298720         6043.51660         22318.6289         1636.48462    
   2.69398713         6044.59375         22328.6523         1636.33313    
   2.69498706         6045.66943         22338.6719         1636.18127    
   2.69598699         6046.74512         22348.6914         1636.02991    
   2.69698691         6047.82129         22358.7168         1635.87842    
   2.69798684         6048.89600         22368.7383         1635.72681    
   2.69898677         6049.97070         22378.7617         1635.57507    
   2.69998670         6051.04492         22388.7852         1635.42358    
   2.70098662         6052.11963         22398.8125         1635.27197    
   2.70198655         6053.19287         22408.8379         1635.12012    
   2.70298648         6054.26514         22418.8633         1634.96826    
   2.70398641         6055.33887         22428.8945         1634.81665    
   2.70498633         6056.41016         22438.9160         1634.66479    
   2.70598626         6057.48193         22448.9473         1634.51282    
   2.70698619         6058.55420         22458.9746         1634.36108    
   2.70798612         6059.62451         22469.0039         1634.20911    
   2.70898604         6060.69531         22479.0352         1634.05725    
   2.70998597         6061.76514         22489.0645         1633.90527    
   2.71098590         6062.83594         22499.0977         1633.75342    
   2.71198583         6063.90479         22509.1289         1633.60120    
   2.71298575         6064.97461         22519.1641         1633.44946    
   2.71398568         6066.04346         22529.1973         1633.29736    
   2.71498561         6067.10986         22539.2246         1633.14502    
   2.71598554         6068.17773         22549.2598         1632.99280    
   2.71698546         6069.24561         22559.2988         1632.84070    
   2.71798539         6070.31201         22569.3320         1632.68860    
   2.71898532         6071.37842         22579.3691         1632.53625    
   2.71998525         6072.44482         22589.4043         1632.38416    
   2.72098517         6073.51025         22599.4414         1632.23181    
   2.72198510         6074.57568         22609.4785         1632.07935    
   2.72298503         6075.64014         22619.5176         1631.92712    
   2.72398496         6076.70508         22629.5566         1631.77478    
   2.72498488         6077.76855         22639.5957         1631.62244    
   2.72598481         6078.83203         22649.6348         1631.46985    
   2.72698474         6079.89453         22659.6758         1631.31714    
   2.72798467         6080.95850         22669.7207         1631.16516    
   2.72898459         6082.02100         22679.7617         1631.01257    
   2.72998452         6083.08252         22689.8027         1630.86011    
   2.73098445         6084.14307         22699.8438         1630.70715    
   2.73198438         6085.20557         22709.8926         1630.55505    
   2.73298430         6086.26611         22719.9355         1630.40222    
   2.73398423         6087.32715         22729.9844         1630.24976    
   2.73498416         6088.38672         22740.0273         1630.09705    
   2.73598409         6089.44580         22750.0723         1629.94434    
   2.73698401         6090.50488         22760.1191         1629.79163    
   2.73798394         6091.56348         22770.1680         1629.63879    
   2.73898387         6092.62158         22780.2129         1629.48584    
   2.73998380         6093.67969         22790.2617         1629.33313    
   2.74098372         6094.73682         22800.3086         1629.18018    
   2.74198365         6095.79492         22810.3652         1629.02783    
   2.74298358         6096.85156         22820.4141         1628.87476    
   2.74398351         6097.90674         22830.4629         1628.72144    
   2.74498343         6098.96338         22840.5176         1628.56885    
   2.74598336         6100.01855         22850.5703         1628.41577    
   2.74698329         6101.07422         22860.6230         1628.26306    
   2.74798322         6102.12744         22870.6699         1628.10950    
   2.74898314         6103.18262         22880.7285         1627.95667    
   2.74998307         6104.23584         22890.7812         1627.80359    
   2.75098300         6105.29053         22900.8418         1627.65076    
   2.75198293         6106.34277         22910.8926         1627.49756    
   2.75298285         6107.39551         22920.9492         1627.34436    
   2.75398278         6108.44775         22931.0098         1627.19116    
   2.75498271         6109.49951         22941.0645         1627.03809    
   2.75598264         6110.55078         22951.1211         1626.88477    
   2.75698256         6111.60156         22961.1816         1626.73157    
   2.75798249         6112.65234         22971.2402         1626.57812    
   2.75898242         6113.70264         22981.3027         1626.42480    
   2.75998235         6114.75146         22991.3574         1626.27136    
   2.76098228         6115.80225         23001.4238         1626.11829    
   2.76198220         6116.85107         23011.4844         1625.96497    
   2.76298213         6117.89941         23021.5469         1625.81140    
   2.76398206         6118.94824         23031.6113         1625.65833    
   2.76498199         6119.99658         23041.6758         1625.50488    
   2.76598191         6121.04297         23051.7383         1625.35107    
   2.76698184         6122.08936         23061.8008         1625.19751    
   2.76798177         6123.13721         23071.8691         1625.04419    
   2.76898170         6124.18359         23081.9375         1624.89087    
   2.76998162         6125.22803         23091.9980         1624.73682    
   2.77098155         6126.27344         23102.0645         1624.58325    
   2.77198148         6127.31885         23112.1328         1624.42969    
   2.77298141         6128.36328         23122.1992         1624.27600    
   2.77398133         6129.40771         23132.2715         1624.12244    
   2.77498126         6130.45166         23142.3418         1623.96875    
   2.77598119         6131.49463         23152.4082         1623.81482    
   2.77698112         6132.53857         23162.4805         1623.66138    
   2.77798104         6133.58057         23172.5508         1623.50745    
   2.77898097         6134.62305         23182.6250         1623.35388    
   2.77998090         6135.66504         23192.6973         1623.20007    
   2.78098083         6136.70605         23202.7676         1623.04602    
   2.78198075         6137.74756         23212.8438         1622.89233    
   2.78298068         6138.78711         23222.9141         1622.73816    
   2.78398061         6139.82764         23232.9883         1622.58435    
   2.78498054         6140.86768         23243.0645         1622.43054    
   2.78598046         6141.90771         23253.1426         1622.27649    
   2.78698039         6142.94531         23263.2148         1622.12244    
   2.78798032         6143.98584         23273.2969         1621.96875    
   2.78898025         6145.02344         23283.3730         1621.81470    
   2.78998017         6146.06006         23293.4473         1621.66028    
   2.79098010         6147.09814         23303.5273         1621.50623    
   2.79198003         6148.13721         23313.6113         1621.35266    
   2.79297996         6149.17285         23323.6895         1621.19824    
   2.79397988         6150.20850         23333.7676         1621.04407    
   2.79497981         6151.24463         23343.8496         1620.88989    
   2.79597974         6152.27979         23353.9297         1620.73584    
   2.79697967         6153.31592         23364.0156         1620.58179    
   2.79797959         6154.35010         23374.0957         1620.42725    
   2.79897952         6155.38428         23384.1797         1620.27319    
   2.79997945         6156.41797         23394.2598         1620.11865    
   2.80097938         6157.45215         23404.3477         1619.96472    
   2.80197930         6158.48486         23414.4336         1619.81018    
   2.80297923         6159.51807         23424.5176         1619.65588    
   2.80397916         6160.55078         23434.6055         1619.50183    
   2.80497909         6161.58105         23444.6875         1619.34692    
   2.80597901         6162.61328         23454.7773         1619.19275    
   2.80697894         6163.64502         23464.8652         1619.03845    
   2.80797887         6164.67578         23474.9551         1618.88391    
   2.80897880         6165.70654         23485.0449         1618.72961    
   2.80997872         6166.73584         23495.1328         1618.57483    
   2.81097865         6167.76514         23505.2207         1618.42041    
   2.81197858         6168.79541         23515.3164         1618.26599    
   2.81297851         6169.82422         23525.4062         1618.11133    
   2.81397843         6170.85205         23535.4961         1617.95679    
   2.81497836         6171.88086         23545.5918         1617.80225    
   2.81597829         6172.90869         23555.6855         1617.64783    
   2.81697822         6173.93604         23565.7812         1617.49316    
   2.81797814         6174.96436         23575.8789         1617.33875    
   2.81897807         6175.98926         23585.9688         1617.18384    
   2.81997800         6177.01562         23596.0645         1617.02905    
   2.82097793         6178.04248         23606.1641         1616.87476    
   2.82197785         6179.06641         23616.2559         1616.71960    
   2.82297778         6180.09229         23626.3555         1616.56494    
   2.82397771         6181.11719         23636.4551         1616.41040    
   2.82497764         6182.14160         23646.5527         1616.25549    
   2.82597756         6183.16455         23656.6484         1616.10071    
   2.82697749         6184.18848         23666.7500         1615.94580    
   2.82797742         6185.21191         23676.8516         1615.79126    
   2.82897735         6186.23340         23686.9473         1615.63599    
   2.82997727         6187.25635         23697.0527         1615.48108    
   2.83097720         6188.27783         23707.1523         1615.32617    
   2.83197713         6189.29932         23717.2559         1615.17126    
   2.83297706         6190.32031         23727.3574         1615.01636    
   2.83397698         6191.34229         23737.4648         1614.86169    
   2.83497691         6192.36230         23747.5684         1614.70654    
   2.83597684         6193.38281         23757.6738         1614.55164    
   2.83697677         6194.40234         23767.7793         1614.39661    
   2.83797669         6195.42041         23777.8809         1614.24133    
   2.83897662         6196.43994         23787.9883         1614.08630    
   2.83997655         6197.45850         23798.0938         1613.93127    
   2.84097648         6198.47656         23808.2051         1613.77637    
   2.84197640         6199.49512         23818.3125         1613.62134    
   2.84297633         6200.51221         23828.4199         1613.46619    
   2.84397626         6201.52881         23838.5293         1613.31091    
   2.84497619         6202.54541         23848.6387         1613.15564    
   2.84597611         6203.56104         23858.7480         1613.00049    
   2.84697604         6204.57715         23868.8613         1612.84521    
   2.84797597         6205.59277         23878.9707         1612.69019    
   2.84897590         6206.60693         23889.0801         1612.53467    
   2.84997582         6207.62354         23899.2012         1612.37988    
   2.85097575         6208.63672         23909.3086         1612.22437    
   2.85197568         6209.64990         23919.4219         1612.06885    
   2.85297561         6210.66455         23929.5371         1611.91394    
   2.85397553         6211.67725         23939.6543         1611.75830    
   2.85497546         6212.68994         23949.7676         1611.60291    
   2.85597539         6213.70166         23959.8809         1611.44751    
   2.85697532         6214.71484         23970.0020         1611.29224    
   2.85797524         6215.72607         23980.1152         1611.13684    
   2.85897517         6216.73779         23990.2383         1610.98157    
   2.85997510         6217.74805         24000.3555         1610.82605    
   2.86097503         6218.75928         24010.4727         1610.67078    
   2.86197495         6219.76904         24020.5938         1610.51514    
   2.86297488         6220.77881         24030.7148         1610.35974    
   2.86397481         6221.78809         24040.8301         1610.20398    
   2.86497474         6222.79688         24050.9531         1610.04858    
   2.86597466         6223.80518         24061.0742         1609.89294    
   2.86697459         6224.81445         24071.1973         1609.73755    
   2.86797452         6225.82178         24081.3203         1609.58191    
   2.86897445         6226.83008         24091.4473         1609.42639    
   2.86997437         6227.83594         24101.5664         1609.27075    
   2.87097430         6228.84326         24111.6934         1609.11511    
   2.87197423         6229.85010         24121.8203         1608.95947    
   2.87297416         6230.85547         24131.9414         1608.80383    
   2.87397408         6231.86133         24142.0703         1608.64807    
   2.87497401         6232.86621         24152.1953         1608.49243    
   2.87597394         6233.87158         24162.3223         1608.33679    
   2.87697387         6234.87598         24172.4492         1608.18103    
   2.87797379         6235.88037         24182.5801         1608.02539    
   2.87897372         6236.88281         24192.7051         1607.86938    
   2.87997365         6237.88721         24202.8379         1607.71387    
   2.88097358         6238.88965         24212.9688         1607.55786    
   2.88197351         6239.89258         24223.0977         1607.40198    
   2.88297343         6240.89453         24233.2285         1607.24634    
   2.88397336         6241.89746         24243.3633         1607.09058    
   2.88497329         6242.89844         24253.4902         1606.93469    
   2.88597322         6243.89990         24263.6270         1606.77893    
   2.88697314         6244.90039         24273.7598         1606.62292    
   2.88797307         6245.90137         24283.8965         1606.46729    
   2.88897300         6246.90039         24294.0273         1606.31104    
   2.88997293         6247.90039         24304.1641         1606.15527    
   2.89097285         6248.89941         24314.3008         1605.99927    
   2.89197278         6249.89893         24324.4375         1605.84351    
   2.89297271         6250.89795         24334.5742         1605.68750    
   2.89397264         6251.89502         24344.7070         1605.53125    
   2.89497256         6252.89355         24354.8477         1605.37561    
   2.89597249         6253.89111         24364.9883         1605.21948    
   2.89697242         6254.88721         24375.1230         1605.06323    
   2.89797235         6255.88428         24385.2637         1604.90735    
   2.89897227         6256.88037         24395.4023         1604.75110    
   2.89997220         6257.87695         24405.5469         1604.59521    
   2.90097213         6258.87256         24415.6875         1604.43909    
   2.90197206         6259.86719         24425.8281         1604.28308    
   2.90297198         6260.86230         24435.9707         1604.12695    
   2.90397191         6261.85693         24446.1152         1603.97083    
   2.90497184         6262.85156         24456.2578         1603.81482    
   2.90597177         6263.84521         24466.4023         1603.65857    
   2.90697169         6264.83838         24476.5469         1603.50244    
   2.90797162         6265.83154         24486.6934         1603.34631    
   2.90897155         6266.82471         24496.8398         1603.19006    
   2.90997148         6267.81641         24506.9844         1603.03381    
   2.91097140         6268.80811         24517.1309         1602.87744    
   2.91197133         6269.79932         24527.2754         1602.72119    
   2.91297126         6270.79053         24537.4238         1602.56494    
   2.91397119         6271.78174         24547.5723         1602.40869    
   2.91497111         6272.77197         24557.7207         1602.25244    
   2.91597104         6273.76172         24567.8672         1602.09595    
   2.91697097         6274.75244         24578.0234         1601.94006    
   2.91797090         6275.74219         24588.1758         1601.78369    
   2.91897082         6276.72998         24598.3223         1601.62708    
   2.91997075         6277.71875         24608.4746         1601.47083    
   2.92097068         6278.70801         24618.6309         1601.31470    
   2.92197061         6279.69482         24628.7773         1601.15808    
   2.92297053         6280.68262         24638.9297         1601.00171    
   2.92397046         6281.66943         24649.0859         1600.84521    
   2.92497039         6282.65723         24659.2422         1600.68909    
   2.92597032         6283.64307         24669.3965         1600.53235    
   2.92697024         6284.62891         24679.5508         1600.37610    
   2.92797017         6285.61475         24689.7070         1600.21960    
   2.92897010         6286.60059         24699.8652         1600.06323    
   2.92997003         6287.58594         24710.0254         1599.90686    
   2.93096995         6288.56885         24720.1758         1599.74988    
   2.93196988         6289.55469         24730.3418         1599.59387    
   2.93296981         6290.53809         24740.4961         1599.43713    
   2.93396974         6291.52197         24750.6562         1599.28076    
   2.93496966         6292.50488         24760.8164         1599.12415    
   2.93596959         6293.48828         24770.9785         1598.96765    
   2.93696952         6294.47070         24781.1387         1598.81116    
   2.93796945         6295.45166         24791.2988         1598.65430    
   2.93896937         6296.43457         24801.4609         1598.49805    
   2.93996930         6297.41553         24811.6230         1598.34131    
   2.94096923         6298.39795         24821.7910         1598.18494    
   2.94196916         6299.37793         24831.9531         1598.02832    
   2.94296908         6300.35889         24842.1191         1597.87170    
   2.94396901         6301.33789         24852.2812         1597.71497    
   2.94496894         6302.31689         24862.4453         1597.55811    
   2.94596887         6303.29688         24872.6133         1597.40149    
   2.94696879         6304.27637         24882.7812         1597.24512    
   2.94796872         6305.25439         24892.9473         1597.08826    
   2.94896865         6306.23242         24903.1152         1596.93164    
   2.94996858         6307.21094         24913.2832         1596.77490    
   2.95096850         6308.18799         24923.4512         1596.61804    
   2.95196843         6309.16455         24933.6172         1596.46130    
   2.95296836         6310.14209         24943.7910         1596.30469    
   2.95396829         6311.11768         24953.9609         1596.14783    
   2.95496821         6312.09375         24964.1289         1595.99097    
   2.95596814         6313.06982         24974.3027         1595.83435    
   2.95696807         6314.04541         24984.4766         1595.67761    
   2.95796800         6315.02002         24994.6465         1595.52075    
   2.95896792         6315.99414         25004.8203         1595.36389    
   2.95996785         6316.96875         25014.9922         1595.20703    
   2.96096778         6317.94238         25025.1680         1595.05029    
   2.96196771         6318.91602         25035.3418         1594.89343    
   2.96296763         6319.88965         25045.5176         1594.73657    
   2.96396756         6320.86182         25055.6934         1594.57971    
   2.96496749         6321.83447         25065.8672         1594.42273    
   2.96596742         6322.80615         25076.0430         1594.26587    
   2.96696734         6323.77832         25086.2207         1594.10889    
   2.96796727         6324.75000         25096.4004         1593.95215    
   2.96896720         6325.72070         25106.5762         1593.79517    
   2.96996713         6326.69141         25116.7578         1593.63818    
   2.97096705         6327.66211         25126.9355         1593.48145    
   2.97196698         6328.63232         25137.1152         1593.32446    
   2.97296691         6329.60107         25147.2949         1593.16724    
   2.97396684         6330.57031         25157.4766         1593.01050    
   2.97496676         6331.53955         25167.6582         1592.85352    
   2.97596669         6332.50830         25177.8438         1592.69666    
   2.97696662         6333.47607         25188.0234         1592.53931    
   2.97796655         6334.44482         25198.2090         1592.38245    
   2.97896647         6335.41211         25208.3926         1592.22559    
   2.97996640         6336.37939         25218.5762         1592.06848    
   2.98096633         6337.34619         25228.7617         1591.91162    
   2.98196626         6338.31299         25238.9473         1591.75452    
   2.98296618         6339.27881         25249.1348         1591.59741    
   2.98396611         6340.24414         25259.3184         1591.44031    
   2.98496604         6341.20996         25269.5078         1591.28320    
   2.98596597         6342.17578         25279.6973         1591.12646    
   2.98696589         6343.13965         25289.8828         1590.96912    
   2.98796582         6344.10400         25300.0703         1590.81213    
   2.98896575         6345.06738         25310.2559         1590.65479    
   2.98996568         6346.03125         25320.4473         1590.49768    
   2.99096560         6346.99414         25330.6348         1590.34058    
   2.99196553         6347.95752         25340.8262         1590.18347    
   2.99296546         6348.92041         25351.0195         1590.02649    
   2.99396539         6349.88330         25361.2148         1589.86938    
   2.99496531         6350.84473         25371.4062         1589.71204    
   2.99596524         6351.80615         25381.5957         1589.55493    
   2.99696517         6352.76758         25391.7891         1589.39771    
   2.99796510         6353.72803         25401.9844         1589.24060    
   2.99896502         6354.68945         25412.1777         1589.08350    
   2.99996495         6355.64941         25422.3750         1588.92627    
   3.00096488         6356.60889         25432.5703         1588.76880    
   3.00196481         6357.56885         25442.7637         1588.61194    
   3.00296474         6358.52734         25452.9629         1588.45435    
   3.00396466         6359.48682         25463.1582         1588.29761    
   3.00496459         6360.44482         25473.3555         1588.14001    
   3.00596452         6361.40332         25483.5547         1587.98291    
   3.00696445         6362.36133         25493.7559         1587.82568    
   3.00796437         6363.31836         25503.9512         1587.66846    
   3.00896430         6364.27490         25514.1523         1587.51099    
   3.00996423         6365.23242         25524.3535         1587.35400    
   3.01096416         6366.18750         25534.5527         1587.19617    
   3.01196408         6367.14453         25544.7559         1587.03943    
   3.01296401         6368.10010         25554.9570         1586.88184    
   3.01396394         6369.05518         25565.1562         1586.72473    
   3.01496387         6370.01123         25575.3652         1586.56738    
   3.01596379         6370.96484         25585.5625         1586.40991    
   3.01696372         6371.91895         25595.7676         1586.25244    
   3.01796365         6372.87256         25605.9688         1586.09521    
   3.01896358         6373.82666         25616.1777         1585.93787    
   3.01996350         6374.77979         25626.3828         1585.78064    
   3.02096343         6375.73242         25636.5898         1585.62292    
   3.02196336         6376.68555         25646.7969         1585.46606    
   3.02296329         6377.63818         25657.0078         1585.30847    
   3.02396321         6378.58984         25667.2090         1585.15125    
   3.02496314         6379.54053         25677.4180         1584.99341    
   3.02596307         6380.49268         25687.6270         1584.83655    
   3.02696300         6381.44336         25697.8379         1584.67883    
   3.02796292         6382.39404         25708.0469         1584.52161    
   3.02896285         6383.34326         25718.2559         1584.36389    
   3.02996278         6384.29443         25728.4668         1584.20679    
   3.03096271         6385.24316         25738.6777         1584.04907    
   3.03196263         6386.19336         25748.8887         1583.89209    
   3.03296256         6387.14258         25759.1074         1583.73450    
   3.03396249         6388.08984         25769.3145         1583.57703    
   3.03496242         6389.03857         25779.5312         1583.41943    
   3.03596234         6389.98682         25789.7461         1583.26245    
   3.03696227         6390.93408         25799.9609         1583.10461    
   3.03796220         6391.88135         25810.1738         1582.94727    
   3.03896213         6392.82764         25820.3906         1582.78967    
   3.03996205         6393.77393         25830.6035         1582.63232    
   3.04096198         6394.71924         25840.8184         1582.47424    
   3.04196191         6395.66650         25851.0371         1582.31750    
   3.04296184         6396.61133         25861.2578         1582.15955    
   3.04396176         6397.55664         25871.4727         1582.00244    
   3.04496169         6398.50146         25881.6953         1581.84460    
   3.04596162         6399.44580         25891.9102         1581.68738    
   3.04696155         6400.38916         25902.1309         1581.52942    
   3.04796147         6401.33350         25912.3496         1581.37219    
   3.04896140         6402.27637         25922.5703         1581.21436    
   3.04996133         6403.22070         25932.7930         1581.05725    
   3.05096126         6404.16357         25943.0176         1580.89966    
   3.05196118         6405.10400         25953.2324         1580.74182    
   3.05296111         6406.04785         25963.4629         1580.58435    
   3.05396104         6406.98877         25973.6797         1580.42700    
   3.05496097         6407.92969         25983.9062         1580.26892    
   3.05596089         6408.87158         25994.1309         1580.11194    
   3.05696082         6409.81152         26004.3555         1579.95398    
   3.05796075         6410.75244         26014.5801         1579.79651    
   3.05896068         6411.69238         26024.8066         1579.63892    
   3.05996060         6412.63232         26035.0312         1579.48145    
   3.06096053         6413.57129         26045.2617         1579.32373    
   3.06196046         6414.51025         26055.4883         1579.16614    
   3.06296039         6415.44971         26065.7188         1579.00842    
   3.06396031         6416.38818         26075.9434         1578.85120    
   3.06496024         6417.32520         26086.1738         1578.69299    
   3.06596017         6418.26367         26096.4043         1578.53601    
   3.06696010         6419.20068         26106.6348         1578.37793    
   3.06796002         6420.13770         26116.8633         1578.22058    
   3.06895995         6421.07373         26127.0918         1578.06262    
   3.06995988         6422.01221         26137.3281         1577.90552    
   3.07095981         6422.94678         26147.5586         1577.74756    
   3.07195973         6423.88281         26157.7891         1577.58997    
   3.07295966         6424.81787         26168.0254         1577.43225    
   3.07395959         6425.75244         26178.2539         1577.27466    
   3.07495952         6426.68750         26188.4902         1577.11670    
   3.07595944         6427.62207         26198.7227         1576.95935    
   3.07695937         6428.55664         26208.9648         1576.80164    
   3.07795930         6429.48926         26219.1934         1576.64392    
   3.07895923         6430.42285         26229.4336         1576.48608    
   3.07995915         6431.35547         26239.6660         1576.32837    
   3.08095908         6432.28857         26249.9062         1576.17065    
   3.08195901         6433.22119         26260.1406         1576.01318    
   3.08295894         6434.15332         26270.3848         1575.85547    
   3.08395886         6435.08447         26280.6172         1575.69775    
   3.08495879         6436.01611         26290.8633         1575.53992    
   3.08595872         6436.94727         26301.0977         1575.38245    
   3.08695865         6437.87744         26311.3418         1575.22449    
   3.08795857         6438.80811         26321.5801         1575.06702    
   3.08895850         6439.73779         26331.8223         1574.90906    
   3.08995843         6440.66846         26342.0625         1574.75171    
   3.09095836         6441.59814         26352.3125         1574.59387    
   3.09195828         6442.52637         26362.5488         1574.43604    
   3.09295821         6443.45557         26372.7930         1574.27832    
   3.09395814         6444.38330         26383.0352         1574.12061    
   3.09495807         6445.31152         26393.2812         1573.96265    
   3.09595799         6446.23926         26403.5254         1573.80518    
   3.09695792         6447.16748         26413.7754         1573.64734    
   3.09795785         6448.09473         26424.0176         1573.48987    
   3.09895778         6449.02246         26434.2715         1573.33215    
   3.09995770         6449.94824         26444.5117         1573.17444    
   3.10095763         6450.87305         26454.7598         1573.01624    
   3.10195756         6451.79932         26465.0059         1572.85876    
   3.10295749         6452.72510         26475.2578         1572.70093    
   3.10395741         6453.64941         26485.5039         1572.54309    
   3.10495734         6454.57568         26495.7598         1572.38538    
   3.10595727         6455.49951         26506.0020         1572.22778    
   3.10695720         6456.42432         26516.2598         1572.06982    
   3.10795712         6457.34619         26526.5020         1571.91199    
   3.10895705         6458.27051         26536.7578         1571.75415    
   3.10995698         6459.19482         26547.0098         1571.59680    
   3.11095691         6460.11768         26557.2656         1571.43884    
   3.11195683         6461.03955         26567.5137         1571.28101    
   3.11295676         6461.96191         26577.7695         1571.12317    
   3.11395669         6462.88281         26588.0176         1570.96533    
   3.11495662         6463.80518         26598.2812         1570.80762    
   3.11595654         6464.72656         26608.5312         1570.64990    
   3.11695647         6465.64795         26618.7930         1570.49194    
   3.11795640         6466.56787         26629.0430         1570.33435    
   3.11895633         6467.48779         26639.3027         1570.17627    
   3.11995625         6468.40869         26649.5586         1570.01892    
   3.12095618         6469.32715         26659.8164         1569.86060    
   3.12195611         6470.24707         26670.0723         1569.70300    
   3.12295604         6471.16602         26680.3340         1569.54517    
   3.12395597         6472.08496         26690.5938         1569.38745    
   3.12495589         6473.00244         26700.8516         1569.22949    
   3.12595582         6473.91992         26711.1074         1569.07166    
   3.12695575         6474.83838         26721.3711         1568.91382    
   3.12795568         6475.75586         26731.6328         1568.75623    
   3.12895560         6476.67236         26741.8926         1568.59802    
   3.12995553         6477.59033         26752.1562         1568.44080    
   3.13095546         6478.50586         26762.4219         1568.28259    
   3.13195539         6479.42188         26772.6797         1568.12500    
   3.13295531         6480.33643         26782.9434         1567.96667    
   3.13395524         6481.25293         26793.2090         1567.80920    
   3.13495517         6482.16846         26803.4746         1567.65137    
   3.13595510         6483.08301         26813.7402         1567.49365    
   3.13695502         6483.99756         26824.0098         1567.33582    
   3.13795495         6484.91113         26834.2695         1567.17786    
   3.13895488         6485.82520         26844.5391         1567.01990    
   3.13995481         6486.73828         26854.8027         1566.86230    
   3.14095473         6487.65186         26865.0723         1566.70422    
   3.14195466         6488.56494         26875.3418         1566.54675    
   3.14295459         6489.47705         26885.6094         1566.38867    
   3.14395452         6490.38867         26895.8750         1566.23071    
   3.14495444         6491.30078         26906.1465         1566.07288    
   3.14595437         6492.21289         26916.4180         1565.91528    
   3.14695430         6493.12305         26926.6875         1565.75708    
   3.14795423         6494.03516         26936.9590         1565.59961    
   3.14895415         6494.94580         26947.2344         1565.44153    
   3.14995408         6495.85645         26957.5039         1565.28394    
   3.15095401         6496.76562         26967.7773         1565.12573    
   3.15195394         6497.67529         26978.0488         1564.96826    
   3.15295386         6498.58398         26988.3223         1564.80994    
   3.15395379         6499.49268         26998.5938         1564.65234    
   3.15495372         6500.40234         27008.8711         1564.49438    
   3.15595365         6501.31006         27019.1426         1564.33655    
   3.15695357         6502.21875         27029.4238         1564.17883    
   3.15795350         6503.12646         27039.6953         1564.02100    
   3.15895343         6504.03369         27049.9766         1563.86292    
   3.15995336         6504.94092         27060.2500         1563.70544    
   3.16095328         6505.84766         27070.5312         1563.54724    
   3.16195321         6506.75439         27080.8047         1563.38977    
   3.16295314         6507.65967         27091.0840         1563.23145    
   3.16395307         6508.56592         27101.3633         1563.07397    
   3.16495299         6509.47119         27111.6445         1562.91589    
   3.16595292         6510.37695         27121.9219         1562.75818    
   3.16695285         6511.28174         27132.2051         1562.60022    
   3.16795278         6512.18652         27142.4844         1562.44263    
   3.16895270         6513.09033         27152.7656         1562.28430    
   3.16995263         6513.99561         27163.0508         1562.12708    
   3.17095256         6514.89844         27173.3340         1561.96887    
   3.17195249         6515.80176         27183.6133         1561.81128    
   3.17295241         6516.70508         27193.9023         1561.65320    
   3.17395234         6517.60840         27204.1855         1561.49585    
   3.17495227         6518.51025         27214.4688         1561.33765    
   3.17595220         6519.41211         27224.7520         1561.17981    
   3.17695212         6520.31396         27235.0410         1561.02185    
   3.17795205         6521.21484         27245.3223         1560.86401    
   3.17895198         6522.11621         27255.6133         1560.70618    
   3.17995191         6523.01709         27265.8965         1560.54846    
   3.18095183         6523.91748         27276.1836         1560.39038    
   3.18195176         6524.81787         27286.4707         1560.23279    
   3.18295169         6525.71777         27296.7637         1560.07471    
   3.18395162         6526.61719         27307.0508         1559.91724    
   3.18495154         6527.51660         27317.3438         1559.75903    
   3.18595147         6528.41504         27327.6270         1559.60132    
   3.18695140         6529.31445         27337.9238         1559.44348    
   3.18795133         6530.21289         27348.2129         1559.28577    
   3.18895125         6531.11035         27358.5059         1559.12781    
   3.18995118         6532.00781         27368.7930         1558.96997    
   3.19095111         6532.90479         27379.0859         1558.81189    
   3.19195104         6533.80225         27389.3789         1558.65430    
   3.19295096         6534.69971         27399.6758         1558.49646    
   3.19395089         6535.59570         27409.9648         1558.33875    
   3.19495082         6536.49121         27420.2598         1558.18054    
   3.19595075         6537.38721         27430.5527         1558.02295    
   3.19695067         6538.28369         27440.8555         1557.86511    
   3.19795060         6539.17773         27451.1426         1557.70715    
   3.19895053         6540.07227         27461.4434         1557.54919    
   3.19995046         6540.96680         27471.7344         1557.39148    
   3.20095038         6541.86133         27482.0352         1557.23364    
   3.20195031         6542.75537         27492.3301         1557.07593    
   3.20295024         6543.64941         27502.6348         1556.91797    
   3.20395017         6544.54297         27512.9277         1556.76050    
   3.20495009         6545.43604         27523.2344         1556.60242    
   3.20595002         6546.32861         27533.5293         1556.44482    
   3.20694995         6547.22021         27543.8262         1556.28662    
   3.20794988         6548.11230         27554.1270         1556.12891    
   3.20894980         6549.00586         27564.4395         1555.97144    
   3.20994973         6549.89551         27574.7305         1555.81323    
   3.21094966         6550.78760         27585.0391         1555.65564    
   3.21194959         6551.67773         27595.3320         1555.49768    
   3.21294951         6552.56885         27605.6445         1555.33984    
   3.21394944         6553.45947         27615.9453         1555.18237    
   3.21494937         6554.34863         27626.2500         1555.02417    
   3.21594930         6555.23828         27636.5527         1554.86670    
   3.21694922         6556.12744         27646.8594         1554.70862    
   3.21794915         6557.01660         27657.1621         1554.55103    
   3.21894908         6557.90576         27667.4707         1554.39319    
   3.21994901         6558.79346         27677.7715         1554.23523    
   3.22094893         6559.68262         27688.0898         1554.07764    
   3.22194886         6560.57031         27698.3887         1553.91992    
   3.22294879         6561.45752         27708.6992         1553.76184    
   3.22394872         6562.34424         27719.0059         1553.60425    
   3.22494864         6563.23193         27729.3184         1553.44641    
   3.22594857         6564.11768         27739.6230         1553.28870    
   3.22694850         6565.00391         27749.9355         1553.13074    
   3.22794843         6565.89062         27760.2441         1552.97339    
   3.22894835         6566.77637         27770.5586         1552.81543    
   3.22994828         6567.66162         27780.8652         1552.65771    
   3.23094821         6568.54639         27791.1816         1552.49976    
   3.23194814         6569.43213         27801.4941         1552.34241    
   3.23294806         6570.31592         27811.8066         1552.18420    
   3.23394799         6571.20020         27822.1172         1552.02673    
   3.23494792         6572.08398         27832.4355         1551.86877    
   3.23594785         6572.96680         27842.7441         1551.71118    
   3.23694777         6573.85107         27853.0664         1551.55334    
   3.23794770         6574.73340         27863.3770         1551.39575    
   3.23894763         6575.61670         27873.6953         1551.23792    
   3.23994756         6576.49854         27884.0098         1551.08020    
   3.24094748         6577.38086         27894.3262         1550.92249    
   3.24194741         6578.26221         27904.6406         1550.76465    
   3.24294734         6579.14307         27914.9590         1550.60681    
   3.24394727         6580.02490         27925.2773         1550.44934    
   3.24494720         6580.90625         27935.5996         1550.29150    
   3.24594712         6581.78613         27945.9141         1550.13391    
   3.24694705         6582.66650         27956.2383         1549.97595    
   3.24794698         6583.54590         27966.5527         1549.81848    
   3.24894691         6584.42627         27976.8809         1549.66064    
   3.24994683         6585.30518         27987.1973         1549.50305    
   3.25094676         6586.18457         27997.5215         1549.34521    
   3.25194669         6587.06348         28007.8398         1549.18774    
   3.25294662         6587.94043         28018.1621         1549.02966    
   3.25394654         6588.81836         28028.4805         1548.87195    
   3.25494647         6589.69678         28038.8105         1548.71423    
   3.25594640         6590.57422         28049.1289         1548.55676    
   3.25694633         6591.45166         28059.4570         1548.39893    
   3.25794625         6592.32861         28069.7793         1548.24146    
   3.25894618         6593.20459         28080.1055         1548.08350    
   3.25994611         6594.08203         28090.4316         1547.92639    
   3.26094604         6594.95801         28100.7617         1547.76843    
   3.26194596         6595.83350         28111.0840         1547.61084    
   3.26294589         6596.70898         28121.4141         1547.45312    
   3.26394582         6597.58301         28131.7344         1547.29529    
   3.26494575         6598.45801         28142.0684         1547.13757    
   3.26594567         6599.33301         28152.3945         1546.98022    
   3.26694560         6600.20654         28162.7227         1546.82214    
   3.26794553         6601.08057         28173.0527         1546.66479    
   3.26894546         6601.95508         28183.3848         1546.50708    
   3.26994538         6602.82764         28193.7109         1546.34961    
   3.27094531         6603.70068         28204.0449         1546.19165    
   3.27194524         6604.57422         28214.3789         1546.03442    
   3.27294517         6605.44629         28224.7129         1545.87671    
   3.27394509         6606.31836         28235.0410         1545.71912    
   3.27494502         6607.18945         28245.3730         1545.56116    
   3.27594495         6608.06104         28255.7051         1545.40381    
   3.27694488         6608.93262         28266.0430         1545.24597    
   3.27794480         6609.80469         28276.3770         1545.08887    
   3.27894473         6610.67432         28286.7129         1544.93079    
   3.27994466         6611.54492         28297.0449         1544.77368    
   3.28094459         6612.41406         28307.3809         1544.61560    
   3.28194451         6613.28418         28317.7148         1544.45837    
   3.28294444         6614.15381         28328.0547         1544.30066    
   3.28394437         6615.02344         28338.3906         1544.14331    
   3.28494430         6615.89209         28348.7305         1543.98547    
   3.28594422         6616.76025         28359.0645         1543.82800    
   3.28694415         6617.62988         28369.4121         1543.67053    
   3.28794408         6618.49658         28379.7402         1543.51282    
   3.28894401         6619.36475         28390.0879         1543.35522    
   3.28994393         6620.23145         28400.4180         1543.19775    
   3.29094386         6621.09912         28410.7656         1543.04016    
   3.29194379         6621.96631         28421.1035         1542.88293    
   3.29294372         6622.83203         28431.4473         1542.72510    
   3.29394364         6623.69922         28441.7910         1542.56775    
   3.29494357         6624.56445         28452.1309         1542.41003    
   3.29594350         6625.43018         28462.4727         1542.25269    
   3.29694343         6626.29443         28472.8145         1542.09473    
   3.29794335         6627.16064         28483.1602         1541.93774    
   3.29894328         6628.02539         28493.5098         1541.78003    
   3.29994321         6628.89062         28503.8496         1541.62292    
   3.30094314         6629.75439         28514.1973         1541.46521    
   3.30194306         6630.61719         28524.5371         1541.30774    
   3.30294299         6631.48145         28534.8887         1541.15002    
   3.30394292         6632.34473         28545.2324         1540.99268    
   3.30494285         6633.20801         28555.5840         1540.83533    
   3.30594277         6634.07031         28565.9238         1540.67773    
   3.30694270         6634.93262         28576.2754         1540.52026    
   3.30794263         6635.79443         28586.6211         1540.36292    
   3.30894256         6636.65625         28596.9727         1540.20520    
   3.30994248         6637.51855         28607.3223         1540.04822    
   3.31094241         6638.37939         28617.6738         1539.89038    
   3.31194234         6639.24072         28628.0215         1539.73328    
   3.31294227         6640.10107         28638.3730         1539.57556    
   3.31394219         6640.96094         28648.7188         1539.41809    
   3.31494212         6641.82080         28659.0742         1539.26062    
   3.31594205         6642.68164         28669.4277         1539.10364    
   3.31694198         6643.54053         28679.7812         1538.94592    
   3.31794190         6644.39990         28690.1328         1538.78870    
   3.31894183         6645.25781         28700.4844         1538.63086    
   3.31994176         6646.11719         28710.8379         1538.47388    
   3.32094169         6646.97656         28721.1973         1538.31653    
   3.32194161         6647.83398         28731.5508         1538.15930    
   3.32294154         6648.69189         28741.9062         1538.00171    
   3.32394147         6649.54883         28752.2578         1537.84448    
   3.32494140         6650.40576         28762.6172         1537.68689    
   3.32594132         6651.26270         28772.9688         1537.52954    
   3.32694125         6652.12012         28783.3359         1537.37231    
   3.32794118         6652.97656         28793.6914         1537.21521    
   3.32894111         6653.83203         28804.0488         1537.05762    
   3.32994103         6654.68799         28814.4062         1536.90039    
   3.33094096         6655.54346         28824.7656         1536.74292    
   3.33194089         6656.39893         28835.1250         1536.58594    
   3.33294082         6657.25342         28845.4883         1536.42834    
   3.33394074         6658.10840         28855.8438         1536.27136    
   3.33494067         6658.96240         28866.2090         1536.11377    
   3.33594060         6659.81641         28876.5664         1535.95654    
   3.33694053         6660.67041         28886.9336         1535.79932    
   3.33794045         6661.52344         28897.2910         1535.64197    
   3.33894038         6662.37695         28907.6582         1535.48474    
   3.33994031         6663.22949         28918.0156         1535.32751    
   3.34094024         6664.08203         28928.3848         1535.17004    
   3.34194016         6664.93506         28938.7461         1535.01318    
   3.34294009         6665.78613         28949.1133         1534.85559    
   3.34394002         6666.63818         28959.4766         1534.69861    
   3.34493995         6667.48877         28969.8418         1534.54102    
   3.34593987         6668.34082         28980.2051         1534.38416    
   3.34693980         6669.19092         28990.5742         1534.22668    
   3.34793973         6670.04150         29000.9375         1534.06946    
   3.34893966         6670.89258         29011.3086         1533.91235    
   3.34993958         6671.74268         29021.6777         1533.75537    
   3.35093951         6672.59131         29032.0430         1533.59766    
   3.35193944         6673.44189         29042.4121         1533.44104    
   3.35293937         6674.29053         29052.7832         1533.28345    
   3.35393929         6675.13867         29063.1484         1533.12646    
   3.35493922         6675.98779         29073.5234         1532.96912    
   3.35593915         6676.83643         29083.8906         1532.81238    
   3.35693908         6677.68457         29094.2656         1532.65491    
   3.35793900         6678.53223         29104.6348         1532.49792    
   3.35893893         6679.37988         29115.0098         1532.34070    
   3.35993886         6680.22607         29125.3750         1532.18347    
   3.36093879         6681.07373         29135.7559         1532.02637    
   3.36193871         6681.92090         29146.1289         1531.86963    
   3.36293864         6682.76660         29156.5020         1531.71216    
   3.36393857         6683.61279         29166.8750         1531.55530    
   3.36493850         6684.45801         29177.2500         1531.39783    
   3.36593843         6685.30371         29187.6211         1531.24109    
   3.36693835         6686.14844         29198.0020         1531.08374    
   3.36793828         6686.99365         29208.3750         1530.92676    
   3.36893821         6687.83936         29218.7598         1530.76990    
   3.36993814         6688.68213         29229.1250         1530.61255    
   3.37093806         6689.52686         29239.5078         1530.45557    
   3.37193799         6690.37158         29249.8867         1530.29883    
   3.37293792         6691.21436         29260.2656         1530.14148    
   3.37393785         6692.05811         29270.6445         1529.98486    
   3.37493777         6692.90039         29281.0234         1529.82751    
   3.37593770         6693.74219         29291.3984         1529.67053    
   3.37693763         6694.58594         29301.7852         1529.51355    
   3.37793756         6695.42822         29312.1641         1529.35669    
   3.37893748         6696.26904         29322.5469         1529.19946    
   3.37993741         6697.11035         29332.9238         1529.04248    
   3.38093734         6697.95264         29343.3125         1528.88574    
   3.38193727         6698.79346         29353.6914         1528.72876    
   3.38293719         6699.63379         29364.0742         1528.57153    
   3.38393712         6700.47412         29374.4551         1528.41479    
   3.38493705         6701.31494         29384.8457         1528.25793    
   3.38593698         6702.15381         29395.2227         1528.10095    
   3.38693690         6702.99414         29405.6152         1527.94397    
   3.38793683         6703.83252         29415.9902         1527.78711    
   3.38893676         6704.67139         29426.3809         1527.62988    
   3.38993669         6705.51025         29436.7617         1527.47314    
   3.39093661         6706.34912         29447.1562         1527.31628    
   3.39193654         6707.18701         29457.5391         1527.15942    
   3.39293647         6708.02539         29467.9316         1527.00256    
   3.39393640         6708.86279         29478.3145         1526.84583    
   3.39493632         6709.69971         29488.7051         1526.68860    
   3.39593625         6710.53760         29499.0938         1526.53210    
   3.39693618         6711.37402         29509.4863         1526.37500    
   3.39793611         6712.21045         29519.8711         1526.21838    
   3.39893603         6713.04639         29530.2637         1526.06128    
   3.39993596         6713.88281         29540.6523         1525.90466    
   3.40093589         6714.71826         29551.0469         1525.74780    
   3.40193582         6715.55420         29561.4375         1525.59106    
   3.40293574         6716.38867         29571.8301         1525.43420    
   3.40393567         6717.22217         29582.2148         1525.27722    
   3.40493560         6718.05762         29592.6133         1525.12036    
   3.40593553         6718.89209         29603.0039         1524.96387    
   3.40693545         6719.72656         29613.4004         1524.80701    
   3.40793538         6720.56006         29623.7930         1524.65039    
   3.40893531         6721.39355         29634.1914         1524.49353    
   3.40993524         6722.22705         29644.5859         1524.33716    
   3.41093516         6723.05957         29654.9805         1524.18005    
   3.41193509         6723.89307         29665.3809         1524.02368    
   3.41293502         6724.72510         29675.7773         1523.86670    
   3.41393495         6725.55713         29686.1699         1523.71008    
   3.41493487         6726.38818         29696.5684         1523.55310    
   3.41593480         6727.22021         29706.9629         1523.39673    
   3.41693473         6728.05176         29717.3672         1523.23987    
   3.41793466         6728.88330         29727.7656         1523.08362    
   3.41893458         6729.71289         29738.1621         1522.92651    
   3.41993451         6730.54443         29748.5625         1522.77026    
   3.42093444         6731.37451         29758.9688         1522.61340    
   3.42193437         6732.20508         29769.3652         1522.45703    
   3.42293429         6733.03369         29779.7656         1522.30005    
   3.42393422         6733.86279         29790.1660         1522.14355    
   3.42493415         6734.69238         29800.5723         1521.98694    
   3.42593408         6735.52197         29810.9746         1521.83069    
   3.42693400         6736.34961         29821.3770         1521.67371    
   3.42793393         6737.17725         29831.7734         1521.51721    
   3.42893386         6738.00537         29842.1797         1521.36047    
   3.42993379         6738.83301         29852.5840         1521.20410    
   3.43093371         6739.66064         29862.9922         1521.04749    
   3.43193364         6740.48779         29873.3926         1520.89099    
   3.43293357         6741.31494         29883.8027         1520.73450    
   3.43393350         6742.14111         29894.2031         1520.57788    
   3.43493342         6742.96826         29904.6152         1520.42151    
   3.43593335         6743.79395         29915.0176         1520.26501    
   3.43693328         6744.61914         29925.4277         1520.10815    
   3.43793321         6745.44482         29935.8320         1519.95190    
   3.43893313         6746.26953         29946.2402         1519.79517    
   3.43993306         6747.09570         29956.6504         1519.63916    
   3.44093299         6747.91992         29967.0605         1519.48242    
   3.44193292         6748.74414         29977.4688         1519.32605    
   3.44293284         6749.56738         29987.8789         1519.16931    
   3.44393277         6750.39209         29998.2852         1519.01306    
   3.44493270         6751.21631         30008.7031         1518.85681    
   3.44593263         6752.03906         30019.1074         1518.70032    
   3.44693255         6752.86230         30029.5254         1518.54382    
   3.44793248         6753.68506         30039.9355         1518.38757    
   3.44893241         6754.50781         30050.3496         1518.23096    
   3.44993234         6755.33057         30060.7637         1518.07507    
   3.45093226         6756.15234         30071.1777         1517.91833    
   3.45193219         6756.97363         30081.5898         1517.76221    
   3.45293212         6757.79443         30092.0039         1517.60547    
   3.45393205         6758.61621         30102.4180         1517.44934    
   3.45493197         6759.43701         30112.8359         1517.29297    
   3.45593190         6760.25781         30123.2500         1517.13684    
   3.45693183         6761.07764         30133.6641         1516.98022    
   3.45793176         6761.89893         30144.0820         1516.82434    
   3.45893168         6762.71777         30154.5000         1516.66760    
   3.45993161         6763.53857         30164.9180         1516.51184    
   3.46093154         6764.35693         30175.3359         1516.35522    
   3.46193147         6765.17627         30185.7500         1516.19922    
   3.46293139         6765.99512         30196.1758         1516.04272    
   3.46393132         6766.81348         30206.5898         1515.88660    
   3.46493125         6767.63135         30217.0098         1515.73022    
   3.46593118         6768.45020         30227.4277         1515.57422    
   3.46693110         6769.26807         30237.8535         1515.41797    
   3.46793103         6770.08398         30248.2676         1515.26160    
   3.46893096         6770.90283         30258.6973         1515.10559    
   3.46993089         6771.71875         30269.1152         1514.94946    
   3.47093081         6772.53516         30279.5391         1514.79297    
   3.47193074         6773.35205         30289.9609         1514.63721    
   3.47293067         6774.16797         30300.3848         1514.48071    
   3.47393060         6774.98389         30310.8066         1514.32495    
   3.47493052         6775.79932         30321.2324         1514.16846    
   3.47593045         6776.61426         30331.6543         1514.01245    
   3.47693038         6777.42871         30342.0781         1513.85608    
   3.47793031         6778.24512         30352.5078         1513.70056    
   3.47893023         6779.05908         30362.9355         1513.54407    
   3.47993016         6779.87256         30373.3535         1513.38818    
   3.48093009         6780.68604         30383.7812         1513.23169    
   3.48193002         6781.50049         30394.2070         1513.07605    
   3.48292994         6782.31494         30404.6465         1512.92004    
   3.48392987         6783.12744         30415.0684         1512.76404    
   3.48492980         6783.94043         30425.5000         1512.60791    
   3.48592973         6784.75293         30435.9258         1512.45203    
   3.48692966         6785.56543         30446.3574         1512.29590    
   3.48792958         6786.37744         30456.7812         1512.14001    
   3.48892951         6787.18945         30467.2148         1511.98376    
   3.48992944         6788.00098         30477.6465         1511.82800    
   3.49092937         6788.81250         30488.0781         1511.67200    
   3.49192929         6789.62402         30498.5098         1511.51636    
   3.49292922         6790.43457         30508.9434         1511.36011    
   3.49392915         6791.24463         30519.3711         1511.20435    
   3.49492908         6792.05518         30529.8066         1511.04834    
   3.49592900         6792.86377         30540.2324         1510.89221    
   3.49692893         6793.67432         30550.6719         1510.73633    
   3.49792886         6794.48438         30561.1074         1510.58069    
   3.49892879         6795.29443         30571.5469         1510.42493    
   3.49992871         6796.10254         30581.9785         1510.26904    
   3.50092864         6796.91113         30592.4141         1510.11292    
   3.50192857         6797.71924         30602.8438         1509.95728    
   3.50292850         6798.52637         30613.2793         1509.80103    
   3.50392842         6799.33594         30623.7188         1509.64575    
   3.50492835         6800.14307         30634.1562         1509.48962    
   3.50592828         6800.95117         30644.5996         1509.33411    
   3.50692821         6801.75732         30655.0312         1509.17798    
   3.50792813         6802.56396         30665.4688         1509.02234    
   3.50892806         6803.37109         30675.9102         1508.86658    
   3.50992799         6804.17773         30686.3496         1508.71094    
   3.51092792         6804.98242         30696.7891         1508.55481    
   3.51192784         6805.78906         30707.2246         1508.39941    
   3.51292777         6806.59473         30717.6719         1508.24353    
   3.51392770         6807.39990         30728.1113         1508.08801    
   3.51492763         6808.20508         30738.5527         1507.93213    
   3.51592755         6809.01025         30748.9961         1507.77686    
   3.51692748         6809.81494         30759.4395         1507.62097    
   3.51792741         6810.61865         30769.8789         1507.46533    
   3.51892734         6811.42285         30780.3242         1507.30957    
   3.51992726         6812.22656         30790.7637         1507.15405    
   3.52092719         6813.02979         30801.2148         1506.99841    
   3.52192712         6813.83301         30811.6543         1506.84277    
   3.52292705         6814.63574         30822.1035         1506.68689    
   3.52392697         6815.43799         30832.5430         1506.53149    
   3.52492690         6816.24121         30842.9961         1506.37585    
   3.52592683         6817.04346         30853.4355         1506.22058    
   3.52692676         6817.84375         30863.8828         1506.06445    
   3.52792668         6818.64697         30874.3320         1505.90930    
   3.52892661         6819.44775         30884.7793         1505.75366    
   3.52992654         6820.24756         30895.2207         1505.59790    
   3.53092647         6821.05029         30905.6777         1505.44275    
   3.53192639         6821.85107         30916.1250         1505.28735    
   3.53292632         6822.65088         30926.5742         1505.13147    
   3.53392625         6823.45068         30937.0215         1504.97620    
   3.53492618         6824.25049         30947.4746         1504.82056    
   3.53592610         6825.04980         30957.9219         1504.66528    
   3.53692603         6825.84961         30968.3750         1504.50964    
   3.53792596         6826.64844         30978.8242         1504.35449    
   3.53892589         6827.44775         30989.2793         1504.19897    
   3.53992581         6828.24609         30999.7285         1504.04358    
   3.54092574         6829.04443         31010.1816         1503.88806    
   3.54192567         6829.84229         31020.6348         1503.73279    
   3.54292560         6830.63965         31031.0898         1503.57715    
   3.54392552         6831.43750         31041.5430         1503.42212    
   3.54492545         6832.23584         31052.0039         1503.26672    
   3.54592538         6833.03223         31062.4492         1503.11145    
   3.54692531         6833.82959         31072.9141         1502.95605    
   3.54792523         6834.62598         31083.3652         1502.80103    
   3.54892516         6835.42188         31093.8223         1502.64539    
   3.54992509         6836.21777         31104.2793         1502.49023    
   3.55092502         6837.01318         31114.7363         1502.33472    
   3.55192494         6837.80811         31125.1855         1502.17944    
   3.55292487         6838.60449         31135.6543         1502.02429    
   3.55392480         6839.39941         31146.1074         1501.86926    
   3.55492473         6840.19385         31156.5684         1501.71375    
   3.55592465         6840.98682         31167.0215         1501.55847    
   3.55692458         6841.78223         31177.4863         1501.40332    
   3.55792451         6842.57617         31187.9473         1501.24841    
   3.55892444         6843.37012         31198.4062         1501.09302    
   3.55992436         6844.16309         31208.8652         1500.93787    
   3.56092429         6844.95557         31219.3242         1500.78259    
   3.56192422         6845.74951         31229.7891         1500.62769    
   3.56292415         6846.54150         31240.2500         1500.47229    
   3.56392407         6847.33398         31250.7109         1500.31726    
   3.56492400         6848.12549         31261.1758         1500.16187    
   3.56592393         6848.91748         31271.6348         1500.00696    
   3.56692386         6849.71045         31282.1074         1499.85193    
   3.56792378         6850.50098         31292.5645         1499.69702    
   3.56892371         6851.29248         31303.0352         1499.54175    
   3.56992364         6852.08301         31313.4922         1499.38672    
   3.57092357         6852.87402         31323.9648         1499.23181    
   3.57192349         6853.66455         31334.4277         1499.07690    
   3.57292342         6854.45410         31344.8926         1498.92163    
   3.57392335         6855.24365         31355.3574         1498.76672    
   3.57492328         6856.03369         31365.8281         1498.61169    
   3.57592320         6856.82275         31376.2930         1498.45679    
   3.57692313         6857.61279         31386.7715         1498.30188    
   3.57792306         6858.40137         31397.2324         1498.14709    
   3.57892299         6859.18994         31407.7031         1497.99194    
   3.57992291         6859.97754         31418.1680         1497.83704    
   3.58092284         6860.76611         31428.6426         1497.68201    
   3.58192277         6861.55469         31439.1113         1497.52734    
   3.58292270         6862.34131         31449.5820         1497.37231    
   3.58392262         6863.12939         31460.0527         1497.21765    
   3.58492255         6863.91602         31470.5254         1497.06262    
   3.58592248         6864.70312         31480.9922         1496.90784    
   3.58692241         6865.48926         31491.4688         1496.75281    
   3.58792233         6866.27588         31501.9395         1496.59827    
   3.58892226         6867.06152         31512.4141         1496.44312    
   3.58992219         6867.84717         31522.8828         1496.28857    
   3.59092212         6868.63281         31533.3613         1496.13354    
   3.59192204         6869.41846         31543.8320         1495.97888    
   3.59292197         6870.20410         31554.3105         1495.82422    
   3.59392190         6870.98828         31564.7812         1495.66943    
   3.59492183         6871.77246         31575.2578         1495.51453    
   3.59592175         6872.55762         31585.7363         1495.36011    
   3.59692168         6873.34131         31596.2148         1495.20508    
   3.59792161         6874.12500         31606.6855         1495.05054    
   3.59892154         6874.90869         31617.1680         1494.89575    
   3.59992146         6875.69336         31627.6504         1494.74158    
   3.60092139         6876.47559         31638.1250         1494.58655    
   3.60192132         6877.25879         31648.5996         1494.43225    
   3.60292125         6878.04102         31659.0820         1494.27734    
   3.60392118         6878.82324         31669.5566         1494.12280    
   3.60492110         6879.60547         31680.0391         1493.96814    
   3.60592103         6880.38721         31690.5176         1493.81360    
   3.60692096         6881.16943         31701.0078         1493.65906    
   3.60792089         6881.95068         31711.4824         1493.50452    
   3.60892081         6882.73193         31721.9688         1493.34985    
   3.60992074         6883.51318         31732.4473         1493.19568    
   3.61092067         6884.29297         31742.9316         1493.04077    
   3.61192060         6885.07324         31753.4102         1492.88647    
   3.61292052         6885.85400         31763.9004         1492.73193    
   3.61392045         6886.63330         31774.3750         1492.57739    
   3.61492038         6887.41406         31784.8672         1492.42310    
   3.61592031         6888.19238         31795.3457         1492.26855    
   3.61692023         6888.97119         31805.8359         1492.11389    
   3.61792016         6889.75098         31816.3184         1491.95984    
   3.61892009         6890.52930         31826.8027         1491.80518    
   3.61992002         6891.30664         31837.2852         1491.65076    
   3.62091994         6892.08594         31847.7793         1491.49634    
   3.62191987         6892.86328         31858.2598         1491.34216    
   3.62291980         6893.64111         31868.7500         1491.18762    
   3.62391973         6894.41895         31879.2363         1491.03345    
   3.62491965         6895.19580         31889.7324         1490.87903    
   3.62591958         6895.97266         31900.2148         1490.72473    
   3.62691951         6896.74902         31910.7070         1490.57031    
   3.62791944         6897.52441         31921.1895         1490.41589    
   3.62891936         6898.30176         31931.6855         1490.26172    
   3.62991929         6899.07764         31942.1719         1490.10767    
   3.63091922         6899.85303         31952.6641         1489.95312    
   3.63191915         6900.62793         31963.1504         1489.79907    
   3.63291907         6901.40332         31973.6465         1489.64453    
   3.63391900         6902.17969         31984.1387         1489.49072    
   3.63491893         6902.95410         31994.6328         1489.33643    
   3.63591886         6903.72803         32005.1250         1489.18225    
   3.63691878         6904.50195         32015.6172         1489.02795    
   3.63791871         6905.27637         32026.1074         1488.87402    
   3.63891864         6906.04980         32036.6074         1488.71960    
   3.63991857         6906.82324         32047.0957         1488.56567    
   3.64091849         6907.59668         32057.5957         1488.41150    
   3.64191842         6908.36914         32068.0820         1488.25745    
   3.64291835         6909.14307         32078.5898         1488.10352    
   3.64391828         6909.91406         32089.0742         1487.94934    
   3.64491820         6910.68701         32099.5781         1487.79517    
   3.64591813         6911.45850         32110.0684         1487.64111    
   3.64691806         6912.23096         32120.5723         1487.48706    
   3.64791799         6913.00244         32131.0684         1487.33313    
   3.64891791         6913.77344         32141.5684         1487.17908    
   3.64991784         6914.54443         32152.0605         1487.02515    
   3.65091777         6915.31494         32162.5645         1486.87097    
   3.65191770         6916.08496         32173.0566         1486.71704    
   3.65291762         6916.85693         32183.5684         1486.56335    
   3.65391755         6917.62646         32194.0605         1486.40942    
   3.65491748         6918.39502         32204.5605         1486.25513    
   3.65591741         6919.16504         32215.0605         1486.10132    
   3.65691733         6919.93457         32225.5645         1485.94739    
   3.65791726         6920.70410         32236.0645         1485.79370    
   3.65891719         6921.47314         32246.5742         1485.63989    
   3.65991712         6922.24121         32257.0684         1485.48596    
   3.66091704         6923.00879         32267.5723         1485.33179    
   3.66191697         6923.77881         32278.0781         1485.17859    
   3.66291690         6924.54639         32288.5859         1485.02454    
   3.66391683         6925.31348         32299.0859         1484.87085    
   3.66491675         6926.08057         32309.5938         1484.71680    
   3.66591668         6926.84863         32320.0957         1484.56348    
   3.66691661         6927.61475         32330.5996         1484.40930    
   3.66791654         6928.38086         32341.0996         1484.25549    
   3.66891646         6929.14844         32351.6172         1484.10205    
   3.66991639         6929.91504         32362.1211         1483.94849    
   3.67091632         6930.67969         32372.6289         1483.79431    
   3.67191625         6931.44629         32383.1348         1483.64111    
   3.67291617         6932.21191         32393.6465         1483.48730    
   3.67391610         6932.97656         32404.1465         1483.33362    
   3.67491603         6933.74121         32414.6562         1483.17969    
   3.67591596         6934.50635         32425.1680         1483.02637    
   3.67691588         6935.27100         32435.6816         1482.87268    
   3.67791581         6936.03516         32446.1855         1482.71912    
   3.67891574         6936.79932         32456.7031         1482.56555    
   3.67991567         6937.56299         32467.2070         1482.41199    
   3.68091559         6938.32617         32477.7207         1482.25818    
   3.68191552         6939.08887         32488.2285         1482.10474    
   3.68291545         6939.85205         32498.7422         1481.95105    
   3.68391538         6940.61523         32509.2500         1481.79785    
   3.68491530         6941.37793         32519.7715         1481.64417    
   3.68591523         6942.14014         32530.2793         1481.49084    
   3.68691516         6942.90332         32540.8008         1481.33740    
   3.68791509         6943.66553         32551.3105         1481.18420    
   3.68891501         6944.42676         32561.8281         1481.03064    
   3.68991494         6945.18750         32572.3359         1480.87708    
   3.69091487         6945.94922         32582.8574         1480.72375    
   3.69191480         6946.71045         32593.3711         1480.57043    
   3.69291472         6947.47070         32603.8887         1480.41687    
   3.69391465         6948.23047         32614.4004         1480.26355    
   3.69491458         6948.99072         32624.9180         1480.10999    
   3.69591451         6949.75195         32635.4355         1479.95715    
   3.69691443         6950.51172         32645.9570         1479.80371    
   3.69791436         6951.27002         32656.4707         1479.65027    
   3.69891429         6952.02930         32666.9902         1479.49695    
   3.69991422         6952.78857         32677.5078         1479.34375    
   3.70091414         6953.54785         32688.0312         1479.19055    
   3.70191407         6954.30566         32698.5469         1479.03723    
   3.70291400         6955.06396         32709.0723         1478.88379    
   3.70391393         6955.82178         32719.5859         1478.73071    
   3.70491385         6956.58057         32730.1113         1478.57751    
   3.70591378         6957.33740         32740.6289         1478.42444    
   3.70691371         6958.09424         32751.1504         1478.27100    
   3.70791364         6958.85254         32761.6758         1478.11829    
   3.70891356         6959.60938         32772.1992         1477.96497    
   3.70991349         6960.36523         32782.7188         1477.81165    
   3.71091342         6961.12256         32793.2500         1477.65869    
   3.71191335         6961.87744         32803.7656         1477.50549    
   3.71291327         6962.63428         32814.2930         1477.35254    
   3.71391320         6963.39014         32824.8164         1477.19958    
   3.71491313         6964.14648         32835.3477         1477.04651    
   3.71591306         6964.90039         32845.8633         1476.89343    
   3.71691298         6965.65576         32856.3945         1476.74023    
   3.71791291         6966.41064         32866.9180         1476.58752    
   3.71891284         6967.16650         32877.4531         1476.43457    
   3.71991277         6967.91992         32887.9727         1476.28149    
   3.72091269         6968.67383         32898.5000         1476.12842    
   3.72191262         6969.42773         32909.0273         1475.97559    
   3.72291255         6970.18115         32919.5586         1475.82263    
   3.72391248         6970.93506         32930.0820         1475.66980    
   3.72491241         6971.68750         32940.6133         1475.51660    
   3.72591233         6972.44092         32951.1445         1475.36414    
   3.72691226         6973.19434         32961.6836         1475.21118    
   3.72791219         6973.94580         32972.1992         1475.05835    
   3.72891212         6974.69775         32982.7344         1474.90527    
   3.72991204         6975.45020         32993.2656         1474.75269    
   3.73091197         6976.20166         33003.7969         1474.59973    
   3.73191190         6976.95215         33014.3242         1474.44678    
   3.73291183         6977.70459         33024.8594         1474.29419    
   3.73391175         6978.45557         33035.3906         1474.14148    
   3.73491168         6979.20801         33045.9375         1473.98889    
   3.73591161         6979.95752         33056.4609         1473.83618    
   3.73691154         6980.70752         33066.9961         1473.68323    
   3.73791146         6981.45850         33077.5312         1473.53088    
   3.73891139         6982.20752         33088.0625         1473.37793    
   3.73991132         6982.95654         33098.5977         1473.22534    
   3.74091125         6983.70752         33109.1406         1473.07275    
   3.74191117         6984.45605         33119.6719         1472.92017    
   3.74291110         6985.20508         33130.2070         1472.76733    
   3.74391103         6985.95312         33140.7383         1472.61475    
   3.74491096         6986.70215         33151.2812         1472.46216    
   3.74591088         6987.45068         33161.8164         1472.30981    
   3.74691081         6988.19824         33172.3555         1472.15698    
   3.74791074         6988.94629         33182.8945         1472.00464    
   3.74891067         6989.69336         33193.4336         1471.85181    
   3.74991059         6990.44092         33203.9688         1471.69958    
   3.75091052         6991.18848         33214.5117         1471.54700    
   3.75191045         6991.93555         33225.0508         1471.39465    
   3.75291038         6992.68164         33235.5898         1471.24207    
   3.75391030         6993.42822         33246.1289         1471.08972    
   3.75491023         6994.17432         33256.6758         1470.93726    
   3.75591016         6994.92041         33267.2109         1470.78491    
   3.75691009         6995.66504         33277.7539         1470.63208    
   3.75791001         6996.41113         33288.2930         1470.47998    
   3.75890994         6997.15771         33298.8477         1470.32776    
   3.75990987         6997.90137         33309.3789         1470.17529    
   3.76090980         6998.64697         33319.9297         1470.02295    
   3.76190972         6999.39111         33330.4688         1469.87061    
   3.76290965         7000.13623         33341.0195         1469.71838    
   3.76390958         7000.87988         33351.5586         1469.56616    
   3.76490951         7001.62305         33362.1055         1469.41370    
   3.76590943         7002.36670         33372.6445         1469.26135    
   3.76690936         7003.11133         33383.1953         1469.10925    
   3.76790929         7003.85400         33393.7383         1468.95715    
   3.76890922         7004.59717         33404.2891         1468.80481    
   3.76990914         7005.33984         33414.8320         1468.65271    
   3.77090907         7006.08203         33425.3828         1468.50037    
   3.77190900         7006.82422         33435.9258         1468.34839    
   3.77290893         7007.56592         33446.4805         1468.19604    
   3.77390885         7008.30762         33457.0195         1468.04395    
   3.77490878         7009.04932         33467.5742         1467.89185    
   3.77590871         7009.79102         33478.1211         1467.73975    
   3.77690864         7010.53174         33488.6719         1467.58752    
   3.77790856         7011.27344         33499.2227         1467.43579    
   3.77890849         7012.01416         33509.7734         1467.28357    
   3.77990842         7012.75342         33520.3164         1467.13147    
   3.78090835         7013.49463         33530.8750         1466.97949    
   3.78190827         7014.23486         33541.4258         1466.82764    
   3.78290820         7014.97412         33551.9805         1466.67542    
   3.78390813         7015.71387         33562.5273         1466.52356    
   3.78490806         7016.45410         33573.0898         1466.37170    
   3.78590798         7017.19238         33583.6367         1466.21973    
   3.78690791         7017.93164         33594.1914         1466.06787    
   3.78790784         7018.66992         33604.7422         1465.91589    
   3.78890777         7019.40820         33615.3008         1465.76379    
   3.78990769         7020.14697         33625.8555         1465.61218    
   3.79090762         7020.88379         33636.4102         1465.45996    
   3.79190755         7021.62305         33646.9688         1465.30872    
   3.79290748         7022.35938         33657.5195         1465.15637    
   3.79390740         7023.09717         33668.0781         1465.00488    
   3.79490733         7023.83398         33678.6367         1464.85291    
   3.79590726         7024.57129         33689.1914         1464.70129    
   3.79690719         7025.30811         33699.7500         1464.54944    
   3.79790711         7026.04346         33710.3008         1464.39758    
   3.79890704         7026.78027         33720.8672         1464.24585    
   3.79990697         7027.51611         33731.4219         1464.09436    
   3.80090690         7028.25244         33741.9844         1463.94250    
   3.80190682         7028.98682         33752.5391         1463.79089    
   3.80290675         7029.72217         33763.1016         1463.63904    
   3.80390668         7030.45605         33773.6523         1463.48743    
   3.80490661         7031.19238         33784.2266         1463.33582    
   3.80590653         7031.92773         33794.7852         1463.18445    
   3.80690646         7032.66162         33805.3516         1463.03271    
   3.80790639         7033.39551         33815.9062         1462.88123    
   3.80890632         7034.12939         33826.4727         1462.72937    
   3.80990624         7034.86328         33837.0312         1462.57812    
   3.81090617         7035.59668         33847.6016         1462.42639    
   3.81190610         7036.32959         33858.1523         1462.27502    
   3.81290603         7037.06201         33868.7227         1462.12317    
   3.81390595         7037.79639         33879.2891         1461.97229    
   3.81490588         7038.52832         33889.8516         1461.82043    
   3.81590581         7039.26074         33900.4141         1461.66907    
   3.81690574         7039.99219         33910.9805         1461.51758    
   3.81790566         7040.72363         33921.5430         1461.36609    
   3.81890559         7041.45605         33932.1133         1461.21484    
   3.81990552         7042.18750         33942.6758         1461.06348    
   3.82090545         7042.91895         33953.2461         1460.91187    
   3.82190537         7043.64893         33963.8086         1460.76062    
   3.82290530         7044.38037         33974.3828         1460.60925    
   3.82390523         7045.11182         33984.9492         1460.45825    
   3.82490516         7045.84131         33995.5156         1460.30652    
   3.82590508         7046.57178         34006.0859         1460.15552    
   3.82690501         7047.30176         34016.6562         1460.00415    
   3.82790494         7048.03125         34027.2266         1459.85303    
   3.82890487         7048.76074         34037.7969         1459.70166    
   3.82990479         7049.48975         34048.3594         1459.55054    
   3.83090472         7050.21924         34058.9375         1459.39917    
   3.83190465         7050.94775         34069.5078         1459.24817    
   3.83290458         7051.67578         34080.0781         1459.09680    
   3.83390450         7052.40381         34090.6445         1458.94580    
   3.83490443         7053.13281         34101.2266         1458.79468    
   3.83590436         7053.86035         34111.7891         1458.64355    
   3.83690429         7054.58740         34122.3672         1458.49219    
   3.83790421         7055.31592         34132.9414         1458.34143    
   3.83890414         7056.04346         34143.5195         1458.19031    
   3.83990407         7056.76953         34154.0859         1458.03918    
   3.84090400         7057.49756         34164.6680         1457.88831    
   3.84190392         7058.22363         34175.2383         1457.73730    
   3.84290385         7058.94922         34185.8125         1457.58594    
   3.84390378         7059.67480         34196.3867         1457.43506    
   3.84490371         7060.40234         34206.9727         1457.28418    
   3.84590364         7061.12744         34217.5430         1457.13342    
   3.84690356         7061.85303         34228.1211         1456.98230    
   3.84790349         7062.57812         34238.6953         1456.83142    
   3.84890342         7063.30273         34249.2734         1456.68042    
   3.84990335         7064.02832         34259.8516         1456.52966    
   3.85090327         7064.75342         34270.4375         1456.37903    
   3.85190320         7065.47656         34281.0078         1456.22791    
   3.85290313         7066.20166         34291.5977         1456.07715    
   3.85390306         7066.92529         34302.1680         1455.92651    
   3.85490298         7067.64893         34312.7539         1455.77551    
   3.85590291         7068.37305         34323.3359         1455.62500    
   3.85690284         7069.09570         34333.9141         1455.47388    
   3.85790277         7069.81885         34344.4922         1455.32336    
   3.85890269         7070.54248         34355.0781         1455.17261    
   3.85990262         7071.26416         34365.6562         1455.02185    
   3.86090255         7071.98633         34376.2383         1454.87097    
   3.86190248         7072.70898         34386.8164         1454.72046    
   3.86290240         7073.43066         34397.4023         1454.56958    
   3.86390233         7074.15283         34407.9844         1454.41919    
   3.86490226         7074.87451         34418.5742         1454.26843    
   3.86590219         7075.59570         34429.1484         1454.11804    
   3.86690211         7076.31738         34439.7461         1453.96741    
   3.86790204         7077.03711         34450.3203         1453.81677    
   3.86890197         7077.75830         34460.9141         1453.66614    
   3.86990190         7078.47900         34471.4961         1453.51575    
   3.87090182         7079.19824         34482.0820         1453.36499    
   3.87190175         7079.91943         34492.6719         1453.21484    
   3.87290168         7080.63867         34503.2578         1453.06409    
   3.87390161         7081.35791         34513.8398         1452.91370    
   3.87490153         7082.07861         34524.4375         1452.76331    
   3.87590146         7082.79736         34535.0195         1452.61304    
   3.87690139         7083.51562         34545.6055         1452.46228    
   3.87790132         7084.23438         34556.1953         1452.31201    
   3.87890124         7084.95264         34566.7852         1452.16150    
   3.87990117         7085.67090         34577.3711         1452.01123    
   3.88090110         7086.38867         34587.9648         1451.86072    
   3.88190103         7087.10693         34598.5508         1451.71045    
   3.88290095         7087.82471         34609.1445         1451.56018    
   3.88390088         7088.54199         34619.7344         1451.40991    
   3.88490081         7089.25830         34630.3242         1451.25928    
   3.88590074         7089.97607         34640.9180         1451.10938    
   3.88690066         7090.69336         34651.5156         1450.95911    
   3.88790059         7091.40869         34662.1055         1450.80884    
   3.88890052         7092.12695         34672.7031         1450.65881    
   3.88990045         7092.84229         34683.2930         1450.50854    
   3.89090037         7093.55859         34693.8906         1450.35840    
   3.89190030         7094.27344         34704.4805         1450.20813    
   3.89290023         7094.98926         34715.0742         1450.05798    
   3.89390016         7095.70459         34725.6680         1449.90796    
   3.89490008         7096.41895         34736.2617         1449.75745    
   3.89590001         7097.13477         34746.8594         1449.60791    
   3.89689994         7097.84814         34757.4531         1449.45740    
   3.89789987         7098.56201         34768.0469         1449.30737    
   3.89889979         7099.27734         34778.6484         1449.15735    
   3.89989972         7099.99170         34789.2422         1449.00769    
   3.90089965         7100.70557         34799.8477         1448.85742    
   3.90189958         7101.41895         34810.4414         1448.70752    
   3.90289950         7102.13184         34821.0391         1448.55750    
   3.90389943         7102.84521         34831.6367         1448.40759    
   3.90489936         7103.55811         34842.2383         1448.25769    
   3.90589929         7104.27002         34852.8320         1448.10767    
   3.90689921         7104.98340         34863.4375         1447.95776    
   3.90789914         7105.69531         34874.0312         1447.80798    
   3.90889907         7106.40723         34884.6406         1447.65796    
   3.90989900         7107.11865         34895.2305         1447.50830    
   3.91089892         7107.83105         34905.8438         1447.35840    
   3.91189885         7108.54248         34916.4375         1447.20862    
   3.91289878         7109.25342         34927.0469         1447.05884    
   3.91389871         7109.96436         34937.6406         1446.90906    
   3.91489863         7110.67578         34948.2500         1446.75940    
   3.91589856         7111.38525         34958.8477         1446.60950    
   3.91689849         7112.09570         34969.4531         1446.45959    
   3.91789842         7112.80518         34980.0547         1446.31006    
   3.91889834         7113.51611         34990.6641         1446.16028    
   3.91989827         7114.22656         35001.2656         1446.01099    
   3.92089820         7114.93506         35011.8711         1445.86096    
   3.92189813         7115.64502         35022.4766         1445.71167    
   3.92289805         7116.35352         35033.0820         1445.56177    
   3.92389798         7117.06201         35043.6875         1445.41223    
   3.92489791         7117.77197         35054.3008         1445.26282    
   3.92589784         7118.47998         35064.9023         1445.11328    
   3.92689776         7119.18750         35075.5117         1444.96338    
   3.92789769         7119.89551         35086.1133         1444.81409    
   3.92889762         7120.60400         35096.7305         1444.66455    
   3.92989755         7121.31055         35107.3320         1444.51501    
   3.93089747         7122.01953         35117.9492         1444.36572    
   3.93189740         7122.72559         35128.5508         1444.21619    
   3.93289733         7123.43311         35139.1641         1444.06665    
   3.93389726         7124.13916         35149.7695         1443.91724    
   3.93489718         7124.84619         35160.3906         1443.76794    
   3.93589711         7125.55225         35170.9883         1443.61853    
   3.93689704         7126.25781         35181.6055         1443.46887    
   3.93789697         7126.96533         35192.2188         1443.32007    
   3.93889689         7127.66943         35202.8281         1443.17029    
   3.93989682         7128.37549         35213.4375         1443.02124    
   3.94089675         7129.08105         35224.0586         1442.87183    
   3.94189668         7129.78613         35234.6641         1442.72278    
   3.94289660         7130.49121         35245.2812         1442.57336    
   3.94389653         7131.19531         35255.8906         1442.42407    
   3.94489646         7131.90039         35266.5117         1442.27490    
   3.94589639         7132.60400         35277.1172         1442.12573    
   3.94689631         7133.30762         35287.7305         1441.97632    
   3.94789624         7134.01172         35298.3516         1441.82727    
   3.94889617         7134.71631         35308.9727         1441.67810    
   3.94989610         7135.41895         35319.5781         1441.52905    
   3.95089602         7136.12256         35330.2031         1441.38000    
   3.95189595         7136.82568         35340.8164         1441.23108    
   3.95289588         7137.52783         35351.4336         1441.08167    
   3.95389581         7138.23145         35362.0547         1440.93286    
   3.95489573         7138.93359         35372.6719         1440.78369    
   3.95589566         7139.63428         35383.2812         1440.63452    
   3.95689559         7140.33643         35393.9062         1440.48560    
   3.95789552         7141.03857         35404.5195         1440.33667    
   3.95889544         7141.74072         35415.1484         1440.18762    
   3.95989537         7142.44043         35425.7578         1440.03870    
   3.96089530         7143.14258         35436.3828         1439.88965    
   3.96189523         7143.84424         35447.0078         1439.74109    
   3.96289515         7144.54541         35457.6367         1439.59216    
   3.96389508         7145.24463         35468.2461         1439.44324    
   3.96489501         7145.94531         35478.8672         1439.29419    
   3.96589494         7146.64502         35489.4883         1439.14551    
   3.96689487         7147.34521         35500.1094         1438.99658    
   3.96789479         7148.04443         35510.7305         1438.84790    
   3.96889472         7148.74316         35521.3555         1438.69885    
   3.96989465         7149.44336         35531.9805         1438.55029    
   3.97089458         7150.14209         35542.6055         1438.40137    
   3.97189450         7150.84082         35553.2266         1438.25281    
   3.97289443         7151.53955         35563.8555         1438.10400    
   3.97389436         7152.23682         35574.4727         1437.95532    
   3.97489429         7152.93604         35585.1055         1437.80664    
   3.97589421         7153.63379         35595.7266         1437.65796    
   3.97689414         7154.33105         35606.3555         1437.50916    
   3.97789407         7155.02881         35616.9766         1437.36072    
   3.97889400         7155.72656         35627.6055         1437.21216    
   3.97989392         7156.42432         35638.2305         1437.06360    
   3.98089385         7157.12158         35648.8633         1436.91492    
   3.98189378         7157.81836         35659.4883         1436.76660    
   3.98289371         7158.51465         35670.1172         1436.61792    
   3.98389363         7159.21094         35680.7422         1436.46948    
   3.98489356         7159.90723         35691.3750         1436.32092    
   3.98589349         7160.60254         35702.0000         1436.17249    
   3.98689342         7161.29883         35712.6367         1436.02393    
   3.98789334         7161.99414         35723.2617         1435.87561    
   3.98889327         7162.68848         35733.8906         1435.72693    
   3.98989320         7163.38379         35744.5195         1435.57861    
   3.99089313         7164.07861         35755.1523         1435.43005    
   3.99189305         7164.77393         35765.7852         1435.28210    
   3.99289298         7165.46826         35776.4180         1435.13342    
   3.99389291         7166.16260         35787.0508         1434.98535    
   3.99489284         7166.85742         35797.6875         1434.83704    
   3.99589276         7167.55029         35808.3125         1434.68872    
   3.99689269         7168.24512         35818.9531         1434.54053    
   3.99789262         7168.93750         35829.5781         1434.39209    
   3.99889255         7169.63135         35840.2188         1434.24390    
   3.99989247         7170.32324         35850.8438         1434.09558    
   4.00089264         7171.01758         35861.4883         1433.94739    
   4.00189257         7171.70947         35872.1172         1433.79919    
   4.00289249         7172.40186         35882.7578         1433.65100    
   4.00389242         7173.09424         35893.3945         1433.50293    
   4.00489235         7173.78564         35904.0234         1433.35461    
   4.00589228         7174.47754         35914.6641         1433.20667    
   4.00689220         7175.16943         35925.3008         1433.05847    
   4.00789213         7175.86035         35935.9375         1432.91028    
   4.00889206         7176.55176         35946.5742         1432.76233    
   4.00989199         7177.24316         35957.2148         1432.61438    
   4.01089191         7177.93506         35967.8555         1432.46655    
   4.01189184         7178.62451         35978.4883         1432.31836    
   4.01289177         7179.31494         35989.1289         1432.17029    
   4.01389170         7180.00488         35999.7695         1432.02234    
   4.01489162         7180.69531         36010.4062         1431.87439    
   4.01589155         7181.38525         36021.0547         1431.72668    
   4.01689148         7182.07520         36031.6914         1431.57874    
   4.01789141         7182.76416         36042.3320         1431.43079    
   4.01889133         7183.45410         36052.9766         1431.28308    
   4.01989126         7184.14209         36063.6094         1431.13501    
   4.02089119         7184.83154         36074.2617         1430.98743    
   4.02189112         7185.52100         36084.9023         1430.83960    
   4.02289104         7186.20801         36095.5391         1430.69153    
   4.02389097         7186.89648         36106.1836         1430.54395    
   4.02489090         7187.58496         36116.8320         1430.39612    
   4.02589083         7188.27246         36127.4727         1430.24841    
   4.02689075         7188.96045         36138.1172         1430.10071    
   4.02789068         7189.64844         36148.7656         1429.95312    
   4.02889061         7190.33398         36159.3984         1429.80518    
   4.02989054         7191.02197         36170.0547         1429.65771    
   4.03089046         7191.70801         36180.6953         1429.51001    
   4.03189039         7192.39453         36191.3398         1429.36230    
   4.03289032         7193.08203         36201.9922         1429.21497    
   4.03389025         7193.76807         36212.6367         1429.06726    
   4.03489017         7194.45410         36223.2852         1428.91968    
   4.03589010         7195.14014         36233.9336         1428.77234    
   4.03689003         7195.82568         36244.5859         1428.62463    
   4.03788996         7196.51025         36255.2305         1428.47717    
   4.03888988         7197.19531         36265.8750         1428.32959    
   4.03988981         7197.87988         36276.5234         1428.18201    
   4.04088974         7198.56592         36287.1797         1428.03479    
   4.04188967         7199.25000         36297.8242         1427.88721    
   4.04288960         7199.93408         36308.4727         1427.73975    
   4.04388952         7200.61719         36319.1211         1427.59216    
   4.04488945         7201.30176         36329.7695         1427.44482    
   4.04588938         7201.98682         36340.4297         1427.29785    
   4.04688931         7202.66992         36351.0781         1427.15039    
   4.04788923         7203.35352         36361.7305         1427.00317    
   4.04888916         7204.03613         36372.3789         1426.85571    
   4.04988909         7204.71826         36383.0273         1426.70813    
   4.05088902         7205.40186         36393.6836         1426.56116    
   4.05188894         7206.08350         36404.3359         1426.41370    
   4.05288887         7206.76709         36414.9922         1426.26672    
   4.05388880         7207.44922         36425.6445         1426.11938    
   4.05488873         7208.13037         36436.2969         1425.97205    
   4.05588865         7208.81250         36446.9492         1425.82507    
   4.05688858         7209.49463         36457.6094         1425.67798    
   4.05788851         7210.17480         36468.2617         1425.53064    
   4.05888844         7210.85693         36478.9180         1425.38367    
   4.05988836         7211.53711         36489.5703         1425.23633    
   4.06088829         7212.21875         36500.2305         1425.08948    
   4.06188822         7212.89844         36510.8906         1424.94226    
   4.06288815         7213.57959         36521.5430         1424.79541    
   4.06388807         7214.25928         36532.1992         1424.64832    
   4.06488800         7214.93994         36542.8633         1424.50134    
   4.06588793         7215.62061         36553.5234         1424.35461    
   4.06688786         7216.29932         36564.1797         1424.20740    
   4.06788778         7216.97852         36574.8359         1424.06055    
   4.06888771         7217.65820         36585.4961         1423.91357    
   4.06988764         7218.33789         36596.1641         1423.76685    
   4.07088757         7219.01562         36606.8164         1423.61975    
   4.07188749         7219.69482         36617.4766         1423.47290    
   4.07288742         7220.37256         36628.1367         1423.32605    
   4.07388735         7221.05029         36638.7969         1423.17908    
   4.07488728         7221.72900         36649.4609         1423.03247    
   4.07588720         7222.40723         36660.1250         1422.88562    
   4.07688713         7223.08447         36670.7852         1422.73877    
   4.07788706         7223.76123         36681.4414         1422.59192    
   4.07888699         7224.43896         36692.1094         1422.44531    
   4.07988691         7225.11572         36702.7695         1422.29858    
   4.08088684         7225.79297         36713.4375         1422.15186    
   4.08188677         7226.47021         36724.1055         1422.00525    
   4.08288670         7227.14551         36734.7656         1421.85852    
   4.08388662         7227.82129         36745.4219         1421.71179    
   4.08488655         7228.49854         36756.0977         1421.56543    
   4.08588648         7229.17480         36766.7656         1421.41882    
   4.08688641         7229.84912         36777.4258         1421.27197    
   4.08788633         7230.52588         36788.0938         1421.12573    
   4.08888626         7231.20020         36798.7578         1420.97888    
   4.08988619         7231.87500         36809.4219         1420.83240    
   4.09088612         7232.55029         36820.0938         1420.68591    
   4.09188604         7233.22510         36830.7578         1420.53943    
   4.09288597         7233.89844         36841.4219         1420.39282    
   4.09388590         7234.57373         36852.0938         1420.24646    
   4.09488583         7235.24756         36862.7617         1420.10010    
   4.09588575         7235.92285         36873.4375         1419.95386    
   4.09688568         7236.59619         36884.1055         1419.80750    
   4.09788561         7237.26953         36894.7695         1419.66101    
   4.09888554         7237.94238         36905.4375         1419.51453    
   4.09988546         7238.61621         36916.1133         1419.36841    
   4.10088539         7239.28906         36926.7852         1419.22205    
   4.10188532         7239.96191         36937.4570         1419.07593    
   4.10288525         7240.63428         36948.1289         1418.92944    
   4.10388517         7241.30713         36958.8008         1418.78333    
   4.10488510         7241.97998         36969.4766         1418.63721    
   4.10588503         7242.65088         36980.1445         1418.49072    
   4.10688496         7243.32227         36990.8125         1418.34460    
   4.10788488         7243.99365         37001.4844         1418.19836    
   4.10888481         7244.66553         37012.1641         1418.05225    
   4.10988474         7245.33594         37022.8320         1417.90601    
   4.11088467         7246.00684         37033.5039         1417.75977    
   4.11188459         7246.67822         37044.1875         1417.61389    
   4.11288452         7247.34912         37054.8594         1417.46777    
   4.11388445         7248.02051         37065.5430         1417.32190    
   4.11488438         7248.68994         37076.2109         1417.17566    
   4.11588430         7249.35889         37086.8828         1417.02942    
   4.11688423         7250.03027         37097.5664         1416.88379    
   4.11788416         7250.70020         37108.2422         1416.73779    
   4.11888409         7251.36914         37118.9180         1416.59180    
   4.11988401         7252.03857         37129.5977         1416.44580    
   4.12088394         7252.70605         37140.2695         1416.29968    
   4.12188387         7253.37598         37150.9492         1416.15393    
   4.12288380         7254.04492         37161.6289         1416.00818    
   4.12388372         7254.71338         37172.3086         1415.86218    
   4.12488365         7255.38086         37182.9805         1415.71619    
   4.12588358         7256.04932         37193.6641         1415.57043    
   4.12688351         7256.71680         37204.3438         1415.42468    
   4.12788343         7257.38525         37215.0273         1415.27893    
   4.12888336         7258.05273         37225.7031         1415.13306    
   4.12988329         7258.72070         37236.3906         1414.98743    
   4.13088322         7259.38721         37247.0703         1414.84155    
   4.13188314         7260.05371         37257.7461         1414.69580    
   4.13288307         7260.72168         37268.4375         1414.55042    
   4.13388300         7261.38818         37279.1133         1414.40466    
   4.13488293         7262.05371         37289.7969         1414.25879    
   4.13588285         7262.71973         37300.4766         1414.11316    
   4.13688278         7263.38574         37311.1602         1413.96765    
   4.13788271         7264.05127         37321.8477         1413.82190    
   4.13888264         7264.71777         37332.5312         1413.67664    
   4.13988256         7265.38232         37343.2109         1413.53076    
   4.14088249         7266.04785         37353.8945         1413.38525    
   4.14188242         7266.71338         37364.5859         1413.23987    
   4.14288235         7267.37744         37375.2656         1413.09424    
   4.14388227         7268.04297         37385.9570         1412.94897    
   4.14488220         7268.70654         37396.6406         1412.80334    
   4.14588213         7269.37158         37407.3281         1412.65796    
   4.14688206         7270.03613         37418.0195         1412.51270    
   4.14788198         7270.69922         37428.6992         1412.36707    
   4.14888191         7271.36328         37439.3945         1412.22192    
   4.14988184         7272.02734         37450.0820         1412.07654    
   4.15088177         7272.68945         37460.7656         1411.93091    
   4.15188169         7273.35205         37471.4492         1411.78564    
   4.15288162         7274.01562         37482.1445         1411.64038    
   4.15388155         7274.67920         37492.8320         1411.49524    
   4.15488148         7275.34082         37503.5195         1411.34973    
   4.15588140         7276.00293         37514.2109         1411.20447    
   4.15688133         7276.66602         37524.9023         1411.05945    
   4.15788126         7277.32861         37535.5977         1410.91431    
   4.15888119         7277.98926         37546.2812         1410.76892    
   4.15988111         7278.65137         37556.9805         1410.62378    
   4.16088104         7279.31201         37567.6602         1410.47864    
   4.16188097         7279.97461         37578.3594         1410.33374    
   4.16288090         7280.63574         37589.0586         1410.18860    
   4.16388083         7281.29492         37599.7383         1410.04321    
   4.16488075         7281.95654         37610.4375         1409.89832    
   4.16588068         7282.61719         37621.1289         1409.75330    
   4.16688061         7283.27783         37631.8281         1409.60828    
   4.16788054         7283.93750         37642.5195         1409.46313    
   4.16888046         7284.59668         37653.2070         1409.31812    
   4.16988039         7285.25781         37663.9141         1409.17346    
   4.17088032         7285.91748         37674.6055         1409.02844    
   4.17188025         7286.57617         37685.3008         1408.88342    
   4.17288017         7287.23682         37696.0039         1408.73865    
   4.17388010         7287.89404         37706.6914         1408.59363    
   4.17488003         7288.55469         37717.3945         1408.44910    
   4.17587996         7289.21191         37728.0859         1408.30396    
   4.17687988         7289.87012         37738.7812         1408.15906    
   4.17787981         7290.52832         37749.4805         1408.01416    
   4.17887974         7291.18604         37760.1797         1407.86938    
   4.17987967         7291.84375         37770.8750         1407.72449    
   4.18087959         7292.50244         37781.5781         1407.58008    
   4.18187952         7293.15967         37792.2734         1407.43518    
   4.18287945         7293.81641         37802.9766         1407.29041    
   4.18387938         7294.47412         37813.6758         1407.14587    
   4.18487930         7295.13037         37824.3711         1407.00098    
   4.18587923         7295.78809         37835.0742         1406.85657    
   4.18687916         7296.44531         37845.7812         1406.71204    
   4.18787909         7297.10059         37856.4766         1406.56714    
   4.18887901         7297.75732         37867.1797         1406.42273    
   4.18987894         7298.41357         37877.8867         1406.27808    
   4.19087887         7299.06885         37888.5820         1406.13354    
   4.19187880         7299.72412         37899.2812         1405.98889    
   4.19287872         7300.37891         37909.9805         1405.84424    
   4.19387865         7301.03467         37920.6875         1405.69995    
   4.19487858         7301.68945         37931.3906         1405.55530    
   4.19587851         7302.34473         37942.1016         1405.41101    
   4.19687843         7302.99805         37952.7969         1405.26636    
   4.19787836         7303.65381         37963.5039         1405.12219    
   4.19887829         7304.30811         37974.2109         1404.97766    
   4.19987822         7304.96338         37984.9180         1404.83350    
   4.20087814         7305.61670         37995.6172         1404.68909    
   4.20187807         7306.26953         38006.3242         1404.54456    
   4.20287800         7306.92334         38017.0273         1404.40027    
   4.20387793         7307.57666         38027.7383         1404.25598    
   4.20487785         7308.23047         38038.4453         1404.11169    
   4.20587778         7308.88330         38049.1523         1403.96753    
   4.20687771         7309.53564         38059.8555         1403.82312    
   4.20787764         7310.18945         38070.5703         1403.67920    
   4.20887756         7310.84131         38081.2734         1403.53479    
   4.20987749         7311.49316         38091.9844         1403.39062    
   4.21087742         7312.14551         38102.6914         1403.24658    
   4.21187735         7312.79736         38113.4023         1403.10229    
   4.21287727         7313.45068         38124.1211         1402.95850    
   4.21387720         7314.10107         38134.8242         1402.81421    
   4.21487713         7314.75244         38145.5352         1402.67017    
   4.21587706         7315.40381         38156.2422         1402.52612    
   4.21687698         7316.05469         38166.9570         1402.38208    
   4.21787691         7316.70508         38177.6680         1402.23792    
   4.21887684         7317.35693         38188.3867         1402.09412    
   4.21987677         7318.00586         38199.0898         1401.94983    
   4.22087669         7318.65674         38209.8047         1401.80615    
   4.22187662         7319.30713         38220.5195         1401.66223    
   4.22287655         7319.95557         38231.2266         1401.51807    
   4.22387648         7320.60693         38241.9453         1401.37439    
   4.22487640         7321.25488         38252.6484         1401.23035    
   4.22587633         7321.90381         38263.3633         1401.08643    
   4.22687626         7322.55469         38274.0859         1400.94275    
   4.22787619         7323.20410         38284.8047         1400.79907    
   4.22887611         7323.85205         38295.5195         1400.65515    
   4.22987604         7324.50049         38306.2305         1400.51135    
   4.23087597         7325.14844         38316.9414         1400.36755    
   4.23187590         7325.79883         38327.6680         1400.22400    
   4.23287582         7326.44629         38338.3867         1400.08032    
   4.23387575         7327.09326         38349.0977         1399.93640    
   4.23487568         7327.74121         38359.8164         1399.79285    
   4.23587561         7328.38818         38370.5273         1399.64905    
   4.23687553         7329.03613         38381.2500         1399.50549    
   4.23787546         7329.68359         38391.9688         1399.36194    
   4.23887539         7330.32959         38402.6875         1399.21814    
   4.23987532         7330.97705         38413.4062         1399.07483    
   4.24087524         7331.62402         38424.1289         1398.93127    
   4.24187517         7332.26953         38434.8438         1398.78748    
   4.24287510         7332.91748         38445.5703         1398.64429    
   4.24387503         7333.56201         38456.2852         1398.50049    
   4.24487495         7334.20898         38467.0117         1398.35730    
   4.24587488         7334.85449         38477.7305         1398.21375    
   4.24687481         7335.49951         38488.4492         1398.07019    
   4.24787474         7336.14404         38499.1641         1397.92676    
   4.24887466         7336.78955         38509.8867         1397.78333    
   4.24987459         7337.43457         38520.6055         1397.64001    
   4.25087452         7338.08008         38531.3359         1397.49670    
   4.25187445         7338.72412         38542.0586         1397.35327    
   4.25287437         7339.36816         38552.7812         1397.20996    
   4.25387430         7340.01270         38563.5039         1397.06665    
   4.25487423         7340.65625         38574.2305         1396.92334    
   4.25587416         7341.30078         38584.9531         1396.78015    
   4.25687408         7341.94434         38595.6758         1396.63684    
   4.25787401         7342.58887         38606.4062         1396.49390    
   4.25887394         7343.23193         38617.1328         1396.35059    
   4.25987387         7343.87305         38627.8477         1396.20715    
   4.26087379         7344.51709         38638.5742         1396.06409    
   4.26187372         7345.16016         38649.3086         1395.92114    
   4.26287365         7345.80225         38660.0273         1395.77783    
   4.26387358         7346.44531         38670.7578         1395.63477    
   4.26487350         7347.08691         38681.4844         1395.49170    
   4.26587343         7347.72949         38692.2109         1395.34863    
   4.26687336         7348.37061         38702.9375         1395.20557    
   4.26787329         7349.01318         38713.6719         1395.06262    
   4.26887321         7349.65381         38724.3945         1394.91943    
   4.26987314         7350.29590         38735.1250         1394.77661    
   4.27087307         7350.93652         38745.8555         1394.63354    
   4.27187300         7351.57861         38756.5898         1394.49084    
   4.27287292         7352.21875         38767.3125         1394.34778    
   4.27387285         7352.85938         38778.0430         1394.20483    
   4.27487278         7353.49951         38788.7734         1394.06201    
   4.27587271         7354.13965         38799.5078         1393.91907    
   4.27687263         7354.77979         38810.2344         1393.77637    
   4.27787256         7355.41943         38820.9688         1393.63342    
   4.27887249         7356.05957         38831.6992         1393.49060    
   4.27987242         7356.69873         38842.4297         1393.34778    
   4.28087234         7357.33740         38853.1602         1393.20496    
   4.28187227         7357.97852         38863.8984         1393.06262    
   4.28287220         7358.61719         38874.6367         1392.91980    
   4.28387213         7359.25684         38885.3672         1392.77710    
   4.28487206         7359.89453         38896.1055         1392.63440    
   4.28587198         7360.53369         38906.8359         1392.49182    
   4.28687191         7361.17090         38917.5703         1392.34912    
   4.28787184         7361.80957         38928.3047         1392.20642    
   4.28887177         7362.44775         38939.0430         1392.06396    
   4.28987169         7363.08545         38949.7734         1391.92139    
   4.29087162         7363.72266         38960.5156         1391.77869    
   4.29187155         7364.35986         38971.2461         1391.63623    
   4.29287148         7364.99707         38981.9844         1391.49365    
   4.29387140         7365.63477         38992.7227         1391.35132    
   4.29487133         7366.27197         39003.4648         1391.20886    
   4.29587126         7366.90869         39014.1953         1391.06628    
   4.29687119         7367.54541         39024.9375         1390.92407    
   4.29787111         7368.18115         39035.6758         1390.78149    
   4.29887104         7368.81689         39046.4102         1390.63904    
   4.29987097         7369.45361         39057.1523         1390.49683    
   4.30087090         7370.08887         39067.8906         1390.35425    
   4.30187082         7370.72510         39078.6328         1390.21216    
   4.30287075         7371.36035         39089.3750         1390.06970    
   4.30387068         7371.99512         39100.1055         1389.92737    
   4.30487061         7372.63037         39110.8516         1389.78516    
   4.30587053         7373.26465         39121.5859         1389.64270    
   4.30687046         7373.90137         39132.3398         1389.50098    
   4.30787039         7374.53467         39143.0742         1389.35852    
   4.30887032         7375.16943         39153.8203         1389.21643    
   4.30987024         7375.80371         39164.5625         1389.07422    
   4.31087017         7376.43750         39175.3008         1388.93188    
   4.31187010         7377.07227         39186.0508         1388.79004    
   4.31287003         7377.70557         39196.7930         1388.64783    
   4.31386995         7378.33936         39207.5312         1388.50586    
   4.31486988         7378.97266         39218.2773         1388.36377    
   4.31586981         7379.60547         39229.0195         1388.22156    
   4.31686974         7380.23828         39239.7695         1388.07959    
   4.31786966         7380.87158         39250.5156         1387.93762    
   4.31886959         7381.50293         39261.2500         1387.79553    
   4.31986952         7382.13721         39272.0039         1387.65381    
   4.32086945         7382.76807         39282.7461         1387.51147    
   4.32186937         7383.40039         39293.4922         1387.36975    
   4.32286930         7384.03223         39304.2383         1387.22778    
   4.32386923         7384.66455         39314.9883         1387.08606    
   4.32486916         7385.29639         39325.7344         1386.94421    
   4.32586908         7385.92773         39336.4844         1386.80237    
   4.32686901         7386.55859         39347.2305         1386.66040    
   4.32786894         7387.18945         39357.9766         1386.51855    
   4.32886887         7387.81982         39368.7227         1386.37671    
   4.32986879         7388.45068         39379.4727         1386.23499    
   4.33086872         7389.08252         39390.2305         1386.09363    
   4.33186865         7389.71240         39400.9766         1385.95166    
   4.33286858         7390.34277         39411.7266         1385.81006    
   4.33386850         7390.97168         39422.4727         1385.66821    
   4.33486843         7391.60254         39433.2266         1385.52673    
   4.33586836         7392.23193         39443.9766         1385.38513    
   4.33686829         7392.86182         39454.7266         1385.24341    
   4.33786821         7393.49072         39465.4766         1385.10168    
   4.33886814         7394.12012         39476.2305         1384.96021    
   4.33986807         7394.74902         39486.9844         1384.81873    
   4.34086800         7395.37744         39497.7344         1384.67712    
   4.34186792         7396.00537         39508.4844         1384.53540    
   4.34286785         7396.63477         39519.2422         1384.39404    
   4.34386778         7397.26221         39529.9883         1384.25244    
   4.34486771         7397.89160         39540.7500         1384.11121    
   4.34586763         7398.51904         39551.5039         1383.96985    
   4.34686756         7399.14648         39562.2539         1383.82825    
   4.34786749         7399.77393         39573.0156         1383.68689    
   4.34886742         7400.40234         39583.7695         1383.54565    
   4.34986734         7401.02881         39594.5234         1383.40417    
   4.35086727         7401.65625         39605.2773         1383.26294    
   4.35186720         7402.28223         39616.0273         1383.12146    
   4.35286713         7402.90967         39626.7969         1382.98035    
   4.35386705         7403.53662         39637.5508         1382.83911    
   4.35486698         7404.16309         39648.3086         1382.69775    
   4.35586691         7404.78906         39659.0625         1382.55652    
   4.35686684         7405.41650         39669.8320         1382.41565    
   4.35786676         7406.04102         39680.5820         1382.27429    
   4.35886669         7406.66602         39691.3359         1382.13293    
   4.35986662         7407.29297         39702.1055         1381.99194    
   4.36086655         7407.91748         39712.8555         1381.85083    
   4.36186647         7408.54346         39723.6172         1381.70972    
   4.36286640         7409.16699         39734.3711         1381.56848    
   4.36386633         7409.79199         39745.1367         1381.42737    
   4.36486626         7410.41748         39755.8945         1381.28650    
   4.36586618         7411.04102         39766.6562         1381.14539    
   4.36686611         7411.66553         39777.4180         1381.00439    
   4.36786604         7412.28955         39788.1797         1380.86340    
   4.36886597         7412.91357         39798.9375         1380.72241    
   4.36986589         7413.53809         39809.7031         1380.58154    
   4.37086582         7414.16162         39820.4688         1380.44067    
   4.37186575         7414.78467         39831.2305         1380.29968    
   4.37286568         7415.40869         39841.9961         1380.15894    
   4.37386560         7416.03125         39852.7578         1380.01794    
   4.37486553         7416.65430         39863.5195         1379.87720    
   4.37586546         7417.27686         39874.2812         1379.73633    
   4.37686539         7417.89990         39885.0508         1379.59558    
   4.37786531         7418.52246         39895.8125         1379.45483    
   4.37886524         7419.14355         39906.5703         1379.31396    
   4.37986517         7419.76562         39917.3398         1379.17310    
   4.38086510         7420.38867         39928.1133         1379.03271    
   4.38186502         7421.01074         39938.8789         1378.89197    
   4.38286495         7421.63184         39949.6445         1378.75122    
   4.38386488         7422.25391         39960.4141         1378.61072    
   4.38486481         7422.87451         39971.1797         1378.46997    
   4.38586473         7423.49512         39981.9414         1378.32935    
   4.38686466         7424.11523         39992.7031         1378.18848    
   4.38786459         7424.73682         40003.4805         1378.04810    
   4.38886452         7425.35742         40014.2422         1377.90759    
   4.38986444         7425.97754         40025.0156         1377.76709    
   4.39086437         7426.59814         40035.7852         1377.62659    
   4.39186430         7427.21729         40046.5469         1377.48596    
   4.39286423         7427.83838         40057.3203         1377.34570    
   4.39386415         7428.45801         40068.0938         1377.20520    
   4.39486408         7429.07715         40078.8633         1377.06482    
   4.39586401         7429.69629         40089.6328         1376.92432    
   4.39686394         7430.31592         40100.4023         1376.78394    
   4.39786386         7430.93359         40111.1719         1376.64343    
   4.39886379         7431.55371         40121.9414         1376.50317    
   4.39986372         7432.17188         40132.7148         1376.36292    
   4.40086365         7432.79053         40143.4883         1376.22266    
   4.40186357         7433.40869         40154.2617         1376.08228    
   4.40286350         7434.02734         40165.0352         1375.94214    
   4.40386343         7434.64502         40175.8086         1375.80176    
   4.40486336         7435.26465         40186.5938         1375.66199    
   4.40586329         7435.88135         40197.3555         1375.52148    
   4.40686321         7436.49902         40208.1328         1375.38135    
   4.40786314         7437.11523         40218.9023         1375.24109    
   4.40886307         7437.73242         40229.6797         1375.10095    
   4.40986300         7438.35010         40240.4492         1374.96094    
   4.41086292         7438.96631         40251.2266         1374.82068    
   4.41186285         7439.58350         40262.0039         1374.68066    
   4.41286278         7440.20020         40272.7812         1374.54065    
   4.41386271         7440.81543         40283.5547         1374.40051    
   4.41486263         7441.43213         40294.3320         1374.26062    
   4.41586256         7442.04932         40305.1133         1374.12073    
   4.41686249         7442.66406         40315.8906         1373.98071    
   4.41786242         7443.27930         40326.6641         1373.84058    
   4.41886234         7443.89551         40337.4414         1373.70081    
   4.41986227         7444.50928         40348.2188         1373.56067    
   4.42086220         7445.12500         40359.0000         1373.42078    
   4.42186213         7445.74072         40369.7773         1373.28113    
   4.42286205         7446.35596         40380.5625         1373.14136    
   4.42386198         7446.97070         40391.3398         1373.00146    
   4.42486191         7447.58496         40402.1211         1372.86169    
   4.42586184         7448.19922         40412.8984         1372.72180    
   4.42686176         7448.81250         40423.6758         1372.58203    
   4.42786169         7449.42627         40434.4570         1372.44214    
   4.42886162         7450.04004         40445.2344         1372.30237    
   4.42986155         7450.65479         40456.0195         1372.16296    
   4.43086147         7451.26709         40466.7969         1372.02295    
   4.43186140         7451.88086         40477.5859         1371.88354    
   4.43286133         7452.49365         40488.3672         1371.74377    
   4.43386126         7453.10693         40499.1445         1371.60413    
   4.43486118         7453.71924         40509.9297         1371.46448    
   4.43586111         7454.33203         40520.7148         1371.32495    
   4.43686104         7454.94482         40531.4961         1371.18542    
   4.43786097         7455.55713         40542.2852         1371.04590    
   4.43886089         7456.16943         40553.0664         1370.90637    
   4.43986082         7456.78076         40563.8516         1370.76685    
   4.44086075         7457.39307         40574.6367         1370.62732    
   4.44186068         7458.00586         40585.4297         1370.48828    
   4.44286060         7458.61670         40596.2109         1370.34863    
   4.44386053         7459.22656         40606.9922         1370.20898    
   4.44486046         7459.83789         40617.7734         1370.06970    
   4.44586039         7460.44971         40628.5625         1369.93030    
   4.44686031         7461.06006         40639.3516         1369.79102    
   4.44786024         7461.67090         40650.1406         1369.65173    
   4.44886017         7462.28174         40660.9297         1369.51233    
   4.44986010         7462.89160         40671.7188         1369.37305    
   4.45086002         7463.50244         40682.5039         1369.23389    
   4.45185995         7464.11230         40693.2930         1369.09473    
   4.45285988         7464.72217         40704.0859         1368.95544    
   4.45385981         7465.33154         40714.8711         1368.81628    
   4.45485973         7465.94092         40725.6641         1368.67700    
   4.45585966         7466.54932         40736.4453         1368.53760    
   4.45685959         7467.15918         40747.2383         1368.39868    
   4.45785952         7467.76855         40758.0312         1368.25964    
   4.45885944         7468.37744         40768.8242         1368.12061    
   4.45985937         7468.98682         40779.6172         1367.98145    
   4.46085930         7469.59521         40790.4062         1367.84241    
   4.46185923         7470.20361         40801.1992         1367.70349    
   4.46285915         7470.81055         40811.9844         1367.56421    
   4.46385908         7471.41943         40822.7812         1367.42542    
   4.46485901         7472.02686         40833.5703         1367.28625    
   4.46585894         7472.63428         40844.3672         1367.14722    
   4.46685886         7473.24219         40855.1562         1367.00842    
   4.46785879         7473.84863         40865.9531         1366.86938    
   4.46885872         7474.45654         40876.7461         1366.73071    
   4.46985865         7475.06396         40887.5430         1366.59180    
   4.47085857         7475.66943         40898.3281         1366.45264    
   4.47185850         7476.27783         40909.1328         1366.31421    
   4.47285843         7476.88330         40919.9258         1366.17517    
   4.47385836         7477.48975         40930.7188         1366.03638    
   4.47485828         7478.09619         40941.5195         1365.89771    
   4.47585821         7478.70215         40952.3125         1365.75891    
   4.47685814         7479.30762         40963.1055         1365.62012    
   4.47785807         7479.91357         40973.9023         1365.48145    
   4.47885799         7480.51953         40984.7031         1365.34290    
   4.47985792         7481.12451         40995.5000         1365.20410    
   4.48085785         7481.73096         41006.3047         1365.06567    
   4.48185778         7482.33447         41017.0938         1364.92676    
   4.48285770         7482.93994         41027.8945         1364.78833    
   4.48385763         7483.54492         41038.6953         1364.64978    
   4.48485756         7484.14941         41049.4922         1364.51123    
   4.48585749         7484.75342         41060.2930         1364.37268    
   4.48685741         7485.35693         41071.0898         1364.23401    
   4.48785734         7485.96094         41081.8867         1364.09546    
   4.48885727         7486.56543         41092.6875         1363.95703    
   4.48985720         7487.16943         41103.4883         1363.81860    
   4.49085712         7487.77295         41114.2930         1363.68018    
   4.49185705         7488.37598         41125.0938         1363.54163    
   4.49285698         7488.97998         41135.8945         1363.40332    
   4.49385691         7489.58350         41146.6953         1363.26514    
   4.49485683         7490.18555         41157.4961         1363.12659    
   4.49585676         7490.78857         41168.3047         1362.98828    
   4.49685669         7491.39014         41179.1016         1362.84985    
   4.49785662         7491.99365         41189.9102         1362.71167    
   4.49885654         7492.59570         41200.7070         1362.57336    
   4.49985647         7493.19727         41211.5078         1362.43506    
   4.50085640         7493.79980         41222.3125         1362.29700    
   4.50185633         7494.40186         41233.1211         1362.15881    
   4.50285625         7495.00244         41243.9219         1362.02039    
   4.50385618         7495.60449         41254.7305         1361.88232    
   4.50485611         7496.20605         41265.5391         1361.74426    
   4.50585604         7496.80713         41276.3438         1361.60608    
   4.50685596         7497.40869         41287.1484         1361.46814    
   4.50785589         7498.00879         41297.9531         1361.32983    
   4.50885582         7498.60986         41308.7617         1361.19189    
   4.50985575         7499.21094         41319.5703         1361.05383    
   4.51085567         7499.81055         41330.3750         1360.91589    
   4.51185560         7500.41064         41341.1797         1360.77783    
   4.51285553         7501.01172         41351.9922         1360.63989    
   4.51385546         7501.61084         41362.8008         1360.50183    
   4.51485538         7502.21143         41373.6094         1360.36414    
   4.51585531         7502.81006         41384.4141         1360.22607    
   4.51685524         7503.40967         41395.2266         1360.08826    
   4.51785517         7504.00879         41406.0352         1359.95032    
   4.51885509         7504.60693         41416.8398         1359.81238    
   4.51985502         7505.20605         41427.6484         1359.67444    
   4.52085495         7505.80518         41438.4609         1359.53687    
   4.52185488         7506.40381         41449.2695         1359.39893    
   4.52285480         7507.00244         41460.0898         1359.26135    
   4.52385473         7507.60010         41470.8945         1359.12341    
   4.52485466         7508.19824         41481.7031         1358.98560    
   4.52585459         7508.79541         41492.5117         1358.84790    
   4.52685452         7509.39355         41503.3242         1358.71021    
   4.52785444         7509.99219         41514.1445         1358.57275    
   4.52885437         7510.59033         41524.9609         1358.43518    
   4.52985430         7511.18652         41535.7695         1358.29736    
   4.53085423         7511.78369         41546.5820         1358.15979    
   4.53185415         7512.38037         41557.3945         1358.02209    
   4.53285408         7512.97656         41568.2070         1357.88452    
   4.53385401         7513.57422         41579.0195         1357.74707    
   4.53485394         7514.16943         41589.8320         1357.60938    
   4.53585386         7514.76709         41600.6484         1357.47205    
   4.53685379         7515.36328         41611.4727         1357.33459    
   4.53785372         7515.95996         41622.2852         1357.19727    
   4.53885365         7516.55518         41633.0977         1357.05969    
   4.53985357         7517.15088         41643.9180         1356.92224    
   4.54085350         7517.74658         41654.7305         1356.78491    
   4.54185343         7518.34131         41665.5430         1356.64734    
   4.54285336         7518.93652         41676.3633         1356.51013    
   4.54385328         7519.53125         41687.1797         1356.37268    
   4.54485321         7520.12598         41697.9922         1356.23535    
   4.54585314         7520.72070         41708.8125         1356.09802    
   4.54685307         7521.31689         41719.6367         1355.96106    
   4.54785299         7521.91064         41730.4570         1355.82373    
   4.54885292         7522.50537         41741.2734         1355.68652    
   4.54985285         7523.10010         41752.1016         1355.54956    
   4.55085278         7523.69287         41762.9141         1355.41211    
   4.55185270         7524.28760         41773.7305         1355.27502    
   4.55285263         7524.88037         41784.5547         1355.13782    
   4.55385256         7525.47412         41795.3711         1355.00073    
   4.55485249         7526.06787         41806.1953         1354.86377    
   4.55585241         7526.66064         41817.0156         1354.72656    
   4.55685234         7527.25342         41827.8359         1354.58936    
   4.55785227         7527.84619         41838.6562         1354.45239    
   4.55885220         7528.36230         41849.0547         1354.30164    
   4.55985212         7528.95361         41859.8672         1354.16443    
   4.56085205         7529.54639         41870.6914         1354.02747    
   4.56185198         7530.13818         41881.5156         1353.89038    
   4.56285191         7530.73047         41892.3398         1353.75354    
   4.56385183         7531.32227         41903.1602         1353.61658    
   4.56485176         7531.91406         41913.9844         1353.47986    
   4.56585169         7532.50537         41924.8125         1353.34277    
   4.56685162         7533.09619         41935.6289         1353.20581    
   4.56785154         7533.68848         41946.4570         1353.06921    
   4.56885147         7534.28027         41957.2930         1352.93250    
   4.56985140         7534.86963         41968.1055         1352.79553    
   4.57085133         7535.46143         41978.9375         1352.65894    
   4.57185125         7536.05176         41989.7578         1352.52197    
   4.57285118         7536.64209         42000.5820         1352.38525    
   4.57385111         7537.23291         42011.4141         1352.24866    
   4.57485104         7537.82129         42022.2305         1352.11169    
   4.57585096         7538.41357         42033.0664         1351.97534    
   4.57685089         7539.00342         42043.8945         1351.83875    
   4.57785082         7539.59180         42054.7227         1351.70203    
   4.57885075         7540.18115         42065.5430         1351.56531    
   4.57985067         7540.77148         42076.3789         1351.42896    
   4.58085060         7541.35986         42087.1992         1351.29211    
   4.58185053         7541.94922         42098.0352         1351.15576    
   4.58285046         7542.53662         42108.8555         1351.01892    
   4.58385038         7543.12695         42119.6914         1350.88269    
   4.58485031         7543.71533         42130.5195         1350.74622    
   4.58585024         7544.30469         42141.3555         1350.60986    
   4.58685017         7544.89307         42152.1875         1350.47351    
   4.58785009         7545.47852         42163.0039         1350.33667    
   4.58885002         7546.06787         42173.8398         1350.20044    
   4.58984995         7546.65381         42184.6641         1350.06372    
   4.59084988         7547.24268         42195.5039         1349.92761    
   4.59184980         7547.83105         42206.3398         1349.79150    
   4.59284973         7548.41699         42217.1641         1349.65491    
   4.59384966         7549.00439         42227.9922         1349.51855    
   4.59484959         7549.59180         42238.8281         1349.38245    
   4.59584951         7550.17969         42249.6641         1349.24634    
   4.59684944         7550.76514         42260.4961         1349.10999    
   4.59784937         7551.35156         42271.3281         1348.97375    
   4.59884930         7551.93750         42282.1602         1348.83740    
   4.59984922         7552.52393         42292.9961         1348.70129    
   4.60084915         7553.11084         42303.8359         1348.56531    
   4.60184908         7553.69629         42314.6680         1348.42920    
   4.60284901         7554.28223         42325.5039         1348.29297    
   4.60384893         7554.86768         42336.3398         1348.15686    
   4.60484886         7555.45166         42347.1680         1348.02063    
   4.60584879         7556.03857         42358.0078         1347.88477    
   4.60684872         7556.62305         42368.8438         1347.74878    
   4.60784864         7557.20801         42379.6797         1347.61267    
   4.60884857         7557.79199         42390.5156         1347.47656    
   4.60984850         7558.37842         42401.3594         1347.34094    
   4.61084843         7558.96338         42412.1953         1347.20508    
   4.61184835         7559.54736         42423.0273         1347.06909    
   4.61284828         7560.13135         42433.8672         1346.93311    
   4.61384821         7560.71631         42444.7109         1346.79749    
   4.61484814         7561.29932         42455.5469         1346.66138    
   4.61584806         7561.88281         42466.3906         1346.52551    
   4.61684799         7562.46680         42477.2266         1346.38989    
   4.61784792         7563.04980         42488.0664         1346.25391    
   4.61884785         7563.63379         42498.9062         1346.11841    
   4.61984777         7564.21631         42509.7422         1345.98242    
   4.62084770         7564.79980         42520.5898         1345.84680    
   4.62184763         7565.38232         42531.4258         1345.71106    
   4.62284756         7565.96436         42542.2656         1345.57520    
   4.62384748         7566.54736         42553.1055         1345.43970    
   4.62484741         7567.13037         42563.9492         1345.30408    
   4.62584734         7567.71240         42574.7930         1345.16846    
   4.62684727         7568.29395         42585.6328         1345.03271    
   4.62784719         7568.87598         42596.4805         1344.89722    
   4.62884712         7569.45605         42607.3125         1344.76147    
   4.62984705         7570.03906         42618.1641         1344.62610    
   4.63084698         7570.61963         42629.0000         1344.49036    
   4.63184690         7571.20264         42639.8555         1344.35522    
   4.63284683         7571.78320         42650.6953         1344.21960    
   4.63384676         7572.36328         42661.5352         1344.08411    
   4.63484669         7572.94531         42672.3867         1343.94885    
   4.63584661         7573.52490         42683.2305         1343.81311    
   4.63684654         7574.10547         42694.0703         1343.67773    
   4.63784647         7574.68555         42704.9180         1343.54236    
   4.63884640         7575.26611         42715.7656         1343.40710    
   4.63984632         7575.84570         42726.6055         1343.27161    
   4.64084625         7576.42773         42737.4648         1343.13672    
   4.64184618         7577.00635         42748.3086         1343.00122    
   4.64284611         7577.58594         42759.1484         1342.86584    
   4.64384604         7578.16504         42769.9922         1342.73071    
   4.64484596         7578.74463         42780.8477         1342.59546    
   4.64584589         7579.32422         42791.6992         1342.46033    
   4.64684582         7579.90186         42802.5391         1342.32495    
   4.64784575         7580.48291         42813.3984         1342.19019    
   4.64884567         7581.06055         42824.2422         1342.05493    
   4.64984560         7581.64014         42835.0977         1341.91992    
   4.65084553         7582.21777         42845.9414         1341.78467    
   4.65184546         7582.79639         42856.7891         1341.64966    
   4.65284538         7583.37305         42867.6367         1341.51428    
   4.65384531         7583.95166         42878.4844         1341.37939    
   4.65484524         7584.52930         42889.3398         1341.24438    
   4.65584517         7585.10693         42900.1914         1341.10950    
   4.65684509         7585.68506         42911.0430         1340.97449    
   4.65784502         7586.26270         42921.8984         1340.83948    
   4.65884495         7586.83936         42932.7461         1340.70459    
   4.65984488         7587.41699         42943.6016         1340.56970    
   4.66084480         7587.99365         42954.4570         1340.43494    
   4.66184473         7588.56982         42965.3047         1340.29980    
   4.66284466         7589.14551         42976.1484         1340.16479    
   4.66384459         7589.72314         42987.0117         1340.03027    
   4.66484451         7590.29980         42997.8672         1339.89551    
   4.66584444         7590.87500         43008.7188         1339.76062    
   4.66684437         7591.45166         43019.5742         1339.62598    
   4.66784430         7592.02783         43030.4297         1339.49121    
   4.66884422         7592.60254         43041.2812         1339.35645    
   4.66984415         7593.17773         43052.1328         1339.22156    
   4.67084408         7593.75342         43062.9922         1339.08704    
   4.67184401         7594.32861         43073.8516         1338.95227    
   4.67284393         7594.90381         43084.6992         1338.81775    
   4.67384386         7595.47949         43095.5625         1338.68323    
   4.67484379         7596.05371         43106.4180         1338.54846    
   4.67584372         7596.62744         43117.2695         1338.41382    
   4.67684364         7597.20166         43128.1250         1338.27917    
   4.67784357         7597.77686         43138.9883         1338.14490    
   4.67884350         7598.35156         43149.8516         1338.01038    
   4.67984343         7598.92578         43160.7070         1337.87585    
   4.68084335         7599.49902         43171.5664         1337.74133    
   4.68184328         7600.07324         43182.4297         1337.60693    
   4.68284321         7600.64648         43193.2812         1337.47253    
   4.68384314         7601.22070         43204.1445         1337.33826    
   4.68484306         7601.79199         43214.9961         1337.20349    
   4.68584299         7602.36621         43225.8594         1337.06934    
   4.68684292         7602.93945         43236.7227         1336.93494    
   4.68784285         7603.51318         43247.5898         1336.80090    
   4.68884277         7604.08643         43258.4492         1336.66663    
   4.68984270         7604.65723         43269.3047         1336.53198    
   4.69084263         7605.22949         43280.1641         1336.39783    
   4.69184256         7605.80176         43291.0273         1336.26355    
   4.69284248         7606.37402         43301.8906         1336.12939    
   4.69384241         7606.94531         43312.7500         1335.99512    
   4.69484234         7607.51709         43323.6094         1335.86084    
   4.69584227         7608.08936         43334.4805         1335.72681    
   4.69684219         7608.65967         43345.3359         1335.59253    
   4.69784212         7609.23193         43356.2031         1335.45862    
   4.69884205         7609.80371         43367.0664         1335.32446    
   4.69984198         7610.37402         43377.9297         1335.19031    
   4.70084190         7610.94482         43388.7930         1335.05627    
   4.70184183         7611.51611         43399.6602         1334.92236    
   4.70284176         7612.08643         43410.5234         1334.78833    
   4.70384169         7612.65723         43421.3906         1334.65430    
   4.70484161         7613.22754         43432.2578         1334.52039    
   4.70584154         7613.79834         43443.1211         1334.38660    
   4.70684147         7614.36865         43453.9961         1334.25269    
   4.70784140         7614.93945         43464.8633         1334.11902    
   4.70884132         7615.50635         43475.7227         1333.98462    
   4.70984125         7616.07568         43486.5859         1333.85083    
   4.71084118         7616.64648         43497.4609         1333.71704    
   4.71184111         7617.21631         43508.3242         1333.58325    
   4.71284103         7617.78467         43519.1914         1333.44946    
   4.71384096         7618.35449         43530.0625         1333.31580    
   4.71484089         7618.92236         43540.9336         1333.18188    
   4.71584082         7619.49121         43551.8008         1333.04822    
   4.71684074         7620.06006         43562.6680         1332.91443    
   4.71784067         7620.62744         43573.5312         1332.78076    
   4.71884060         7621.19629         43584.4062         1332.64709    
   4.71984053         7621.76514         43595.2812         1332.51367    
   4.72084045         7622.33203         43606.1484         1332.37976    
   4.72184038         7622.90088         43617.0195         1332.24634    
   4.72284031         7623.46777         43627.8906         1332.11267    
   4.72384024         7624.03564         43638.7656         1331.97913    
   4.72484016         7624.60254         43649.6328         1331.84558    
   4.72584009         7625.16895         43660.5000         1331.71179    
   4.72684002         7625.73682         43671.3750         1331.57837    
   4.72783995         7626.30371         43682.2422         1331.44495    
   4.72883987         7626.87061         43693.1211         1331.31152    
   4.72983980         7627.43750         43703.9922         1331.17822    
   4.73083973         7628.00342         43714.8672         1331.04468    
   4.73183966         7628.57031         43725.7422         1330.91138    
   4.73283958         7629.13574         43736.6094         1330.77783    
   4.73383951         7629.70264         43747.4922         1330.64453    
   4.73483944         7630.26855         43758.3633         1330.51135    
   4.73583937         7630.83398         43769.2344         1330.37793    
   4.73683929         7631.39990         43780.1172         1330.24475    
   4.73783922         7631.96631         43790.9922         1330.11157    
   4.73883915         7632.53125         43801.8711         1329.97827    
   4.73983908         7633.09570         43812.7383         1329.84485    
   4.74083900         7633.66162         43823.6211         1329.71179    
   4.74183893         7634.22607         43834.4922         1329.57861    
   4.74283886         7634.79004         43845.3672         1329.44531    
   4.74383879         7635.35547         43856.2500         1329.31226    
   4.74483871         7635.91943         43867.1250         1329.17920    
   4.74583864         7636.48291         43878.0000         1329.04590    
   4.74683857         7637.04932         43888.8906         1328.91321    
   4.74783850         7637.61182         43899.7578         1328.77979    
   4.74883842         7638.17676         43910.6445         1328.64697    
   4.74983835         7638.74023         43921.5195         1328.51392    
   4.75083828         7639.30273         43932.3945         1328.38074    
   4.75183821         7639.86621         43943.2734         1328.24780    
   4.75283813         7640.42969         43954.1484         1328.11475    
   4.75383806         7640.99219         43965.0312         1327.98169    
   4.75483799         7641.55615         43975.9180         1327.84912    
   4.75583792         7642.11865         43986.7969         1327.71606    
   4.75683784         7642.68115         43997.6797         1327.58325    
   4.75783777         7643.24463         44008.5625         1327.45044    
   4.75883770         7643.80518         44019.4336         1327.31738    
   4.75983763         7644.36865         44030.3203         1327.18481    
   4.76083755         7644.93018         44041.2031         1327.05188    
   4.76183748         7645.49219         44052.0859         1326.91907    
   4.76283741         7646.05518         44062.9727         1326.78662    
   4.76383734         7646.61523         44073.8477         1326.65344    
   4.76483727         7647.17773         44084.7344         1326.52100    
   4.76583719         7647.73926         44095.6211         1326.38831    
   4.76683712         7648.29980         44106.5000         1326.25562    
   4.76783705         7648.86084         44117.3789         1326.12292    
   4.76883698         7649.42236         44128.2695         1325.99036    
   4.76983690         7649.98486         44139.1641         1325.85803    
   4.77083683         7650.54395         44150.0391         1325.72510    
   4.77183676         7651.10352         44160.9219         1325.59253    
   4.77283669         7651.66504         44171.8125         1325.46021    
   4.77383661         7652.22607         44182.7031         1325.32776    
   4.77483654         7652.78467         44193.5781         1325.19507    
   4.77583647         7653.34473         44204.4688         1325.06250    
   4.77683640         7653.90430         44215.3555         1324.93018    
   4.77783632         7654.46533         44226.2500         1324.79785    
   4.77883625         7655.02393         44237.1328         1324.66541    
   4.77983618         7655.58301         44248.0117         1324.53284    
   4.78083611         7656.14307         44258.9023         1324.40051    
   4.78183603         7656.70264         44269.7969         1324.26843    
   4.78283596         7657.26074         44280.6836         1324.13586    
   4.78383589         7657.82031         44291.5742         1324.00378    
   4.78483582         7658.37842         44302.4609         1323.87134    
   4.78583574         7658.93652         44313.3516         1323.73901    
   4.78683567         7659.49463         44324.2383         1323.60669    
   4.78783560         7660.05371         44335.1328         1323.47461    
   4.78883553         7660.61182         44346.0195         1323.34241    
   4.78983545         7661.16943         44356.9102         1323.21021    
   4.79083538         7661.72656         44367.7969         1323.07788    
   4.79183531         7662.28467         44378.6875         1322.94592    
   4.79283524         7662.84277         44389.5820         1322.81384    
   4.79383516         7663.39990         44400.4766         1322.68176    
   4.79483509         7663.95605         44411.3594         1322.54944    
   4.79583502         7664.51318         44422.2578         1322.41736    
   4.79683495         7665.07031         44433.1484         1322.28552    
   4.79783487         7665.62744         44444.0469         1322.15344    
   4.79883480         7666.18408         44454.9375         1322.02148    
   4.79983473         7666.74121         44465.8281         1321.88953    
   4.80083466         7667.29834         44476.7266         1321.75781    
   4.80183458         7667.85254         44487.6094         1321.62549    
   4.80283451         7668.40967         44498.5156         1321.49377    
   4.80383444         7668.96631         44509.4102         1321.36194    
   4.80483437         7669.52246         44520.3086         1321.23010    
   4.80583429         7670.07666         44531.1953         1321.09814    
   4.80683422         7670.63232         44542.0898         1320.96631    
   4.80783415         7671.18848         44552.9883         1320.83459    
   4.80883408         7671.74365         44563.8828         1320.70288    
   4.80983400         7672.29834         44574.7734         1320.57092    
   4.81083393         7672.85352         44585.6836         1320.43933    
   4.81183386         7673.40820         44596.5664         1320.30750    
   4.81283379         7673.96143         44607.4609         1320.17566    
   4.81383371         7674.51807         44618.3711         1320.04431    
   4.81483364         7675.07129         44629.2617         1319.91248    
   4.81583357         7675.62598         44640.1641         1319.78088    
   4.81683350         7676.18018         44651.0625         1319.64929    
   4.81783342         7676.73389         44661.9609         1319.51758    
   4.81883335         7677.28857         44672.8594         1319.38623    
   4.81983328         7677.84131         44683.7578         1319.25439    
   4.82083321         7678.39453         44694.6484         1319.12292    
   4.82183313         7678.94922         44705.5625         1318.99158    
   4.82283306         7679.50195         44716.4570         1318.85999    
   4.82383299         7680.05518         44727.3555         1318.72864    
   4.82483292         7680.60693         44738.2539         1318.59692    
   4.82583284         7681.16064         44749.1562         1318.46570    
   4.82683277         7681.71338         44760.0625         1318.33423    
   4.82783270         7682.26611         44770.9570         1318.20288    
   4.82883263         7682.81787         44781.8594         1318.07141    
   4.82983255         7683.37158         44792.7656         1317.94031    
   4.83083248         7683.92334         44803.6641         1317.80896    
   4.83183241         7684.47510         44814.5703         1317.67761    
   4.83283234         7685.02588         44825.4688         1317.54614    
   4.83383226         7685.57861         44836.3789         1317.41504    
   4.83483219         7686.13037         44847.2812         1317.28381    
   4.83583212         7686.68115         44858.1836         1317.15259    
   4.83683205         7687.23193         44869.0820         1317.02124    
   4.83783197         7687.78320         44879.9844         1316.89014    
   4.83883190         7688.33496         44890.8945         1316.75903    
   4.83983183         7688.88574         44901.8008         1316.62793    
   4.84083176         7689.43652         44912.6992         1316.49683    
   4.84183168         7689.98730         44923.6133         1316.36584    
   4.84283161         7690.53857         44934.5195         1316.23486    
   4.84383154         7691.08740         44945.4219         1316.10352    
   4.84483147         7691.63818         44956.3320         1315.97266    
   4.84583139         7692.18848         44967.2344         1315.84167    
   4.84683132         7692.73730         44978.1406         1315.71045    
   4.84783125         7693.28760         44989.0508         1315.57959    
   4.84883118         7693.83740         44999.9570         1315.44873    
   4.84983110         7694.38770         45010.8672         1315.31787    
   4.85083103         7694.93652         45021.7734         1315.18701    
   4.85183096         7695.48584         45032.6836         1315.05603    
   4.85283089         7696.03467         45043.5938         1314.92529    
   4.85383081         7696.58398         45054.4961         1314.79443    
   4.85483074         7697.13135         45065.3984         1314.66333    
   4.85583067         7697.68018         45076.3125         1314.53259    
   4.85683060         7698.22754         45087.2188         1314.40161    
   4.85783052         7698.77686         45098.1328         1314.27100    
   4.85883045         7699.32568         45109.0430         1314.14038    
   4.85983038         7699.87402         45119.9570         1314.00964    
   4.86083031         7700.42236         45130.8711         1313.87915    
   4.86183023         7700.97070         45141.7852         1313.74841    
   4.86283016         7701.51709         45152.6875         1313.61768    
   4.86383009         7702.06494         45163.6055         1313.48706    
   4.86483002         7702.61328         45174.5156         1313.35669    
   4.86582994         7703.15967         45185.4297         1313.22595    
   4.86682987         7703.70703         45196.3438         1313.09534    
   4.86782980         7704.25342         45207.2461         1312.96472    
   4.86882973         7704.79980         45218.1602         1312.83411    
   4.86982965         7705.34717         45229.0742         1312.70374    
   4.87082958         7705.89355         45239.9883         1312.57324    
   4.87182951         7706.43994         45250.9062         1312.44275    
   4.87282944         7706.98682         45261.8164         1312.31238    
   4.87382936         7707.53320         45272.7305         1312.18201    
   4.87482929         7708.07959         45283.6523         1312.05164    
   4.87582922         7708.62402         45294.5625         1311.92102    
   4.87682915         7709.17041         45305.4805         1311.79077    
   4.87782907         7709.71680         45316.3945         1311.66064    
   4.87882900         7710.26172         45327.3125         1311.53015    
   4.87982893         7710.80615         45338.2227         1311.39978    
   4.88082886         7711.35254         45349.1445         1311.26965    
   4.88182878         7711.89746         45360.0625         1311.13928    
   4.88282871         7712.44189         45370.9727         1311.00916    
   4.88382864         7712.98730         45381.8945         1310.87903    
   4.88482857         7713.53125         45392.8086         1310.74866    
   4.88582850         7714.07568         45403.7266         1310.61853    
   4.88682842         7714.61963         45414.6406         1310.48828    
   4.88782835         7715.16406         45425.5625         1310.35828    
   4.88882828         7715.70801         45436.4805         1310.22803    
   4.88982821         7716.25244         45447.4023         1310.09814    
   4.89082813         7716.79736         45458.3242         1309.96814    
   4.89182806         7717.33936         45469.2383         1309.83777    
   4.89282799         7717.88477         45480.1719         1309.70813    
   4.89382792         7718.42773         45491.0859         1309.57800    
   4.89482784         7718.96973         45502.0000         1309.44788    
   4.89582777         7719.51318         45512.9219         1309.31799    
   4.89682770         7720.05615         45523.8438         1309.18799    
   4.89782763         7720.60010         45534.7695         1309.05823    
   4.89882755         7721.14307         45545.6875         1308.92834    
   4.89982748         7721.68506         45556.6094         1308.79846    
   4.90082741         7722.22656         45567.5273         1308.66846    
   4.90182734         7722.76953         45578.4531         1308.53882    
   4.90282726         7723.31152         45589.3711         1308.40894    
   4.90382719         7723.85352         45600.3008         1308.27905    
   4.90482712         7724.39551         45611.2188         1308.14929    
   4.90582705         7724.93750         45622.1445         1308.01953    
   4.90682697         7725.47852         45633.0625         1307.88977    
   4.90782690         7726.02051         45643.9961         1307.76013    
   4.90882683         7726.56152         45654.9180         1307.63037    
   4.90982676         7727.10352         45665.8438         1307.50085    
   4.91082668         7727.64307         45676.7617         1307.37085    
   4.91182661         7728.18555         45687.6914         1307.24170    
   4.91282654         7728.72607         45698.6133         1307.11194    
   4.91382647         7729.26709         45709.5430         1306.98230    
   4.91482639         7729.80811         45720.4766         1306.85291    
   4.91582632         7730.34814         45731.3945         1306.72327    
   4.91682625         7730.88818         45742.3203         1306.59387    
   4.91782618         7731.42871         45753.2500         1306.46423    
   4.91882610         7731.96777         45764.1719         1306.33459    
   4.91982603         7732.50635         45775.0938         1306.20496    
   4.92082596         7733.04834         45786.0312         1306.07593    
   4.92182589         7733.58838         45796.9609         1305.94666    
   4.92282581         7734.12744         45807.8945         1305.81714    
   4.92382574         7734.66699         45818.8164         1305.68774    
   4.92482567         7735.20605         45829.7461         1305.55847    
   4.92582560         7735.74365         45840.6680         1305.42883    
   4.92682552         7736.28369         45851.6055         1305.29980    
   4.92782545         7736.82227         45862.5312         1305.17041    
   4.92882538         7737.36084         45873.4609         1305.04114    
   4.92982531         7737.89893         45884.3906         1304.91187    
   4.93082523         7738.43848         45895.3242         1304.78271    
   4.93182516         7738.97607         45906.2500         1304.65344    
   4.93282509         7739.51416         45917.1875         1304.52429    
   4.93382502         7740.05176         45928.1133         1304.39502    
   4.93482494         7740.59033         45939.0469         1304.26599    
   4.93582487         7741.12842         45949.9805         1304.13696    
   4.93682480         7741.66406         45960.9023         1304.00757    
   4.93782473         7742.20361         45971.8477         1303.87878    
   4.93882465         7742.74023         45982.7773         1303.74963    
   4.93982458         7743.27783         45993.7109         1303.62061    
   4.94082451         7743.81445         46004.6445         1303.49146    
   4.94182444         7744.35107         46015.5742         1303.36243    
   4.94282436         7744.88770         46026.5117         1303.23340    
   4.94382429         7745.42480         46037.4453         1303.10474    
   4.94482422         7745.96094         46048.3789         1302.97559    
   4.94582415         7746.49805         46059.3125         1302.84680    
   4.94682407         7747.03467         46070.2539         1302.71802    
   4.94782400         7747.57031         46081.1836         1302.58899    
   4.94882393         7748.10547         46092.1172         1302.46008    
   4.94982386         7748.64209         46103.0547         1302.33130    
   4.95082378         7749.17676         46113.9883         1302.20227    
   4.95182371         7749.71338         46124.9258         1302.07373    
   4.95282364         7750.24902         46135.8633         1301.94495    
   4.95382357         7750.78369         46146.8047         1301.81628    
   4.95482349         7751.32031         46157.7422         1301.68774    
   4.95582342         7751.85449         46168.6758         1301.55872    
   4.95682335         7752.38916         46179.6094         1301.43018    
   4.95782328         7752.92432         46190.5508         1301.30139    
   4.95882320         7753.45801         46201.4844         1301.17273    
   4.95982313         7753.99219         46212.4258         1301.04395    
   4.96082306         7754.52686         46223.3555         1300.91541    
   4.96182299         7755.06152         46234.3047         1300.78699    
   4.96282291         7755.59570         46245.2461         1300.65833    
   4.96382284         7756.13037         46256.1875         1300.53003    
   4.96482277         7756.66357         46267.1211         1300.40137    
   4.96582270         7757.19727         46278.0625         1300.27295    
   4.96682262         7757.73047         46289.0039         1300.14429    
   4.96782255         7758.26416         46299.9414         1300.01587    
   4.96882248         7758.79736         46310.8828         1299.88745    
   4.96982241         7759.33057         46321.8242         1299.75903    
   4.97082233         7759.86328         46332.7656         1299.63062    
   4.97182226         7760.39746         46343.7109         1299.50244    
   4.97282219         7760.92871         46354.6445         1299.37378    
   4.97382212         7761.46240         46365.5977         1299.24573    
   4.97482204         7761.99463         46376.5391         1299.11731    
   4.97582197         7762.52686         46387.4766         1298.98901    
   4.97682190         7763.06006         46398.4258         1298.86084    
   4.97782183         7763.59180         46409.3672         1298.73254    
   4.97882175         7764.12305         46420.3125         1298.60425    
   4.97982168         7764.65527         46431.2500         1298.47607    
   4.98082161         7765.18750         46442.2031         1298.34802    
   4.98182154         7765.71875         46453.1445         1298.21973    
   4.98282146         7766.25000         46464.0859         1298.09155    
   4.98382139         7766.78125         46475.0312         1297.96338    
   4.98482132         7767.31152         46485.9766         1297.83521    
   4.98582125         7767.84375         46496.9258         1297.70728    
   4.98682117         7768.37500         46507.8711         1297.57922    
   4.98782110         7768.90527         46518.8125         1297.45105    
   4.98882103         7769.43555         46529.7617         1297.32312    
   4.98982096         7769.96680         46540.7070         1297.19519    
   4.99082088         7770.49658         46551.6523         1297.06714    
   4.99182081         7771.02686         46562.6016         1296.93909    
   4.99282074         7771.55713         46573.5508         1296.81128    
   4.99382067         7772.08838         46584.5000         1296.68347    
   4.99482059         7772.61719         46595.4414         1296.55542    
   4.99582052         7773.14746         46606.3945         1296.42761    
   4.99682045         7773.67578         46617.3398         1296.29956    
   4.99782038         7774.20703         46628.2969         1296.17212    
   4.99882030         7774.73486         46639.2383         1296.04395    
   4.99982023         7775.26318         46650.1875         1295.91602    
   5.00082016         7775.79395         46661.1406         1295.78857    
   5.00182009         7776.32324         46672.0938         1295.66077    
   5.00282001         7776.85254         46683.0469         1295.53320    
   5.00381994         7777.37939         46693.9883         1295.40515    
   5.00481987         7777.90869         46704.9375         1295.27759    
   5.00581980         7778.43750         46715.8945         1295.15002    
   5.00681973         7778.96631         46726.8477         1295.02234    
   5.00781965         7779.49365         46737.7969         1294.89478    
   5.00881958         7780.02344         46748.7539         1294.76733    
   5.00981951         7780.54980         46759.6953         1294.63953    
   5.01081944         7781.07666         46770.6484         1294.51184    
   5.01181936         7781.60645         46781.6094         1294.38452    
   5.01281929         7782.13281         46792.5625         1294.25696    
   5.01381922         7782.66064         46803.5117         1294.12952    
   5.01481915         7783.18750         46814.4648         1294.00183    
   5.01581907         7783.71436         46825.4180         1293.87439    
   5.01681900         7784.24219         46836.3750         1293.74707    
   5.01781893         7784.76807         46847.3242         1293.61951    
   5.01881886         7785.29639         46858.2852         1293.49243    
   5.01981878         7785.82129         46869.2344         1293.36475    
   5.02081871         7786.34814         46880.1914         1293.23743    
   5.02181864         7786.87500         46891.1484         1293.11011    
   5.02281857         7787.40088         46902.1055         1292.98279    
   5.02381849         7787.92773         46913.0625         1292.85559    
   5.02481842         7788.45264         46924.0117         1292.72815    
   5.02581835         7788.97949         46934.9766         1292.60107    
   5.02681828         7789.50439         46945.9297         1292.47375    
   5.02781820         7790.03027         46956.8867         1292.34668    
   5.02881813         7790.55615         46967.8516         1292.21948    
   5.02981806         7791.08105         46978.8047         1292.09229    
   5.03081799         7791.60645         46989.7578         1291.96509    
   5.03181791         7792.13135         47000.7188         1291.83789    
   5.03281784         7792.65625         47011.6797         1291.71082    
   5.03381777         7793.18115         47022.6367         1291.58374    
   5.03481770         7793.70703         47033.6055         1291.45703    
   5.03581762         7794.23047         47044.5547         1291.32971    
   5.03681755         7794.75439         47055.5117         1291.20251    
   5.03781748         7795.28027         47066.4805         1291.07593    
   5.03881741         7795.80273         47077.4297         1290.94861    
   5.03981733         7796.32764         47088.3945         1290.82178    
   5.04081726         7796.85107         47099.3555         1290.69470    
   5.04181719         7797.37500         47110.3125         1290.56775    
   5.04281712         7797.89844         47121.2695         1290.44092    
   5.04381704         7798.42236         47132.2383         1290.31409    
   5.04481697         7798.94531         47143.1953         1290.18726    
   5.04581690         7799.46875         47154.1602         1290.06030    
   5.04681683         7799.99219         47165.1211         1289.93347    
   5.04781675         7800.51514         47176.0898         1289.80676    
   5.04881668         7801.03760         47187.0430         1289.67993    
   5.04981661         7801.56055         47198.0117         1289.55334    
   5.05081654         7802.08398         47208.9805         1289.42664    
   5.05181646         7802.60645         47219.9414         1289.29980    
   5.05281639         7803.12695         47230.8945         1289.17285    
   5.05381632         7803.64990         47241.8672         1289.04639    
   5.05481625         7804.17236         47252.8281         1288.91980    
   5.05581617         7804.69482         47263.7969         1288.79321    
   5.05681610         7805.21631         47274.7578         1288.66650    
   5.05781603         7805.73730         47285.7266         1288.53992    
   5.05881596         7806.25977         47296.6953         1288.41345    
   5.05981588         7806.78125         47307.6562         1288.28687    
   5.06081581         7807.30371         47318.6289         1288.16052    
   5.06181574         7807.82324         47329.5859         1288.03381    
   5.06281567         7808.34473         47340.5547         1287.90735    
   5.06381559         7808.86523         47351.5156         1287.78076    
   5.06481552         7809.38672         47362.4883         1287.65442    
   5.06581545         7809.90723         47373.4570         1287.52795    
   5.06681538         7810.42676         47384.4180         1287.40149    
   5.06781530         7810.94824         47395.3945         1287.27527    
   5.06881523         7811.46777         47406.3555         1287.14868    
   5.06981516         7811.98926         47417.3281         1287.02258    
   5.07081509         7812.50781         47428.2930         1286.89600    
   5.07181501         7813.02783         47439.2617         1286.76978    
   5.07281494         7813.54834         47450.2305         1286.64355    
   5.07381487         7814.06982         47461.2109         1286.51758    
   5.07481480         7814.58643         47472.1680         1286.39099    
   5.07581472         7815.10693         47483.1445         1286.26489    
   5.07681465         7815.62695         47494.1133         1286.13879    
   5.07781458         7816.14551         47505.0859         1286.01245    
   5.07881451         7816.66406         47516.0547         1285.88623    
   5.07981443         7817.18311         47527.0234         1285.76013    
   5.08081436         7817.70361         47538.0039         1285.63428    
   5.08181429         7818.22119         47548.9688         1285.50806    
   5.08281422         7818.74023         47559.9414         1285.38208    
   5.08381414         7819.25879         47570.9180         1285.25598    
   5.08481407         7819.77588         47581.8789         1285.12976    
   5.08581400         7820.29443         47592.8594         1285.00391    
   5.08681393         7820.81250         47603.8281         1284.87793    
   5.08781385         7821.33105         47614.8086         1284.75208    
   5.08881378         7821.84814         47625.7773         1284.62585    
   5.08981371         7822.36621         47636.7500         1284.50012    
   5.09081364         7822.88281         47647.7266         1284.37402    
   5.09181356         7823.40088         47658.7031         1284.24829    
   5.09281349         7823.91895         47669.6719         1284.12244    
   5.09381342         7824.43555         47680.6523         1283.99670    
   5.09481335         7824.95264         47691.6250         1283.87073    
   5.09581327         7825.46973         47702.6016         1283.74500    
   5.09681320         7825.98584         47713.5742         1283.61914    
   5.09781313         7826.50244         47724.5508         1283.49341    
   5.09881306         7827.01855         47735.5234         1283.36755    
   5.09981298         7827.53662         47746.5078         1283.24207    
   5.10081291         7828.05176         47757.4805         1283.11621    
   5.10181284         7828.56787         47768.4570         1282.99048    
   5.10281277         7829.08496         47779.4375         1282.86499    
   5.10381269         7829.60107         47790.4180         1282.73938    
   5.10481262         7830.11621         47801.3906         1282.61365    
   5.10581255         7830.63232         47812.3711         1282.48804    
   5.10681248         7831.14844         47823.3555         1282.36267    
   5.10781240         7831.66162         47834.3203         1282.23669    
   5.10881233         7832.17773         47845.3008         1282.11145    
   5.10981226         7832.69287         47856.2812         1281.98584    
   5.11081219         7833.20801         47867.2656         1281.86035    
   5.11181211         7833.72119         47878.2344         1281.73462    
   5.11281204         7834.23828         47889.2305         1281.60950    
   5.11381197         7834.75342         47900.2109         1281.48425    
   5.11481190         7835.26709         47911.1875         1281.35864    
   5.11581182         7835.78125         47922.1641         1281.23315    
   5.11681175         7836.29443         47933.1445         1281.10767    
   5.11781168         7836.80908         47944.1211         1280.98230    
   5.11881161         7837.32324         47955.1055         1280.85706    
   5.11981153         7837.83740         47966.0859         1280.73181    
   5.12081146         7838.35010         47977.0625         1280.60645    
   5.12181139         7838.86523         47988.0508         1280.48132    
   5.12281132         7839.37744         47999.0352         1280.35583    
   5.12381124         7839.89307         48010.0195         1280.23096    
   5.12481117         7840.40527         48021.0039         1280.10559    
   5.12581110         7840.91699         48031.9766         1279.98022    
   5.12681103         7841.43018         48042.9570         1279.85510    
   5.12781096         7841.94385         48053.9531         1279.72998    
   5.12881088         7842.45605         48064.9375         1279.60486    
   5.12981081         7842.97070         48075.9219         1279.47998    
   5.13081074         7843.48291         48086.9102         1279.35498    
   5.13181067         7843.99463         48097.8906         1279.22974    
   5.13281059         7844.50635         48108.8711         1279.10461    
   5.13381052         7845.01855         48119.8555         1278.97961    
   5.13481045         7845.53125         48130.8438         1278.85474    
   5.13581038         7846.04395         48141.8359         1278.72986    
   5.13681030         7846.55518         48152.8203         1278.60486    
   5.13781023         7847.06592         48163.8047         1278.47974    
   5.13881016         7847.57764         48174.7891         1278.35486    
   5.13981009         7848.08838         48185.7695         1278.22986    
   5.14081001         7848.60107         48196.7656         1278.10522    
   5.14180994         7849.11084         48207.7500         1277.98010    
   5.14280987         7849.62256         48218.7383         1277.85535    
   5.14380980         7850.13379         48229.7305         1277.73059    
   5.14480972         7850.64453         48240.7148         1277.60583    
   5.14580965         7851.15527         48251.7031         1277.48108    
   5.14680958         7851.66602         48262.6953         1277.35632    
   5.14780951         7852.17676         48273.6875         1277.23157    
   5.14880943         7852.68652         48284.6797         1277.10681    
   5.14980936         7853.19531         48295.6562         1276.98193    
   5.15080929         7853.70703         48306.6523         1276.85754    
   5.15180922         7854.21777         48317.6445         1276.73303    
   5.15280914         7854.72656         48328.6367         1276.60815    
   5.15380907         7855.23584         48339.6250         1276.48352    
   5.15480900         7855.74658         48350.6133         1276.35901    
   5.15580893         7856.25439         48361.6016         1276.23438    
   5.15680885         7856.76611         48372.6055         1276.11011    
   5.15780878         7857.27344         48383.5898         1275.98535    
   5.15880871         7857.78320         48394.5820         1275.86084    
   5.15980864         7858.29102         48405.5664         1275.73621    
   5.16080856         7858.80078         48416.5625         1275.61194    
   5.16180849         7859.31006         48427.5625         1275.48755    
   5.16280842         7859.81885         48438.5547         1275.36316    
   5.16380835         7860.32568         48449.5469         1275.23853    
   5.16480827         7860.83496         48460.5391         1275.11426    
   5.16580820         7861.34277         48471.5312         1274.98987    
   5.16680813         7861.85107         48482.5234         1274.86548    
   5.16780806         7862.35889         48493.5195         1274.74121    
   5.16880798         7862.86719         48504.5156         1274.61694    
   5.16980791         7863.37402         48515.5078         1274.49255    
   5.17080784         7863.88135         48526.5039         1274.36816    
   5.17180777         7864.38916         48537.4961         1274.24402    
   5.17280769         7864.89746         48548.5000         1274.12000    
   5.17380762         7865.40381         48559.4883         1273.99561    
   5.17480755         7865.90967         48570.4805         1273.87122    
   5.17580748         7866.41895         48581.4883         1273.74744    
   5.17680740         7866.92578         48592.4844         1273.62329    
   5.17780733         7867.43311         48603.4844         1273.49927    
   5.17880726         7867.93848         48614.4805         1273.37500    
   5.17980719         7868.44531         48625.4766         1273.25098    
   5.18080711         7868.95068         48636.4688         1273.12671    
   5.18180704         7869.45703         48647.4648         1273.00269    
   5.18280697         7869.96338         48658.4688         1272.87878    
   5.18380690         7870.46973         48669.4648         1272.75476    
   5.18480682         7870.97607         48680.4609         1272.63086    
   5.18580675         7871.48193         48691.4688         1272.50696    
   5.18680668         7871.98682         48702.4609         1272.38281    
   5.18780661         7872.49268         48713.4648         1272.25903    
   5.18880653         7872.99902         48724.4727         1272.13525    
   5.18980646         7873.50244         48735.4570         1272.01111    
   5.19080639         7874.00879         48746.4648         1271.88745    
   5.19180632         7874.51318         48757.4609         1271.76343    
   5.19280624         7875.01855         48768.4648         1271.63977    
   5.19380617         7875.52393         48779.4727         1271.51611    
   5.19480610         7876.02783         48790.4648         1271.39221    
   5.19580603         7876.53320         48801.4727         1271.26855    
   5.19680595         7877.03906         48812.4844         1271.14502    
   5.19780588         7877.54102         48823.4727         1271.02100    
   5.19880581         7878.04443         48834.4688         1270.89709    
   5.19980574         7878.54932         48845.4805         1270.77356    
   5.20080566         7879.05371         48856.4766         1270.65002    
   5.20180559         7879.56006         48867.4961         1270.52673    
   5.20280552         7880.06250         48878.4922         1270.40295    
   5.20380545         7880.56445         48889.4883         1270.27905    
   5.20480537         7881.06787         48900.4883         1270.15552    
   5.20580530         7881.57129         48911.5000         1270.03198    
   5.20680523         7882.07520         48922.5039         1269.90845    
   5.20780516         7882.57666         48933.5039         1269.78479    
   5.20880508         7883.08203         48944.5195         1269.66174    
   5.20980501         7883.58496         48955.5195         1269.53821    
   5.21080494         7884.08740         48966.5312         1269.41479    
   5.21180487         7884.58936         48977.5273         1269.29114    
   5.21280479         7885.09131         48988.5312         1269.16772    
   5.21380472         7885.59473         48999.5430         1269.04443    
   5.21480465         7886.09570         49010.5469         1268.92090    
   5.21580458         7886.60010         49021.5625         1268.79797    
   5.21680450         7887.10107         49032.5625         1268.67444    
   5.21780443         7887.60254         49043.5703         1268.55115    
   5.21880436         7888.10449         49054.5781         1268.42773    
   5.21980429         7888.60791         49065.5977         1268.30493    
   5.22080421         7889.10791         49076.5938         1268.18140    
   5.22180414         7889.60889         49087.6055         1268.05811    
   5.22280407         7890.11182         49098.6172         1267.93506    
   5.22380400         7890.61182         49109.6211         1267.81165    
   5.22480392         7891.11230         49120.6289         1267.68860    
   5.22580385         7891.61328         49131.6406         1267.56531    
   5.22680378         7892.11523         49142.6484         1267.44250    
   5.22780371         7892.61426         49153.6523         1267.31909    
   5.22880363         7893.11621         49164.6680         1267.19617    
   5.22980356         7893.61621         49175.6758         1267.07300    
   5.23080349         7894.11768         49186.6953         1266.95020    
   5.23180342         7894.61621         49197.6953         1266.82690    
   5.23280334         7895.11768         49208.7188         1266.70410    
   5.23380327         7895.61719         49219.7266         1266.58093    
   5.23480320         7896.11719         49230.7344         1266.45813    
   5.23580313         7896.61768         49241.7539         1266.33533    
   5.23680305         7897.11719         49252.7656         1266.21240    
   5.23780298         7897.61621         49263.7734         1266.08936    
   5.23880291         7898.11426         49274.7773         1265.96631    
   5.23980284         7898.61523         49285.8047         1265.84375    
   5.24080276         7899.11328         49296.8125         1265.72070    
   5.24180269         7899.61182         49307.8164         1265.59778    
   5.24280262         7900.11230         49318.8398         1265.47534    
   5.24380255         7900.61084         49329.8555         1265.35242    
   5.24480247         7901.10791         49340.8594         1265.22949    
   5.24580240         7901.60791         49351.8828         1265.10693    
   5.24680233         7902.10693         49362.8984         1264.98438    
   5.24780226         7902.60547         49373.9141         1264.86157    
   5.24880219         7903.10352         49384.9336         1264.73901    
   5.24980211         7903.60107         49395.9453         1264.61621    
   5.25080204         7904.09814         49406.9531         1264.49341    
   5.25180197         7904.59814         49417.9805         1264.37122    
   5.25280190         7905.09619         49429.0000         1264.24866    
   5.25380182         7905.59131         49440.0000         1264.12561    
   5.25480175         7906.09033         49451.0234         1264.00330    
   5.25580168         7906.58740         49462.0469         1263.88074    
   5.25680161         7907.08496         49473.0625         1263.75830    
   5.25780153         7907.58203         49484.0820         1263.63574    
   5.25880146         7908.07959         49495.1016         1263.51343    
   5.25980139         7908.57568         49506.1094         1263.39087    
   5.26080132         7909.07227         49517.1328         1263.26831    
   5.26180124         7909.56982         49528.1484         1263.14612    
   5.26280117         7910.06592         49539.1719         1263.02368    
   5.26380110         7910.56152         49550.1875         1262.90125    
   5.26480103         7911.05908         49561.2109         1262.77893    
   5.26580095         7911.55469         49572.2266         1262.65649    
   5.26680088         7912.05176         49583.2539         1262.53442    
   5.26780081         7912.54834         49594.2734         1262.41223    
   5.26880074         7913.04297         49605.2930         1262.28979    
   5.26980066         7913.53906         49616.3125         1262.16760    
   5.27080059         7914.03467         49627.3359         1262.04529    
   5.27180052         7914.53027         49638.3555         1261.92322    
   5.27280045         7915.02490         49649.3750         1261.80078    
   5.27380037         7915.52051         49660.3945         1261.67871    
   5.27480030         7916.01514         49671.4180         1261.55652    
   5.27580023         7916.51074         49682.4375         1261.43445    
   5.27680016         7917.00537         49693.4609         1261.31238    
   5.27780008         7917.50098         49704.4883         1261.19031    
   5.27880001         7917.99561         49715.5117         1261.06836    
   5.27979994         7918.48926         49726.5312         1260.94604    
   5.28079987         7918.98486         49737.5547         1260.82422    
   5.28179979         7919.47754         49748.5742         1260.70203    
   5.28279972         7919.97314         49759.6055         1260.58020    
   5.28379965         7920.46631         49770.6211         1260.45813    
   5.28479958         7920.96094         49781.6484         1260.33618    
   5.28579950         7921.45361         49792.6680         1260.21423    
   5.28679943         7921.94727         49803.6953         1260.09229    
   5.28779936         7922.44189         49814.7266         1259.97046    
   5.28879929         7922.93506         49825.7500         1259.84863    
   5.28979921         7923.43018         49836.7852         1259.72705    
   5.29079914         7923.92236         49847.8047         1259.60510    
   5.29179907         7924.41504         49858.8281         1259.48315    
   5.29279900         7924.90869         49869.8594         1259.36145    
   5.29379892         7925.40088         49880.8789         1259.23962    
   5.29479885         7925.89355         49891.9102         1259.11780    
   5.29579878         7926.38770         49902.9375         1258.99634    
   5.29679871         7926.88037         49913.9648         1258.87463    
   5.29779863         7927.37158         49924.9883         1258.75269    
   5.29879856         7927.86426         49936.0195         1258.63123    
   5.29979849         7928.35693         49947.0547         1258.50964    
   5.30079842         7928.84814         49958.0703         1258.38794    
   5.30179834         7929.34131         49969.1055         1258.26636    
   5.30279827         7929.83203         49980.1328         1258.14465    
   5.30379820         7930.32422         49991.1641         1258.02319    
   5.30479813         7930.81592         50002.1914         1257.90161    
   5.30579805         7931.30811         50013.2305         1257.78027    
   5.30679798         7931.79980         50024.2617         1257.65881    
   5.30779791         7932.29004         50035.2812         1257.53711    
   5.30879784         7932.78223         50046.3125         1257.41577    
   5.30979776         7933.27246         50057.3438         1257.29419    
   5.31079769         7933.76318         50068.3750         1257.17285    
   5.31179762         7934.25439         50079.4102         1257.05151    
   5.31279755         7934.74463         50090.4375         1256.93005    
   5.31379747         7935.23584         50101.4727         1256.80872    
   5.31479740         7935.72656         50112.5117         1256.68750    
   5.31579733         7936.21680         50123.5430         1256.56616    
   5.31679726         7936.70605         50134.5625         1256.44470    
   5.31779718         7937.19727         50145.6055         1256.32361    
   5.31879711         7937.68652         50156.6328         1256.20215    
   5.31979704         7938.17676         50167.6641         1256.08093    
   5.32079697         7938.66699         50178.7031         1255.95984    
   5.32179689         7939.15625         50189.7344         1255.83850    
   5.32279682         7939.64551         50200.7656         1255.71741    
   5.32379675         7940.13574         50211.8047         1255.59631    
   5.32479668         7940.62500         50222.8359         1255.47510    
   5.32579660         7941.11426         50233.8750         1255.35400    
   5.32679653         7941.60254         50244.9062         1255.23279    
   5.32779646         7942.09277         50255.9453         1255.11194    
   5.32879639         7942.58203         50266.9805         1254.99097    
   5.32979631         7943.06982         50278.0156         1254.86963    
   5.33079624         7943.56006         50289.0625         1254.74890    
   5.33179617         7944.04834         50300.0977         1254.62793    
   5.33279610         7944.53467         50311.1172         1254.50671    
   5.33379602         7945.02344         50322.1602         1254.38574    
   5.33479595         7945.51270         50333.1992         1254.26489    
   5.33579588         7946.00000         50344.2344         1254.14392    
   5.33679581         7946.48828         50355.2734         1254.02307    
   5.33779573         7946.97607         50366.3125         1253.90222    
   5.33879566         7947.46338         50377.3477         1253.78125    
   5.33979559         7947.95068         50388.3867         1253.66040    
   5.34079552         7948.43994         50399.4375         1253.53992    
   5.34179544         7948.92676         50410.4688         1253.41895    
   5.34279537         7949.41406         50421.5078         1253.29822    
   5.34379530         7949.90186         50432.5469         1253.17749    
   5.34479523         7950.38818         50443.5859         1253.05664    
   5.34579515         7950.87402         50454.6211         1252.93579    
   5.34679508         7951.36182         50465.6602         1252.81519    
   5.34779501         7951.84814         50476.7070         1252.69458    
   5.34879494         7952.33496         50487.7461         1252.57385    
   5.34979486         7952.82129         50498.7812         1252.45337    
   5.35079479         7953.30811         50509.8242         1252.33276    
   5.35179472         7953.79297         50520.8555         1252.21191    
   5.35279465         7954.28125         50531.9141         1252.09167    
   5.35379457         7954.76709         50542.9570         1251.97107    
   5.35479450         7955.25244         50553.9922         1251.85059    
   5.35579443         7955.73730         50565.0352         1251.72986    
   5.35679436         7956.22314         50576.0742         1251.60925    
   5.35779428         7956.70996         50587.1211         1251.48901    
   5.35879421         7957.19482         50598.1680         1251.36841    
   5.35979414         7957.68018         50609.2109         1251.24817    
   5.36079407         7958.16602         50620.2539         1251.12781    
   5.36179399         7958.64990         50631.2891         1251.00720    
   5.36279392         7959.13672         50642.3477         1250.88708    
   5.36379385         7959.62061         50653.3828         1250.76648    
   5.36479378         7960.10547         50664.4297         1250.64624    
   5.36579370         7960.58936         50675.4727         1250.52576    
   5.36679363         7961.07520         50686.5195         1250.40564    
   5.36779356         7961.55908         50697.5625         1250.28540    
   5.36879349         7962.04297         50708.6055         1250.16504    
   5.36979342         7962.52686         50719.6484         1250.04480    
   5.37079334         7963.01074         50730.6992         1249.92444    
   5.37179327         7963.49561         50741.7461         1249.80444    
   5.37279320         7963.97949         50752.7969         1249.68433    
   5.37379313         7964.46240         50763.8359         1249.56396    
   5.37479305         7964.94727         50774.8945         1249.44409    
   5.37579298         7965.43018         50785.9336         1249.32385    
   5.37679291         7965.91406         50796.9844         1249.20386    
   5.37779284         7966.39648         50808.0273         1249.08362    
   5.37879276         7966.88135         50819.0859         1248.96375    
   5.37979269         7967.36328         50830.1250         1248.84363    
   5.38079262         7967.84717         50841.1836         1248.72375    
   5.38179255         7968.32959         50852.2266         1248.60364    
   5.38279247         7968.81152         50863.2695         1248.48364    
   5.38379240         7969.29443         50874.3242         1248.36365    
   5.38479233         7969.77783         50885.3750         1248.24390    
   5.38579226         7970.26074         50896.4258         1248.12402    
   5.38679218         7970.74219         50907.4766         1248.00403    
   5.38779211         7971.22510         50918.5234         1247.88428    
   5.38879204         7971.70605         50929.5742         1247.76416    
   5.38979197         7972.18848         50940.6211         1247.64441    
   5.39079189         7972.67041         50951.6797         1247.52466    
   5.39179182         7973.15186         50962.7227         1247.40479    
   5.39279175         7973.63281         50973.7773         1247.28491    
   5.39379168         7974.11523         50984.8320         1247.16528    
   5.39479160         7974.59619         50995.8828         1247.04553    
   5.39579153         7975.07764         51006.9375         1246.92578    
   5.39679146         7975.56006         51017.9922         1246.80627    
   5.39779139         7976.03906         51029.0352         1246.68640    
   5.39879131         7976.52051         51040.0898         1246.56677    
   5.39979124         7977.00195         51051.1484         1246.44714    
   5.40079117         7977.48291         51062.2031         1246.32764    
   5.40179110         7977.96240         51073.2500         1246.20789    
   5.40279102         7978.44385         51084.3125         1246.08838    
   5.40379095         7978.92480         51095.3633         1245.96899    
   5.40479088         7979.40430         51106.4141         1245.84937    
   5.40579081         7979.88477         51117.4727         1245.72986    
   5.40679073         7980.36523         51128.5234         1245.61047    
   5.40779066         7980.84473         51139.5781         1245.49084    
   5.40879059         7981.32520         51150.6406         1245.37146    
   5.40979052         7981.80469         51161.6914         1245.25195    
   5.41079044         7982.28369         51172.7461         1245.13257    
   5.41179037         7982.76270         51183.8008         1245.01306    
   5.41279030         7983.24365         51194.8633         1244.89392    
   5.41379023         7983.72119         51205.9180         1244.77441    
   5.41479015         7984.20166         51216.9805         1244.65515    
   5.41579008         7984.68018         51228.0273         1244.53577    
   5.41679001         7985.15967         51239.0898         1244.41663    
   5.41778994         7985.63818         51250.1484         1244.29724    
   5.41878986         7986.11719         51261.2070         1244.17798    
   5.41978979         7986.59619         51272.2695         1244.05884    
   5.42078972         7987.07520         51283.3281         1243.93958    
   5.42178965         7987.55273         51294.3828         1243.82043    
   5.42278957         7988.03027         51305.4375         1243.70105    
   5.42378950         7988.50879         51316.4961         1243.58203    
   5.42478943         7988.98682         51327.5586         1243.46277    
   5.42578936         7989.46533         51338.6172         1243.34375    
   5.42678928         7989.94189         51349.6758         1243.22449    
   5.42778921         7990.41943         51360.7383         1243.10535    
   5.42878914         7990.89844         51371.8047         1242.98657    
   5.42978907         7991.37598         51382.8633         1242.86755    
   5.43078899         7991.85352         51393.9219         1242.74854    
   5.43178892         7992.33057         51404.9805         1242.62952    
   5.43278885         7992.80811         51416.0469         1242.51050    
   5.43378878         7993.28369         51427.1055         1242.39148    
   5.43478870         7993.76270         51438.1680         1242.27271    
   5.43578863         7994.23828         51449.2305         1242.15356    
   5.43678856         7994.71533         51460.2891         1242.03479    
   5.43778849         7995.18994         51471.3477         1241.91565    
   5.43878841         7995.66895         51482.4180         1241.79712    
   5.43978834         7996.14453         51493.4805         1241.67822    
   5.44078827         7996.62256         51504.5508         1241.55957    
   5.44178820         7997.09717         51515.6055         1241.44055    
   5.44278812         7997.57324         51526.6680         1241.32178    
   5.44378805         7998.04932         51537.7305         1241.20300    
   5.44478798         7998.52588         51548.8008         1241.08435    
   5.44578791         7999.00000         51559.8555         1240.96545    
   5.44678783         7999.47656         51570.9297         1240.84692    
   5.44778776         7999.95166         51581.9883         1240.72815    
   5.44878769         8000.42676         51593.0547         1240.60950    
   5.44978762         8000.90283         51604.1250         1240.49084    
   5.45078754         8001.37744         51615.1875         1240.37231    
   5.45178747         8001.85352         51626.2578         1240.25378    
   5.45278740         8002.32764         51637.3203         1240.13501    
   5.45378733         8002.80273         51648.3867         1240.01648    
   5.45478725         8003.27686         51659.4492         1239.89783    
   5.45578718         8003.75195         51670.5156         1239.77942    
   5.45678711         8004.22656         51681.5938         1239.66089    
   5.45778704         8004.70264         51692.6641         1239.54260    
   5.45878696         8005.17480         51703.7227         1239.42395    
   5.45978689         8005.65088         51714.7969         1239.30566    
   5.46078682         8006.12305         51725.8555         1239.18701    
   5.46178675         8006.59912         51736.9375         1239.06897    
   5.46278667         8007.07129         51747.9961         1238.95020    
   5.46378660         8007.54639         51759.0703         1238.83215    
   5.46478653         8008.01953         51770.1367         1238.71362    
   5.46578646         8008.49268         51781.2031         1238.59534    
   5.46678638         8008.96533         51792.2695         1238.47681    
   5.46778631         8009.44092         51803.3555         1238.35889    
   5.46878624         8009.91357         51814.4141         1238.24060    
   5.46978617         8010.38770         51825.4961         1238.12244    
   5.47078609         8010.85889         51836.5586         1238.00403    
   5.47178602         8011.33105         51847.6250         1237.88562    
   5.47278595         8011.80469         51858.6914         1237.76758    
   5.47378588         8012.27783         51869.7695         1237.64954    
   5.47478580         8012.75000         51880.8398         1237.53125    
   5.47578573         8013.22314         51891.9141         1237.41333    
   5.47678566         8013.69629         51902.9922         1237.29529    
   5.47778559         8014.16895         51914.0625         1237.17725    
   5.47878551         8014.64014         51925.1367         1237.05908    
   5.47978544         8015.11328         51936.2148         1236.94116    
   5.48078537         8015.58398         51947.2812         1236.82300    
   5.48178530         8016.05615         51958.3555         1236.70496    
   5.48278522         8016.52783         51969.4297         1236.58704    
   5.48378515         8016.99902         51980.5000         1236.46899    
   5.48478508         8017.47070         51991.5703         1236.35095    
   5.48578501         8017.94092         52002.6445         1236.23291    
   5.48678493         8018.41357         52013.7227         1236.11523    
   5.48778486         8018.88379         52024.7969         1235.99719    
   5.48878479         8019.35547         52035.8672         1235.87939    
   5.48978472         8019.82568         52046.9453         1235.76147    
   5.49078465         8020.29736         52058.0195         1235.64380    
   5.49178457         8020.76807         52069.1016         1235.52588    
   5.49278450         8021.23828         52080.1719         1235.40808    
   5.49378443         8021.70801         52091.2422         1235.29016    
   5.49478436         8022.18115         52102.3359         1235.17285    
   5.49578428         8022.64893         52113.3945         1235.05469    
   5.49678421         8023.11963         52124.4805         1234.93701    
   5.49778414         8023.59131         52135.5625         1234.81958    
   5.49878407         8024.06006         52146.6367         1234.70166    
   5.49978399         8024.52930         52157.7070         1234.58398    
   5.50078392         8025.00000         52168.7891         1234.46655    
   5.50178385         8025.46973         52179.8672         1234.34888    
   5.50278378         8025.93945         52190.9453         1234.23132    
   5.50378370         8026.40869         52202.0234         1234.11377    
   5.50478363         8026.87744         52213.1016         1233.99609    
   5.50578356         8027.34619         52224.1797         1233.87854    
   5.50678349         8027.81592         52235.2617         1233.76099    
   5.50778341         8028.28467         52246.3438         1233.64355    
   5.50878334         8028.75439         52257.4258         1233.52612    
   5.50978327         8029.22217         52268.5000         1233.40857    
   5.51078320         8029.69092         52279.5742         1233.29114    
   5.51178312         8030.15967         52290.6562         1233.17371    
   5.51278305         8030.62842         52301.7422         1233.05640    
   5.51378298         8031.09717         52312.8203         1232.93896    
   5.51478291         8031.56689         52323.9141         1232.82190    
   5.51578283         8032.03467         52334.9961         1232.70447    
   5.51678276         8032.50195         52346.0703         1232.58704    
   5.51778269         8032.97070         52357.1523         1232.46985    
   5.51878262         8033.43750         52368.2344         1232.35242    
   5.51978254         8033.90527         52379.3125         1232.23523    
   5.52078247         8034.37305         52390.3984         1232.11792    
   5.52178240         8034.84131         52401.4844         1232.00073    
   5.52278233         8035.30811         52412.5664         1231.88354    
   5.52378225         8035.77588         52423.6484         1231.76636    
   5.52478218         8036.24365         52434.7344         1231.64941    
   5.52578211         8036.70996         52445.8164         1231.53210    
   5.52678204         8037.17676         52456.8984         1231.41492    
   5.52778196         8037.64355         52467.9844         1231.29785    
   5.52878189         8038.11084         52479.0703         1231.18079    
   5.52978182         8038.57764         52490.1562         1231.06372    
   5.53078175         8039.04395         52501.2422         1230.94666    
   5.53178167         8039.51074         52512.3242         1230.82959    
   5.53278160         8039.97607         52523.4062         1230.71252    
   5.53378153         8040.44287         52534.4961         1230.59558    
   5.53478146         8040.90869         52545.5820         1230.47864    
   5.53578138         8041.37500         52556.6719         1230.36169    
   5.53678131         8041.84131         52567.7578         1230.24475    
   5.53778124         8042.30615         52578.8398         1230.12781    
   5.53878117         8042.77344         52589.9336         1230.01099    
   5.53978109         8043.23730         52601.0156         1229.89404    
   5.54078102         8043.70361         52612.1055         1229.77722    
   5.54178095         8044.16895         52623.1875         1229.66040    
   5.54278088         8044.63477         52634.2812         1229.54370    
   5.54378080         8045.10107         52645.3789         1229.42700    
   5.54478073         8045.56445         52656.4531         1229.31006    
   5.54578066         8046.03027         52667.5469         1229.19336    
   5.54678059         8046.49365         52678.6328         1229.07642    
   5.54778051         8046.95996         52689.7266         1228.95996    
   5.54878044         8047.42432         52700.8125         1228.84314    
   5.54978037         8047.88818         52711.9023         1228.72644    
   5.55078030         8048.35254         52722.9883         1228.60974    
   5.55178022         8048.81787         52734.0859         1228.49329    
   5.55278015         8049.28125         52745.1758         1228.37646    
   5.55378008         8049.74561         52756.2656         1228.25989    
   5.55478001         8050.20996         52767.3555         1228.14343    
   5.55577993         8050.67334         52778.4414         1228.02673    
   5.55677986         8051.13770         52789.5352         1227.91028    
   5.55777979         8051.60156         52800.6328         1227.79382    
   5.55877972         8052.06445         52811.7188         1227.67712    
   5.55977964         8052.52783         52822.8125         1227.56067    
   5.56077957         8052.99121         52833.8984         1227.44421    
   5.56177950         8053.45459         52844.9922         1227.32788    
   5.56277943         8053.91797         52856.0859         1227.21143    
   5.56377935         8054.38135         52867.1797         1227.09497    
   5.56477928         8054.84473         52878.2734         1226.97876    
   5.56577921         8055.30713         52889.3672         1226.86230    
   5.56677914         8055.77051         52900.4648         1226.74609    
   5.56777906         8056.23193         52911.5547         1226.62964    
   5.56877899         8056.69482         52922.6445         1226.51331    
   5.56977892         8057.15820         52933.7422         1226.39709    
   5.57077885         8057.61963         52944.8320         1226.28076    
   5.57177877         8058.08057         52955.9219         1226.16431    
   5.57277870         8058.54541         52967.0352         1226.04846    
   5.57377863         8059.00732         52978.1289         1225.93225    
   5.57477856         8059.46973         52989.2266         1225.81616    
   5.57577848         8059.93018         53000.3125         1225.69983    
   5.57677841         8060.39307         53011.4180         1225.58374    
   5.57777834         8060.85352         53022.5117         1225.46753    
   5.57877827         8061.31494         53033.6055         1225.35144    
   5.57977819         8061.77783         53044.7070         1225.23547    
   5.58077812         8062.23828         53055.8047         1225.11926    
   5.58177805         8062.69824         53066.8945         1225.00305    
   5.58277798         8063.15967         53077.9922         1224.88708    
   5.58377790         8063.62158         53089.0938         1224.77124    
   5.58477783         8064.08105         53100.1836         1224.65503    
   5.58577776         8064.54297         53111.2852         1224.53918    
   5.58677769         8065.00342         53122.3906         1224.42322    
   5.58777761         8065.46338         53133.4805         1224.30713    
   5.58877754         8065.92578         53144.5898         1224.19165    
   5.58977747         8066.38477         53155.6836         1224.07544    
   5.59077740         8066.84570         53166.7852         1223.95959    
   5.59177732         8067.30615         53177.8867         1223.84387    
   5.59277725         8067.76611         53188.9805         1223.72803    
   5.59377718         8068.22510         53200.0781         1223.61206    
   5.59477711         8068.68555         53211.1875         1223.49634    
   5.59577703         8069.14453         53222.2773         1223.38037    
   5.59677696         8069.60449         53233.3867         1223.26477    
   5.59777689         8070.06592         53244.4922         1223.14929    
   5.59877682         8070.52246         53255.5781         1223.03308    
   5.59977674         8070.98193         53266.6797         1222.91748    
   5.60077667         8071.44189         53277.7852         1222.80176    
   5.60177660         8071.90088         53288.8906         1222.68616    
   5.60277653         8072.36084         53299.9922         1222.57056    
   5.60377645         8072.81885         53311.0898         1222.45496    
   5.60477638         8073.27686         53322.1875         1222.33911    
   5.60577631         8073.73730         53333.3047         1222.22388    
   5.60677624         8074.19531         53344.4023         1222.10828    
   5.60777617         8074.65381         53355.5078         1221.99255    
   5.60877609         8075.11182         53366.6055         1221.87708    
   5.60977602         8075.57129         53377.7188         1221.76172    
   5.61077595         8076.02930         53388.8203         1221.64624    
   5.61177588         8076.48730         53399.9297         1221.53076    
   5.61277580         8076.94482         53411.0195         1221.41516    
   5.61377573         8077.40381         53422.1328         1221.29993    
   5.61477566         8077.85986         53433.2305         1221.18420    
   5.61577559         8078.31982         53444.3516         1221.06921    
   5.61677551         8078.77588         53455.4453         1220.95361    
   5.61777544         8079.23291         53466.5508         1220.83813    
   5.61877537         8079.69092         53477.6602         1220.72302    
   5.61977530         8080.14844         53488.7656         1220.60767    
   5.62077522         8080.60449         53499.8672         1220.49219    
   5.62177515         8081.06152         53510.9766         1220.37695    
   5.62277508         8081.51855         53522.0820         1220.26172    
   5.62377501         8081.97607         53533.1875         1220.14648    
   5.62477493         8082.43311         53544.2969         1220.03137    
   5.62577486         8082.88818         53555.3984         1219.91602    
   5.62677479         8083.34570         53566.5117         1219.80090    
   5.62777472         8083.80273         53577.6250         1219.68579    
   5.62877464         8084.25879         53588.7305         1219.57068    
   5.62977457         8084.71631         53599.8438         1219.45569    
   5.63077450         8085.17139         53610.9492         1219.34045    
   5.63177443         8085.62695         53622.0508         1219.22522    
   5.63277435         8086.08398         53633.1680         1219.11035    
   5.63377428         8086.53906         53644.2695         1218.99524    
   5.63477421         8086.99463         53655.3828         1218.88013    
   5.63577414         8087.45020         53666.4922         1218.76514    
   5.63677406         8087.90625         53677.6055         1218.65027    
   5.63777399         8088.36084         53688.7148         1218.53516    
   5.63877392         8088.81592         53699.8242         1218.42017    
   5.63977385         8089.27148         53710.9336         1218.30518    
   5.64077377         8089.72754         53722.0469         1218.19055    
   5.64177370         8090.18311         53733.1641         1218.07568    
   5.64277363         8090.63818         53744.2773         1217.96094    
   5.64377356         8091.09131         53755.3789         1217.84570    
   5.64477348         8091.54639         53766.4961         1217.73096    
   5.64577341         8092.00098         53777.6055         1217.61609    
   5.64677334         8092.45605         53788.7266         1217.50146    
   5.64777327         8092.91064         53799.8359         1217.38672    
   5.64877319         8093.36426         53810.9414         1217.27185    
   5.64977312         8093.81787         53822.0547         1217.15698    
   5.65077305         8094.27393         53833.1836         1217.04260    
   5.65177298         8094.72754         53844.2930         1216.92786    
   5.65277290         8095.18115         53855.3984         1216.81311    
   5.65377283         8095.63379         53866.5078         1216.69824    
   5.65477276         8096.08936         53877.6367         1216.58386    
   5.65577269         8096.54297         53888.7461         1216.46924    
   5.65677261         8096.99561         53899.8555         1216.35449    
   5.65777254         8097.44922         53910.9766         1216.23999    
   5.65877247         8097.90186         53922.0859         1216.12537    
   5.65977240         8098.35645         53933.2109         1216.01099    
   5.66077232         8098.80908         53944.3203         1215.89636    
   5.66177225         8099.26074         53955.4375         1215.78162    
   5.66277218         8099.71436         53966.5547         1215.66736    
   5.66377211         8100.16699         53977.6680         1215.55286    
   5.66477203         8100.62061         53988.7930         1215.43848    
   5.66577196         8101.07324         53999.9023         1215.32410    
   5.66677189         8101.52490         54011.0195         1215.20959    
   5.66777182         8101.97754         54022.1367         1215.09521    
   5.66877174         8102.42969         54033.2500         1214.98071    
   5.66977167         8102.88232         54044.3750         1214.86658    
   5.67077160         8103.33398         54055.4922         1214.75208    
   5.67177153         8103.78662         54066.6133         1214.63794    
   5.67277145         8104.23828         54077.7305         1214.52356    
   5.67377138         8104.68994         54088.8477         1214.40930    
   5.67477131         8105.14209         54099.9688         1214.29517    
   5.67577124         8105.59277         54111.0859         1214.18079    
   5.67677116         8106.04541         54122.2148         1214.06665    
   5.67777109         8106.49658         54133.3242         1213.95239    
   5.67877102         8106.94629         54144.4414         1213.83801    
   5.67977095         8107.39746         54155.5625         1213.72388    
   5.68077087         8107.84912         54166.6875         1213.60986    
   5.68177080         8108.29932         54177.8008         1213.49548    
   5.68277073         8108.75098         54188.9258         1213.38159    
   5.68377066         8109.20264         54200.0547         1213.26758    
   5.68477058         8109.65381         54211.1719         1213.15369    
   5.68577051         8110.10352         54222.2930         1213.03943    
   5.68677044         8110.55469         54233.4141         1212.92554    
   5.68777037         8111.00537         54244.5391         1212.81165    
   5.68877029         8111.45361         54255.6523         1212.69727    
   5.68977022         8111.90430         54266.7773         1212.58350    
   5.69077015         8112.35449         54277.8945         1212.46948    
   5.69177008         8112.80469         54289.0195         1212.35547    
   5.69277000         8113.25439         54300.1445         1212.24170    
   5.69376993         8113.70361         54311.2695         1212.12756    
   5.69476986         8114.15430         54322.3945         1212.01392    
   5.69576979         8114.60254         54333.5156         1211.89990    
   5.69676971         8115.05371         54344.6445         1211.78625    
   5.69776964         8115.50342         54355.7734         1211.67261    
   5.69876957         8115.95264         54366.8945         1211.55872    
   5.69976950         8116.39990         54378.0078         1211.44470    
   5.70076942         8116.85010         54389.1445         1211.33105    
   5.70176935         8117.29932         54400.2695         1211.21741    
   5.70276928         8117.74756         54411.3867         1211.10352    
   5.70376921         8118.19629         54422.5156         1210.98987    
   5.70476913         8118.64453         54433.6367         1210.87610    
   5.70576906         8119.09277         54444.7617         1210.76233    
   5.70676899         8119.54297         54455.8945         1210.64905    
   5.70776892         8119.99121         54467.0195         1210.53528    
   5.70876884         8120.43945         54478.1523         1210.42163    
   5.70976877         8120.88770         54489.2734         1210.30811    
   5.71076870         8121.33594         54500.4023         1210.19458    
   5.71176863         8121.78320         54511.5234         1210.08093    
   5.71276855         8122.23193         54522.6680         1209.96753    
   5.71376848         8122.67969         54533.7891         1209.85388    
   5.71476841         8123.12695         54544.9141         1209.74048    
   5.71576834         8123.57422         54556.0391         1209.62695    
   5.71676826         8124.02246         54567.1758         1209.51355    
   5.71776819         8124.46875         54578.2969         1209.40002    
   5.71876812         8124.91699         54589.4375         1209.28662    
   5.71976805         8125.36426         54600.5625         1209.17334    
   5.72076797         8125.81152         54611.6992         1209.05994    
   5.72176790         8126.25879         54622.8242         1208.94666    
   5.72276783         8126.70459         54633.9453         1208.83313    
   5.72376776         8127.15088         54645.0703         1208.71973    
   5.72476768         8127.59814         54656.2109         1208.60657    
   5.72576761         8128.04443         54667.3398         1208.49316    
   5.72676754         8128.48926         54678.4609         1208.37976    
   5.72776747         8128.93945         54689.6094         1208.26697    
   5.72876740         8129.38379         54700.7344         1208.15344    
   5.72976732         8129.82959         54711.8555         1208.04016    
   5.73076725         8130.27588         54722.9922         1207.92700    
   5.73176718         8130.72119         54734.1250         1207.81384    
   5.73276711         8131.16943         54745.2695         1207.70105    
   5.73376703         8131.61328         54756.3906         1207.58765    
   5.73476696         8132.06006         54767.5273         1207.47461    
   5.73576689         8132.50537         54778.6562         1207.36145    
   5.73676682         8132.95068         54789.7930         1207.24841    
   5.73776674         8133.39648         54800.9258         1207.13538    
   5.73876667         8133.84180         54812.0625         1207.02234    
   5.73976660         8134.28662         54823.1914         1206.90930    
   5.74076653         8134.73145         54834.3242         1206.79614    
   5.74176645         8135.17676         54845.4609         1206.68323    
   5.74276638         8135.62158         54856.5938         1206.57031    
   5.74376631         8136.06689         54867.7305         1206.45752    
   5.74476624         8136.51172         54878.8672         1206.34448    
   5.74576616         8136.95703         54890.0117         1206.23169    
   5.74676609         8137.39990         54901.1367         1206.11865    
   5.74776602         8137.84375         54912.2656         1206.00562    
   5.74876595         8138.28906         54923.4102         1205.89294    
   5.74976587         8138.73389         54934.5508         1205.78015    
   5.75076580         8139.17773         54945.6836         1205.66724    
   5.75176573         8139.62256         54956.8203         1205.55457    
   5.75276566         8140.06592         54967.9531         1205.44177    
   5.75376558         8140.50977         54979.0977         1205.32910    
   5.75476551         8140.95264         54990.2305         1205.21619    
   5.75576544         8141.39648         55001.3633         1205.10339    
   5.75676537         8141.83936         55012.5000         1204.99072    
   5.75776529         8142.28320         55023.6367         1204.87805    
   5.75876522         8142.72607         55034.7734         1204.76538    
   5.75976515         8143.16943         55045.9180         1204.65271    
   5.76076508         8143.61182         55057.0469         1204.54004    
   5.76176500         8144.05518         55068.1875         1204.42749    
   5.76276493         8144.49902         55079.3359         1204.31494    
   5.76376486         8144.94092         55090.4688         1204.20227    
   5.76476479         8145.38477         55101.6094         1204.08984    
   5.76576471         8145.82861         55112.7578         1203.97754    
   5.76676464         8146.27051         55123.8984         1203.86487    
   5.76776457         8146.71338         55135.0352         1203.75244    
   5.76876450         8147.15527         55146.1758         1203.64001    
   5.76976442         8147.59619         55157.3125         1203.52734    
   5.77076435         8148.04004         55168.4609         1203.41516    
   5.77176428         8148.48145         55179.5938         1203.30261    
   5.77276421         8148.92432         55190.7383         1203.19031    
   5.77376413         8149.36523         55201.8789         1203.07776    
   5.77476406         8149.80713         55213.0234         1202.96545    
   5.77576399         8150.24805         55224.1602         1202.85303    
   5.77676392         8150.68945         55235.3008         1202.74060    
   5.77776384         8151.13037         55246.4375         1202.62817    
   5.77876377         8151.57422         55257.5938         1202.51636    
   5.77976370         8152.01514         55268.7344         1202.40405    
   5.78076363         8152.45605         55279.8789         1202.29175    
   5.78176355         8152.89648         55291.0195         1202.17944    
   5.78276348         8153.33838         55302.1641         1202.06726    
   5.78376341         8153.77930         55313.3125         1201.95520    
   5.78476334         8154.21973         55324.4531         1201.84290    
   5.78576326         8154.65967         55335.5898         1201.73071    
   5.78676319         8155.10107         55346.7383         1201.61865    
   5.78776312         8155.54102         55357.8789         1201.50635    
   5.78876305         8155.98145         55369.0234         1201.39429    
   5.78976297         8156.42236         55380.1719         1201.28235    
   5.79076290         8156.86230         55391.3203         1201.17029    
   5.79176283         8157.30273         55402.4648         1201.05823    
   5.79276276         8157.74365         55413.6133         1200.94629    
   5.79376268         8158.18311         55424.7617         1200.83423    
   5.79476261         8158.62256         55435.9023         1200.72217    
   5.79576254         8159.06348         55447.0625         1200.61047    
   5.79676247         8159.50098         55458.1875         1200.49817    
   5.79776239         8159.94287         55469.3555         1200.38660    
   5.79876232         8160.38232         55480.4961         1200.27466    
   5.79976225         8160.82129         55491.6445         1200.16272    
   5.80076218         8161.25977         55502.7852         1200.05078    
   5.80176210         8161.70020         55513.9414         1199.93909    
   5.80276203         8162.13818         55525.0820         1199.82715    
   5.80376196         8162.57764         55536.2344         1199.71533    
   5.80476189         8163.01611         55547.3789         1199.60352    
   5.80576181         8163.45459         55558.5234         1199.49170    
   5.80676174         8163.89355         55569.6758         1199.38000    
   5.80776167         8164.33105         55580.8203         1199.26807    
   5.80876160         8164.77051         55591.9805         1199.15649    
   5.80976152         8165.20996         55603.1328         1199.04492    
   5.81076145         8165.64746         55614.2734         1198.93311    
   5.81176138         8166.08594         55625.4297         1198.82141    
   5.81276131         8166.52490         55636.5820         1198.70996    
   5.81376123         8166.96240         55647.7305         1198.59827    
   5.81476116         8167.39893         55658.8750         1198.48645    
   5.81576109         8167.83740         55670.0273         1198.37500    
   5.81676102         8168.27588         55681.1875         1198.26343    
   5.81776094         8168.71338         55692.3320         1198.15198    
   5.81876087         8169.14990         55703.4805         1198.04028    
   5.81976080         8169.58740         55714.6367         1197.92871    
   5.82076073         8170.02490         55725.7852         1197.81726    
   5.82176065         8170.46143         55736.9375         1197.70569    
   5.82276058         8170.89893         55748.0898         1197.59436    
   5.82376051         8171.33643         55759.2422         1197.48291    
   5.82476044         8171.77344         55770.3945         1197.37146    
   5.82576036         8172.20996         55781.5469         1197.26001    
   5.82676029         8172.64746         55792.7070         1197.14868    
   5.82776022         8173.08496         55803.8594         1197.03748    
   5.82876015         8173.52246         55815.0195         1196.92627    
   5.82976007         8173.95605         55826.1602         1196.81458    
   5.83076000         8174.39355         55837.3164         1196.70337    
   5.83175993         8174.83057         55848.4805         1196.59216    
   5.83275986         8175.26611         55859.6328         1196.48083    
   5.83375978         8175.70264         55870.7852         1196.36963    
   5.83475971         8176.13818         55881.9375         1196.25842    
   5.83575964         8176.57324         55893.0938         1196.14697    
   5.83675957         8177.00977         55904.2539         1196.03589    
   5.83775949         8177.44531         55915.4023         1195.92468    
   5.83875942         8177.88135         55926.5625         1195.81360    
   5.83975935         8178.31787         55937.7305         1195.70264    
   5.84075928         8178.75342         55948.8828         1195.59143    
   5.84175920         8179.18750         55960.0273         1195.48010    
   5.84275913         8179.62305         55971.1914         1195.36914    
   5.84375906         8180.05811         55982.3477         1195.25806    
   5.84475899         8180.49219         55993.4961         1195.14685    
   5.84575891         8180.92773         56004.6641         1195.03589    
   5.84675884         8181.36328         56015.8203         1194.92493    
   5.84775877         8181.79932         56026.9883         1194.81421    
   5.84875870         8182.23389         56038.1445         1194.70312    
   5.84975863         8182.66797         56049.3008         1194.59216    
   5.85075855         8183.10156         56060.4531         1194.48108    
   5.85175848         8183.53662         56071.6133         1194.37024    
   5.85275841         8183.96973         56082.7695         1194.25916    
   5.85375834         8184.40527         56093.9375         1194.14844    
   5.85475826         8184.83838         56105.0898         1194.03748    
   5.85575819         8185.27393         56116.2617         1193.92688    
   5.85675812         8185.70605         56127.4062         1193.81580    
   5.85775805         8186.14014         56138.5664         1193.70508    
   5.85875797         8186.57520         56149.7383         1193.59436    
   5.85975790         8187.00781         56160.8945         1193.48352    
   5.86075783         8187.44189         56172.0586         1193.37280    
   5.86175776         8187.87598         56183.2188         1193.26221    
   5.86275768         8188.30908         56194.3828         1193.15137    
   5.86375761         8188.74219         56205.5391         1193.04065    
   5.86475754         8189.17480         56216.6992         1192.92993    
   5.86575747         8189.60889         56227.8711         1192.81946    
   5.86675739         8190.04102         56239.0234         1192.70874    
   5.86775732         8190.47412         56250.1875         1192.59802    
   5.86875725         8190.90625         56261.3477         1192.48730    
   5.86975718         8191.33936         56272.5156         1192.37683    
   5.87075710         8191.77246         56283.6836         1192.26636    
   5.87175703         8192.20605         56294.8477         1192.15601    
   5.87275696         8192.63672         56306.0039         1192.04517    
   5.87375689         8193.06934         56317.1680         1191.93469    
   5.87475681         8193.50293         56328.3359         1191.82434    
   5.87575674         8193.93359         56339.4961         1191.71375    
   5.87675667         8194.36621         56350.6602         1191.60339    
   5.87775660         8194.79785         56361.8320         1191.49292    
   5.87875652         8195.23145         56372.9961         1191.38257    
   5.87975645         8195.66211         56384.1602         1191.27222    
   5.88075638         8196.09375         56395.3242         1191.16174    
   5.88175631         8196.52637         56406.4922         1191.05151    
   5.88275623         8196.95703         56417.6562         1190.94104    
   5.88375616         8197.38965         56428.8242         1190.83081    
   5.88475609         8197.81934         56439.9883         1190.72046    
   5.88575602         8198.25000         56451.1484         1190.60999    
   5.88675594         8198.68164         56462.3164         1190.49976    
   5.88775587         8199.11230         56473.4844         1190.38953    
   5.88875580         8199.54395         56484.6484         1190.27942    
   5.88975573         8199.97363         56495.8203         1190.16907    
   5.89075565         8200.40625         56506.9961         1190.05908    
   5.89175558         8200.83789         56518.1680         1189.94897    
   5.89275551         8201.26660         56529.3281         1189.83862    
   5.89375544         8201.69824         56540.5039         1189.72864    
   5.89475536         8202.12891         56551.6680         1189.61853    
   5.89575529         8202.55859         56562.8438         1189.50842    
   5.89675522         8202.98828         56574.0039         1189.39819    
   5.89775515         8203.41895         56585.1758         1189.28821    
   5.89875507         8203.84961         56596.3516         1189.17834    
   5.89975500         8204.27930         56607.5195         1189.06824    
   5.90075493         8204.70801         56618.6797         1188.95801    
   5.90175486         8205.13672         56629.8477         1188.84790    
   5.90275478         8205.56641         56641.0117         1188.73792    
   5.90375471         8205.99609         56652.1875         1188.62805    
   5.90475464         8206.42676         56663.3633         1188.51819    
   5.90575457         8206.85645         56674.5312         1188.40833    
   5.90675449         8207.28516         56685.7031         1188.29834    
   5.90775442         8207.71582         56696.8867         1188.18872    
   5.90875435         8208.14355         56708.0469         1188.07874    
   5.90975428         8208.57422         56719.2305         1187.96899    
   5.91075420         8209.00293         56730.3984         1187.85913    
   5.91175413         8209.43066         56741.5664         1187.74915    
   5.91275406         8209.85938         56752.7383         1187.63953    
   5.91375399         8210.28711         56763.9102         1187.52966    
   5.91475391         8210.71582         56775.0781         1187.41980    
   5.91575384         8211.14453         56786.2617         1187.31006    
   5.91675377         8211.57324         56797.4297         1187.20044    
   5.91775370         8212.00195         56808.6055         1187.09082    
   5.91875362         8212.42871         56819.7695         1186.98096    
   5.91975355         8212.85840         56830.9570         1186.87146    
   5.92075348         8213.28613         56842.1289         1186.76184    
   5.92175341         8213.71387         56853.3047         1186.65222    
   5.92275333         8214.14062         56864.4766         1186.54248    
   5.92375326         8214.57129         56875.6641         1186.43335    
   5.92475319         8214.99707         56886.8281         1186.32349    
   5.92575312         8215.42383         56898.0039         1186.21387    
   5.92675304         8215.85254         56909.1836         1186.10449    
   5.92775297         8216.27832         56920.3477         1185.99475    
   5.92875290         8216.70605         56931.5195         1185.88538    
   5.92975283         8217.13281         56942.6992         1185.77576    
   5.93075275         8217.56055         56953.8828         1185.66638    
   5.93175268         8217.98730         56965.0547         1185.55688    
   5.93275261         8218.41309         56976.2305         1185.44739    
   5.93375254         8218.84082         56987.4062         1185.33813    
   5.93475246         8219.26660         56998.5820         1185.22864    
   5.93575239         8219.69336         57009.7617         1185.11926    
   5.93675232         8220.12109         57020.9453         1185.01013    
   5.93775225         8220.54688         57032.1211         1184.90063    
   5.93875217         8220.97363         57043.3047         1184.79150    
   5.93975210         8221.40137         57054.4805         1184.68225    
   5.94075203         8221.82715         57065.6602         1184.57288    
   5.94175196         8222.25293         57076.8359         1184.46362    
   5.94275188         8222.67871         57088.0156         1184.35437    
   5.94375181         8223.10352         57099.1914         1184.24500    
   5.94475174         8223.53027         57110.3750         1184.13599    
   5.94575167         8223.95508         57121.5508         1184.02673    
   5.94675159         8224.38086         57132.7305         1183.91760    
   5.94775152         8224.80664         57143.9141         1183.80835    
   5.94875145         8225.23145         57155.0859         1183.69922    
   5.94975138         8225.65723         57166.2734         1183.59009    
   5.95075130         8226.08203         57177.4531         1183.48108    
   5.95175123         8226.50781         57188.6367         1183.37207    
   5.95275116         8226.93359         57199.8242         1183.26318    
   5.95375109         8227.35742         57210.9922         1183.15381    
   5.95475101         8227.78320         57222.1875         1183.04492    
   5.95575094         8228.20801         57233.3672         1182.93604    
   5.95675087         8228.63281         57244.5469         1182.82703    
   5.95775080         8229.05762         57255.7305         1182.71814    
   5.95875072         8229.48242         57266.9141         1182.60913    
   5.95975065         8229.90625         57278.0938         1182.50012    
   5.96075058         8230.33008         57289.2734         1182.39124    
   5.96175051         8230.75488         57300.4570         1182.28235    
   5.96275043         8231.17871         57311.6406         1182.17346    
   5.96375036         8231.60156         57322.8203         1182.06445    
   5.96475029         8232.02637         57334.0039         1181.95557    
   5.96575022         8232.44922         57345.1875         1181.84680    
   5.96675014         8232.87500         57356.3867         1181.73816    
   5.96775007         8233.29688         57367.5625         1181.62927    
   5.96875000         8233.72168         57378.7461         1181.52051    
   5.96974993         8234.14453         57389.9297         1181.41174    
   5.97074986         8234.56934         57401.1250         1181.30334    
   5.97174978         8234.99316         57412.3086         1181.19458    
   5.97274971         8235.41406         57423.4844         1181.08557    
   5.97374964         8235.83691         57434.6641         1180.97681    
   5.97474957         8236.26074         57445.8555         1180.86829    
   5.97574949         8236.68457         57457.0469         1180.75989    
   5.97674942         8237.10645         57468.2305         1180.65100    
   5.97774935         8237.52930         57479.4219         1180.54248    
   5.97874928         8237.95215         57490.6055         1180.43384    
   5.97974920         8238.37500         57501.7969         1180.32532    
   5.98074913         8238.79688         57512.9805         1180.21680    
   5.98174906         8239.21973         57524.1641         1180.10828    
   5.98274899         8239.64062         57535.3477         1179.99963    
   5.98374891         8240.06445         57546.5391         1179.89124    
   5.98474884         8240.48633         57557.7305         1179.78271    
   5.98574877         8240.91016         57568.9297         1179.67456    
   5.98674870         8241.33105         57580.1055         1179.56604    
   5.98774862         8241.75293         57591.2969         1179.45752    
   5.98874855         8242.17285         57602.4805         1179.34888    
   5.98974848         8242.59668         57613.6758         1179.24084    
   5.99074841         8243.01758         57624.8672         1179.13245    
   5.99174833         8243.43945         57636.0586         1179.02405    
   5.99274826         8243.86035         57647.2422         1178.91577    
   5.99374819         8244.28223         57658.4297         1178.80737    
   5.99474812         8244.70312         57669.6250         1178.69922    
   5.99574804         8245.12402         57680.8125         1178.59082    
   5.99674797         8245.54492         57692.0000         1178.48242    
   5.99774790         8245.96680         57703.1914         1178.37439    
   5.99874783         8246.38770         57714.3867         1178.26611    
