 logrho,rho,tipo
  0.241097987     ,   1.74219990     ,           1
  0.281215876     ,   1.91080284     ,           3
  0.731189549     ,   5.38504744     ,           2
  0.550732195     ,   3.55412078     ,           4
  0.737820148     ,   5.46789503     ,           3
  0.621313870     ,   4.18132448     ,           3
  0.386377543     ,   2.43431926     ,           1
   7.50533044E-02 ,   1.18864810     ,           3
  0.111392744     ,   1.29238749     ,           2
  0.185239092     ,   1.53193057     ,           3
  0.810371220     ,   6.46206379     ,           3
  0.843163908     ,   6.96889496     ,           3
  0.959669888     ,   9.11317921     ,           2
  0.860538125     ,   7.25334120     ,           3
  0.897521734     ,   7.89808321     ,           2
  0.887976408     ,   7.72638655     ,           1
  0.843163908     ,   6.96889496     ,           3
  0.779881716     ,   6.02395487     ,           3
  0.843163908     ,   6.96889496     ,           3
  0.907281637     ,   8.07758713     ,           3
   1.20831251     ,   16.1552067     ,           3
  0.994432092     ,   9.87261295     ,           3
  0.737820148     ,   5.46789503     ,           1
  0.869492888     ,   7.40445185     ,           3
  0.653105974     ,   4.49889612     ,           2
  0.596490026     ,   3.94902635     ,           2
  0.360398263     ,   2.29296947     ,           3
  0.124214381     ,   1.33111131     ,           3
  0.486273527     ,   3.06389260     ,           2
  0.596490026     ,   3.94902635     ,           2
   1.15279508     ,   14.2165775     ,           2
   1.47155440     ,   29.6179066     ,           2
   1.29546285     ,   19.7452602     ,           3
   1.40460753     ,   25.3867741     ,           3
   1.55073571     ,   35.5414925     ,           1
   1.50934303     ,   32.3104477     ,           1
   1.47155440     ,   29.6179066     ,           2
   1.47155440     ,   29.6179066     ,           3
   1.43679214     ,   27.3395977     ,           1
   1.40460753     ,   25.3867741     ,           1
   1.32028651     ,   20.9067478     ,           2
   1.03222084     ,   10.7701263     ,           1
  0.341214716     ,   2.19388938     ,           1
  0.120973311     ,   1.32121444     ,           3
   1.03222084     ,   10.7701263     ,           1
   1.10357702     ,   12.6933708     ,           3
   1.17052388     ,   14.8089361     ,           3
   1.29546285     ,   19.7452602     ,           3
   1.34661543     ,   22.2134190     ,           1
   1.24970520     ,   17.7707291     ,           2
   1.24970520     ,   17.7707291     ,           2
   1.34661543     ,   22.2134190     ,           3
   1.29546285     ,   19.7452602     ,           2
  0.927485049     ,   8.46223450     ,           3
  0.948674440     ,   8.88534832     ,           2
  0.887976408     ,   7.72638655     ,           2
  0.586944699     ,   3.86317754     ,           2
  0.490033746     ,   3.09053540     ,           2
  0.325420260     ,   2.11553526     ,           3
  0.787305892     ,   6.12781811     ,           2
  0.851764083     ,   7.10827303     ,           3
   1.07361376     ,   11.8471451     ,           3
   1.15279508     ,   14.2165775     ,           3
   1.34661543     ,   22.2134190     ,           3
   1.34661543     ,   22.2134190     ,           2
   1.07361376     ,   11.8471451     ,           2
  0.907281637     ,   8.07758713     ,           1
  0.927485049     ,   8.46223450     ,           2
   1.01925576     ,   10.4533558     ,           1
   1.04558480     ,   11.1066942     ,           3
  0.994432092     ,   9.87261295     ,           1
   1.17052388     ,   14.8089361     ,           3
  0.802545846     ,   6.34666872     ,           3
  0.994432092     ,   9.87261295     ,           1
  0.546410680     ,   3.51893067     ,           1
  0.621313870     ,   4.18132448     ,           2
  0.718224406     ,   5.22666216     ,           3
  0.357605428     ,   2.27827120     ,           3
  0.366038680     ,   2.32294369     ,           3
  0.505206108     ,   3.20041347     ,           3
  0.625121713     ,   4.21814680     ,           2
  0.647494137     ,   4.44113684     ,           2
  0.685457528     ,   4.84682703     ,           2
  0.813191175     ,   6.50415945     ,           3
  0.783414364     ,   6.07315493     ,           2
  0.641792059     ,   4.38320780     ,           3
  0.446007669     ,   2.79259324     ,           1
   1.04928291     ,   11.2016726     ,           3
   1.08971179     ,   12.2945261     ,           3
   1.15842807     ,   14.4021740     ,           3
   1.02580154     ,   10.6121044     ,           4
  0.954306543     ,   9.00132656     ,           2
   1.17745149     ,   15.0470543     ,           2
   1.31333101     ,   20.5745792     ,           2
   1.34076929     ,   21.9164028     ,           1
   1.45945954     ,   28.8044434     ,           2
   1.40146732     ,   25.2038727     ,           1
   1.31333101     ,   20.5745792     ,           3
  0.866803050     ,   7.35873270     ,           3
  0.896313965     ,   7.87614965     ,           2
   1.12846470     ,   13.4420252     ,           3
   1.51216602     ,   32.5211563     ,           3
   1.26316404     ,   18.3300667     ,           2
   1.26316404     ,   18.3300667     ,           3
   1.31333101     ,   20.5745792     ,           1
   1.42374384     ,   26.5304012     ,           3
   1.54112983     ,   34.7640076     ,           2
   1.60558784     ,   40.3262520     ,           3
   1.51216602     ,   32.5211563     ,           3
   1.66110539     ,   45.8253098     ,           1
   1.20418596     ,   16.0024319     ,           2
   1.12271237     ,   13.2651558     ,           3
   1.45945954     ,   28.8044434     ,           3
   1.44722497     ,   28.0043163     ,           4
   1.64180017     ,   43.8328934     ,           1
   1.31333101     ,   20.5745792     ,           3
  0.978218913     ,   9.51084042     ,           2
   1.39074349     ,   24.5891514     ,           2
   1.45945954     ,   28.8044434     ,           2
   1.52640653     ,   33.6052017     ,           3
   1.62331665     ,   42.0065193     ,           2
   1.58855450     ,   38.7752419     ,           3
   1.52640653     ,   33.6052017     ,           2
   1.55636978     ,   36.0055809     ,           1
   1.54112983     ,   34.7640076     ,           2
   1.36007452     ,   22.9126072     ,           3
   1.05904269     ,   11.4562569     ,           2
   1.34076929     ,   21.9164028     ,           2
   1.55636978     ,   36.0055809     ,           1
   1.55636978     ,   36.0055809     ,           1
   1.49837768     ,   31.5048695     ,           4
   1.55636978     ,   36.0055809     ,           2
   1.36007452     ,   22.9126072     ,           2
   1.47204852     ,   29.6516285     ,           2
   1.51216602     ,   32.5211563     ,           2
   1.51216602     ,   32.5211563     ,           2
  0.791334987     ,   6.18493271     ,           1
   1.24009860     ,   17.3819561     ,           2
  0.727059722     ,   5.33408213     ,           2
  0.704668045     ,   5.06603336     ,           1
  0.685457528     ,   4.84682703     ,           3
  0.669066727     ,   4.66731071     ,           2
  0.655215323     ,   4.52080011     ,           3
  0.645585179     ,   4.42165852     ,           2
   1.11143124     ,   12.9250202     ,           3
  0.931642234     ,   8.54362583     ,           1
   1.02125394     ,   10.5015640     ,           2
  0.863644481     ,   7.30540800     ,           2
  0.924342990     ,   8.40123177     ,           1
  0.358089387     ,   2.28081155     ,           1
  0.553268790     ,   3.57494020     ,           1
  0.398208231     ,   2.50154448     ,           3
  0.731899977     ,   5.39386415     ,           2
  0.819682539     ,   6.60210705     ,           3
  0.938870132     ,   8.68700600     ,           3
   1.18420172     ,   15.2827549     ,           2
   1.10368156     ,   12.6964264     ,           2
  0.883169532     ,   7.64133978     ,           1
  0.806002736     ,   6.39738846     ,           3
  0.640128255     ,   4.36644793     ,           3
  0.622123599     ,   4.18912745     ,           3
   1.13126528     ,   13.5289860     ,           1
   1.42523456     ,   26.6216240     ,           2
   1.53638530     ,   34.3862839     ,           2
   1.37252808     ,   23.5791435     ,           1
   1.36029351     ,   22.9241638     ,           1
   1.17623270     ,   15.0048838     ,           3
   1.31453586     ,   20.6317425     ,           1
   1.12420332     ,   13.3107738     ,           3
   1.03578091     ,   10.8587761     ,           2
  0.912272155     ,   8.17094231     ,           2
  0.844710767     ,   6.99376059     ,           3
   1.16072035     ,   14.4783945     ,           3
   1.21762550     ,   16.5053768     ,           2
   1.37252808     ,   23.5791435     ,           1
   1.18420172     ,   15.2827549     ,           2
   1.05327177     ,   11.3050299     ,           3
  0.786258459     ,   6.11305666     ,           1
   1.09052002     ,   12.3174286     ,           2
   1.24449766     ,   17.5589161     ,           3
   1.27314305     ,   18.7561245     ,           2
   1.37252808     ,   23.5791435     ,           2
   1.39808226     ,   25.0081882     ,           2
   1.55486870     ,   35.8813438     ,           2
   1.48523259     ,   30.5655804     ,           1
   1.57417393     ,   37.5123253     ,           1
   1.45419836     ,   28.4576073     ,           3
   1.55486870     ,   35.8813438     ,           3
   1.61556661     ,   41.2635574     ,           1
   1.36029351     ,   22.9241638     ,           2
  0.855895102     ,   7.17620945     ,           4
   1.36029351     ,   22.9241638     ,           3
   1.43947506     ,   27.5090179     ,           2
   1.55486870     ,   35.8813438     ,           4
   1.57417393     ,   37.5123253     ,           3
   1.91659701     ,   82.5271912     ,           1
   1.96235466     ,   91.6968918     ,           1
   2.07149911     ,   117.896027     ,           1
   1.77046895     ,   58.9479713     ,           2
   1.48523259     ,   30.5655804     ,           3
   1.48523259     ,   30.5655804     ,           2
   1.55486870     ,   35.8813438     ,           3
   1.55486870     ,   35.8813438     ,           2
   1.66132426     ,   45.8484077     ,           1
   1.51865649     ,   33.0108337     ,           1
   1.59437740     ,   39.2986259     ,           2
   1.63784301     ,   43.4353218     ,           1
   1.25383782     ,   17.9406376     ,           2
   1.26338315     ,   18.3393173     ,           1
   1.37252808     ,   23.5791435     ,           3
   1.87520432     ,   75.0247192     ,           1
   2.07149911     ,   117.896027     ,           1
   2.01350713     ,   103.159004     ,           3
   2.13844585     ,   137.545364     ,           1
   2.01350713     ,   103.159004     ,           2
   2.01350713     ,   103.159004     ,           1
   1.96235466     ,   91.6968918     ,           1
   2.07149911     ,   117.896027     ,           1
   1.91659701     ,   82.5271912     ,           2
   1.61556661     ,   41.2635574     ,           2
   1.30381203     ,   20.1285305     ,           3
   1.20902526     ,   16.1817436     ,           2
   1.21762550     ,   16.5053768     ,           3
   1.26338315     ,   18.3393173     ,           2
   1.63784301     ,   43.4353218     ,           1
   1.63784301     ,   43.4353218     ,           2
   1.87520432     ,   75.0247192     ,           2
   1.31453586     ,   20.6317425     ,           3
  0.723466814     ,   5.29013538     ,           3
   1.43947506     ,   27.5090179     ,           2
   1.87520432     ,   75.0247192     ,           3
   1.68614793     ,   48.5453835     ,           2
   1.55486870     ,   35.8813438     ,           2
   1.61556661     ,   41.2635574     ,           2
   1.51865649     ,   33.0108337     ,           2
   1.11725450     ,   13.0994930     ,           2
  0.833807468     ,   6.82036257     ,           3
   1.16840732     ,   14.7369385     ,           2
   1.24449766     ,   17.5589161     ,           2
   1.20902526     ,   16.1817436     ,           3
  0.997516155     ,   9.94297028     ,           3
  0.871270120     ,   7.43481445     ,           3
   1.19231951     ,   15.5711060     ,           2
  0.779871523     ,   6.02381372     ,           2
   1.17623270     ,   15.0048838     ,           1
   1.10368156     ,   12.6964264     ,           2
   1.16072035     ,   14.4783945     ,           1
   1.16840732     ,   14.7369385     ,           2
   1.39808226     ,   25.0081882     ,           2
   1.41144621     ,   25.7896957     ,           2
   1.11725450     ,   13.0994930     ,           1
   1.01896727     ,   10.4464149     ,           3
  0.452693194     ,   2.83591485     ,           2
   1.13844383     ,   13.7544699     ,           1
   1.01896727     ,   10.4464149     ,           2
   1.16072035     ,   14.4783945     ,           1
   1.17623270     ,   15.0048838     ,           1
   1.20902526     ,   16.1817436     ,           1
   1.17623270     ,   15.0048838     ,           2
   1.20902526     ,   16.1817436     ,           1
   1.07774568     ,   11.9603977     ,           2
   1.11041498     ,   12.8948107     ,           3
  0.681062341     ,   4.79802322     ,           1
   1.06533635     ,   11.6234837     ,           2
   1.00810933     ,   10.1884775     ,           1
  0.997516155     ,   9.94297028     ,           2
  0.816222012     ,   6.54970884     ,           3
   1.01896727     ,   10.4464149     ,           1
  0.841045856     ,   6.93499041     ,           2
  0.556753159     ,   3.60373735     ,           2
  0.614168942     ,   4.11309671     ,           3
  0.323599637     ,   2.10668516     ,           3
  -2.58398093E-02 ,  0.942237079     ,           2
  -6.43535405E-02 ,  0.862276316     ,           3
  0.673147321     ,   4.71137142     ,           2
  0.689234316     ,   4.88916063     ,           3
  0.562250376     ,   3.64964271     ,           3
  -5.85334972E-02 ,  0.873909593     ,           2
  0.541352153     ,   3.47818089     ,           2
  0.833727717     ,   6.81911039     ,           3
  0.822446704     ,   6.64426088     ,           3
  0.908361793     ,   8.09770203     ,           2
   4.70733568E-02 ,   1.11448276     ,           3
  0.102805085     ,   1.26708305     ,           2
  0.255140662     ,   1.79945362     ,           2
   1.07108998     ,   11.7784986     ,           1
  0.982148468     ,   9.59728622     ,           1
  0.424502194     ,   2.65767694     ,           3
  0.816914201     ,   6.56015587     ,           3
  0.642657697     ,   4.39195299     ,           3
   1.64243765E-02 ,   1.03854275     ,           3
  0.833727717     ,   6.81911039     ,           3
  0.822446704     ,   6.64426088     ,           1
  0.882032752     ,   7.62136459     ,           2
  0.390253663     ,   2.45614314     ,           2
  0.661461353     ,   4.58628845     ,           2
  0.424502194     ,   2.65767694     ,           3
  0.527017653     ,   3.36525226     ,           3
  0.882032752     ,   7.62136459     ,           3
  0.454465806     ,   2.84751368     ,           1
  0.208026841     ,   1.61445832     ,           3
  0.631754279     ,   4.28306103     ,           2
  0.888466895     ,   7.73511744     ,           3
   1.02434635     ,   10.5766058     ,           2
  0.833727717     ,   6.81911039     ,           2
   4.98843566E-02 ,   1.12171972     ,           3
  0.775021672     ,   5.95691824     ,           1
   1.00697219     ,   10.1618366     ,           3
 -0.158805341     ,  0.693736672     ,           3
   1.05178463     ,   11.2663870     ,           1
  0.108147234     ,   1.28276539     ,           3
  0.491821229     ,   3.10328197     ,           3
  0.908361793     ,   8.09770203     ,           3
  0.869443536     ,   7.40360975     ,           3
  0.982148468     ,   9.59728622     ,           2
   1.14634120     ,   14.0068731     ,           3
   1.15824032     ,   14.3959513     ,           2
   1.41351342     ,   25.9127464     ,           2
   1.43579006     ,   27.2765846     ,           2
   1.41351342     ,   25.9127464     ,           2
  0.275201023     ,   1.88452113     ,           2
  0.851218581     ,   7.09934998     ,           2
  0.998538911     ,   9.96641350     ,           2
   1.03330123     ,   10.7969522     ,           3
  0.943690002     ,   8.78395271     ,           2
   1.63536263     ,   43.1879539     ,           2
   1.93639278     ,   86.3759384     ,           2
   1.20939302     ,   16.1954517     ,           1
  0.714540482     ,   5.18251371     ,           3
   1.81145406     ,   64.7819519     ,           3
   2.11248422     ,   129.563950     ,           1
   2.11248422     ,   129.563950     ,           1
   2.11248422     ,   129.563950     ,           1
   1.93639278     ,   86.3759384     ,           2
   2.23742294     ,   172.751923     ,           1
   2.41351414     ,   259.127899     ,           2
   1.93639278     ,   86.3759384     ,           2
   1.67315125     ,   47.1141357     ,           3
   1.60060036     ,   39.8657913     ,           1
   1.60060036     ,   39.8657913     ,           2
   1.76030147     ,   57.5839500     ,           2
   1.41351342     ,   25.9127464     ,           3
  0.456858724     ,   2.86324644     ,           2
  0.811451197     ,   6.47815275     ,           3
  0.998538911     ,   9.96641350     ,           1
   1.15824032     ,   14.3959513     ,           2
   1.48409486     ,   30.4856052     ,           1
   1.71454394     ,   51.8255463     ,           2
   1.56841576     ,   37.0182381     ,           3
   1.08107424     ,   12.0524187     ,           2
   1.08107424     ,   12.0524187     ,           1
  0.461684227     ,   2.89523768     ,           1
  0.464117348     ,   2.91150379     ,           3
  0.828050613     ,   6.73055029     ,           2
  0.350923449     ,   2.24348640     ,           2
  0.185614482     ,   1.53325534     ,           3
  0.253635228     ,   1.79322684     ,           2
  0.328928560     ,   2.13269401     ,           2
   8.51181298E-02 ,   1.21651685     ,           1
   1.38210207E-02 ,   1.03233588     ,           1
  0.440379113     ,   2.75663400     ,           3
  0.565319777     ,   3.67552829     ,           2
  0.505022943     ,   3.19906425     ,           2
  0.481541544     ,   3.03069019     ,           2
  0.424502194     ,   2.65767694     ,           1
  0.262746841     ,   1.83124661     ,           2
  0.456858724     ,   2.86324644     ,           3
  0.535561442     ,   3.43211198     ,           3
 -0.129338190     ,  0.742440760     ,           2
   1.03368994E-03 ,   1.00238299     ,           3
  0.214844853     ,   1.64000380     ,           1
  0.217602432     ,   1.65045023     ,           2
  0.179236829     ,   1.51090384     ,           2
   6.51920736E-02 ,   1.16196239     ,           3
  -4.89062704E-02 ,  0.893498302     ,           2
  0.666672885     ,   4.64165545     ,           3
  0.880553782     ,   7.59545469     ,           2
  0.921946585     ,   8.35500240     ,           1
  0.979938865     ,   9.54858112     ,           2
  0.911222875     ,   8.15122509     ,           1
  0.921946585     ,   8.35500240     ,           2
  0.685156405     ,   4.84346771     ,           2
  0.528369188     ,   3.37574172     ,           2
  0.498698205     ,   3.15281296     ,           2
  0.110698372     ,   1.29032278     ,           2
  0.115758285     ,   1.30544412     ,           3
  0.685156405     ,   4.84346771     ,           2
  0.833810270     ,   6.82040644     ,           3
  0.911222875     ,   8.15122509     ,           3
  0.470925391     ,   2.95750427     ,           2
  0.574614763     ,   3.75504184     ,           2
  0.400151402     ,   2.51276231     ,           3
  0.151087061     ,   1.41607761     ,           3
  0.298692405     ,   1.98926389     ,           2
  0.345025361     ,   2.21322393     ,           3
  0.678907394     ,   4.77427483     ,           2
  0.610191166     ,   4.07559633     ,           4
  0.643191695     ,   4.39735651     ,           1
  0.685156405     ,   4.84346771     ,           2
  0.637514532     ,   4.34024811     ,           3
  0.955805063     ,   9.03243923     ,           2
   1.04688585     ,   11.1400166     ,           3
   1.52400780     ,   33.4201050     ,           3
   1.41006434     ,   25.7077637     ,           2
   1.62091792     ,   41.7751427     ,           2
   1.07684910     ,   11.9357338     ,           2
  0.579522073     ,   3.79771233     ,           2
  0.444822371     ,   2.78498173     ,           2
  0.115758285     ,   1.30544412     ,           3
  -2.62339767E-02 ,  0.941382289     ,           2
   1.18158460     ,   15.1909399     ,           2
   1.52400780     ,   33.4201050     ,           3
   1.52400780     ,   33.4201050     ,           2
   1.92194808     ,   83.5503159     ,           3
   2.04688668     ,   111.400406     ,           2
   1.92194808     ,   83.5503159     ,           1
   2.22297812     ,   167.100632     ,           1
   2.22297812     ,   167.100632     ,           1
   1.92194808     ,   83.5503159     ,           1
   2.04688668     ,   111.400406     ,           1
   2.04688668     ,   111.400406     ,           2
   1.82503796     ,   66.8402405     ,           2
   2.22297812     ,   167.100632     ,           2
   1.82503796     ,   66.8402405     ,           1
   1.62091792     ,   41.7751427     ,           2
   1.48261523     ,   30.3819160     ,           2
   1.29355860     ,   19.6588745     ,           1
   1.14379597     ,   13.9250250     ,           3
  0.890537977     ,   7.77209282     ,           3
  -5.11942841E-02 ,  0.888803422     ,           3
   7.37480819E-02 ,   1.18508112     ,           2
  0.474785805     ,   2.98391056     ,           3
  0.753153920     ,   5.66439962     ,           2
  0.870793819     ,   7.42666531     ,           3
  0.911222875     ,   8.15122509     ,           2
  0.691496611     ,   4.91469526     ,           2
  0.637514532     ,   4.34024811     ,           3
  0.550876737     ,   3.55530381     ,           1
  0.783643365     ,   6.07635832     ,           1
  0.833810270     ,   6.82040644     ,           2
  0.783643365     ,   6.07635832     ,           1
  0.921946585     ,   8.35500240     ,           2
  0.672747135     ,   4.70703173     ,           3
  0.222970471     ,   1.67097700     ,           2
  0.193586111     ,   1.56165862     ,           3
  0.745854676     ,   5.56999302     ,           3
   1.03264534     ,   10.7806606     ,           3
   1.09264338     ,   12.3777962     ,           3
  0.955805063     ,   9.03243923     ,           3
  0.833810270     ,   6.82040644     ,           3
  0.955805063     ,   9.03243923     ,           1
  0.900757194     ,   7.95714378     ,           2
  0.753153920     ,   5.66439962     ,           2
  0.791612387     ,   6.18888426     ,           2
  0.314486831     ,   2.06294107     ,           2
  0.959040880     ,   9.09998894     ,           3
  0.671973586     ,   4.69865561     ,           1
  0.878943622     ,   7.56734610     ,           3
   1.03059363     ,   10.7298489     ,           1
   1.07133877     ,   11.7852478     ,           3
   1.04375505     ,   11.0599985     ,           1
   1.19391143     ,   15.6282873     ,           3
   1.02415943     ,   10.5720539     ,           1
   1.40951180     ,   25.6750832     ,           2
   1.27688587     ,   18.9184647     ,           2
   1.02415943     ,   10.5720539     ,           3
  0.420497715     ,   2.63328409     ,           3
   1.00540984     ,   10.1253462     ,           2
   1.26560497     ,   18.4333782     ,           3
   1.22320080     ,   16.7186337     ,           2
   1.31260157     ,   20.5400524     ,           2
   1.12427521     ,   13.3129768     ,           3
   1.15769899     ,   14.3780165     ,           2
   1.11630619     ,   13.0709200     ,           2
   1.16647303     ,   14.6714497     ,           2
   1.26560497     ,   18.4333782     ,           3
   1.24388564     ,   17.5341854     ,           3
   1.24388564     ,   17.5341854     ,           1
   1.32519066     ,   21.1441708     ,           2
   1.21321666     ,   16.3386669     ,           2
   1.39427185     ,   24.7897358     ,           2
   1.25460947     ,   17.9725380     ,           2
   1.39427185     ,   24.7897358     ,           3
   1.24388564     ,   17.5341854     ,           3
   1.16647303     ,   14.6714497     ,           3
  0.596592546     ,   3.94995809     ,           2
  0.633947909     ,   4.30474997     ,           3
   1.28846788     ,   19.4297791     ,           3
   1.68057907     ,   47.9268723     ,           2
   1.95358062     ,   89.8629456     ,           2
   2.01157260     ,   102.700523     ,           1
   1.68057907     ,   47.9268723     ,           1
   1.77748930     ,   59.9086151     ,           1
   1.77748930     ,   59.9086151     ,           1
   2.07851958     ,   119.817291     ,           1
   1.31260157     ,   20.5400524     ,           3
   1.13239300     ,   13.5641632     ,           3
   1.20345664     ,   15.9755802     ,           3
   1.21321666     ,   16.3386669     ,           2
   1.11630619     ,   13.0709200     ,           1
   1.01781929     ,   10.4188375     ,           3
  0.953577876     ,   8.98623657     ,           3
  0.807448626     ,   6.41872263     ,           1
  0.596592546     ,   3.94995809     ,           3
  0.932388425     ,   8.55831814     ,           3
   1.45872998     ,   28.7560959     ,           3
   1.53445077     ,   34.2334595     ,           2
   1.53445077     ,   34.2334595     ,           2
   1.68057907     ,   47.9268723     ,           2
   1.60139775     ,   39.9390526     ,           2
   1.81527793     ,   65.3548660     ,           1
   1.77748930     ,   59.9086151     ,           1
   1.95358062     ,   89.8629456     ,           3
   1.95358062     ,   89.8629456     ,           3
   1.95358062     ,   89.8629456     ,           3
   1.95358062     ,   89.8629456     ,           2
   2.07851958     ,   119.817291     ,           3
   1.81527793     ,   65.3548660     ,           3
   1.95358062     ,   89.8629456     ,           2
   2.01157260     ,   102.700523     ,           2
   1.95358062     ,   89.8629456     ,           2
   2.01157260     ,   102.700523     ,           2
   1.90242815     ,   79.8781738     ,           1
   1.95358062     ,   89.8629456     ,           2
   1.77748930     ,   59.9086151     ,           1
   1.53445077     ,   34.2334595     ,           2
   1.44169664     ,   27.6500931     ,           3
  0.835477591     ,   6.84664154     ,           3
  0.435056806     ,   2.72305751     ,           1
  0.463964462     ,   2.91047883     ,           1
  0.606244028     ,   4.03872252     ,           3
  0.878943622     ,   7.56734610     ,           3
   1.26560497     ,   18.4333782     ,           3
   1.65255034     ,   44.9314384     ,           3
   1.65255034     ,   44.9314384     ,           2
   1.90242815     ,   79.8781738     ,           2
   1.42530608     ,   26.6260109     ,           3
   1.45872998     ,   28.7560959     ,           2
   1.22320080     ,   16.7186337     ,           2
  0.861031890     ,   7.26159334     ,           2
  0.912184834     ,   8.16930008     ,           3
  0.683478892     ,   4.82479525     ,           2
  0.606244028     ,   4.03872252     ,           3
   1.33815587     ,   21.7849121     ,           2
   1.32519066     ,   21.1441708     ,           1
   1.42530608     ,   26.6260109     ,           2
   1.55564022     ,   35.9451447     ,           3
   1.31260157     ,   20.5400524     ,           1
   1.20345664     ,   15.9755802     ,           2
   1.14909887     ,   14.0960951     ,           3
   1.03712440     ,   10.8924217     ,           3
   1.36530805     ,   23.1903915     ,           2
   1.37954855     ,   23.9634075     ,           2
   1.42530608     ,   26.6260109     ,           2
   1.24388564     ,   17.5341854     ,           2
   1.27688587     ,   18.9184647     ,           2
   1.22320080     ,   16.7186337     ,           3
  0.839633584     ,   6.91247559     ,           3
  0.726331949     ,   5.32515144     ,           3
  0.856667161     ,   7.18897772     ,           1
   1.09324074     ,   12.3948345     ,           1
  0.767725885     ,   5.85768318     ,           3
  0.807425857     ,   6.41838598     ,           3
  0.802490175     ,   6.34585571     ,           2
   1.15977859     ,   14.4470291     ,           2
   1.05484045     ,   11.3459387     ,           2
   1.07161129     ,   11.7926455     ,           1
   1.20383382     ,   15.9894600     ,           2
   1.28518605     ,   19.2835064     ,           3
   1.21320772     ,   16.3383312     ,           3
   1.25286758     ,   17.9006004     ,           3
   1.25808966     ,   18.1171417     ,           3
   1.11597919     ,   13.0610828     ,           2
   1.60722375     ,   40.4784355     ,           3
  0.861538649     ,   7.27007055     ,           3
   1.58436060     ,   38.4025955     ,           2
   1.14468265     ,   13.9534845     ,           3
   1.40950620     ,   25.6747475     ,           3
   1.59564173     ,   39.4132042     ,           1
   1.59184873     ,   39.0704803     ,           2
   1.62724102     ,   42.3878136     ,           2
   1.50332642     ,   31.8659172     ,           2
   1.40457082     ,   25.3846321     ,           2
   1.69350612     ,   49.3748856     ,           3
   1.65691197     ,   45.3849602     ,           3
   1.68875968     ,   48.8382072     ,           2
   1.36698616     ,   23.2801704     ,           3
   1.50025713     ,   31.6415043     ,           1
   1.86015689     ,   72.4697800     ,           2
   1.83963513     ,   69.1249924     ,           2
   1.92015517     ,   83.2061005     ,           2
   1.75492096     ,   56.8749313     ,           2
   1.36250889     ,   23.0414028     ,           1
   2.02929997     ,   106.979378     ,           2
   2.35152030     ,   224.657150     ,           1
   2.06148505     ,   115.208626     ,           3
   1.95357907     ,   89.8626099     ,           2
   2.27233887     ,   187.214203     ,           3
   1.49117744     ,   30.9868488     ,           2
   1.24942064     ,   17.7590866     ,           3
   1.60722375     ,   40.4784355     ,           3
   1.93654561     ,   86.4063492     ,           1
   2.13403583     ,   136.155701     ,           1
   2.12107086     ,   132.151093     ,           1
   2.06148505     ,   115.208626     ,           2
   2.20539188     ,   160.469269     ,           2
   1.16398835     ,   14.5877504     ,           1
   1.13009381     ,   13.4925442     ,           2
   1.33657265     ,   21.7056408     ,           3
   1.46502435     ,   29.1759052     ,           3
   1.52869427     ,   33.7826920     ,           2
   1.77748680     ,   59.9082718     ,           2
   2.07276583     ,   118.240417     ,           1
   1.98979139     ,   97.6768036     ,           2
   1.67482352     ,   47.2959099     ,           1
   1.48228359     ,   30.3587265     ,           2
   1.82003939     ,   66.0753403     ,           1
   1.63551366     ,   43.2029762     ,           1
   1.18864679     ,   15.4399824     ,           2
   1.38772595     ,   24.4188938     ,           3
   1.51266658     ,   32.5586662     ,           2
   1.56264114     ,   36.5292816     ,           1
   1.50953090     ,   32.3244286     ,           3
   1.18124783     ,   15.1791639     ,           1
   1.31011987     ,   20.4230137     ,           2
   1.27233040     ,   18.7210598     ,           1
   1.15285158     ,   14.2184277     ,           4
   1.40212417     ,   25.2420216     ,           4
   1.22278821     ,   16.7027607     ,           2
  0.657755733     ,   4.54732227     ,           3
   1.17397285     ,   14.9270115     ,           1
  0.945813477     ,   8.82700729     ,           2
  0.763779998     ,   5.80470276     ,           2
  0.519278824     ,   3.30581713     ,           3
  0.905117452     ,   8.03743458     ,           4
  0.414186686     ,   2.59529471     ,           2
  0.797706962     ,   6.27634716     ,           3
  0.932406604     ,   8.55867672     ,           1
  0.932406604     ,   8.55867672     ,           1
   1.10289490     ,   12.6734514     ,           1
  0.827670455     ,   6.72466135     ,           2
  0.845768869     ,   7.01082039     ,           1
  0.938083768     ,   8.67129135     ,           2
  0.961564958     ,   9.15303135     ,           2
   1.19564939     ,   15.6909561     ,           2
   1.07071018     ,   11.7682037     ,           2
   1.23911536     ,   17.3426437     ,           1
   1.20611501     ,   16.0736675     ,           2
   1.13765717     ,   13.7295780     ,           3
   1.11992836     ,   13.1803923     ,           3
   1.13765717     ,   13.7295780     ,           2
   1.07071018     ,   11.7682037     ,           3
   1.05547011     ,   11.3624010     ,           1
  0.949665666     ,   8.90565109     ,           3
   1.17544603     ,   14.9777288     ,           2
   1.13765717     ,   13.7295780     ,           2
   1.31374907     ,   20.5943966     ,           2
   1.11992836     ,   13.1803923     ,           2
   1.40392590     ,   25.3469639     ,           3
   1.49668026     ,   31.3819714     ,           3
   1.58845079     ,   38.7659798     ,           2
   1.58845079     ,   38.7659798     ,           2
   1.58845079     ,   38.7659798     ,           3
   1.67277169     ,   47.0729828     ,           1
   1.43868804     ,   27.4592133     ,           3
  0.980048478     ,   9.55099201     ,           3
  0.961564958     ,   9.15303135     ,           2
   1.15614069     ,   14.3265200     ,           3
   1.19564939     ,   15.6909561     ,           2
   1.21683872     ,   16.4755058     ,           1
   1.34177792     ,   21.9673634     ,           2
   1.40392590     ,   25.3469639     ,           3
   1.56362712     ,   36.6123123     ,           1
   1.64280844     ,   43.9347839     ,           1
   1.40392590     ,   25.3469639     ,           1
   1.56362712     ,   36.6123123     ,           3
   1.43868804     ,   27.4592133     ,           2
   1.61477971     ,   41.1888504     ,           3
   1.56362712     ,   36.6123123     ,           3
   1.56362712     ,   36.6123123     ,           2
   1.64280844     ,   43.9347839     ,           2
   1.54014599     ,   34.6853447     ,           3
   1.34177792     ,   21.9673634     ,           1
   1.34177792     ,   21.9673634     ,           3
   1.34177792     ,   21.9673634     ,           2
  0.894617796     ,   7.84544897     ,           2
  0.666606426     ,   4.64094496     ,           2
   1.04804599     ,   11.1698160     ,           3
   1.13765717     ,   13.7295780     ,           3
   1.12870240     ,   13.4493828     ,           2
   1.34177792     ,   21.9673634     ,           2
   1.40392590     ,   25.3469639     ,           1
   1.49668026     ,   31.3819714     ,           3
   1.67277169     ,   47.0729828     ,           3
   1.81889987     ,   65.9021988     ,           3
   1.86465740     ,   73.2246704     ,           2
   2.04074883     ,   109.837051     ,           2
   1.73971856     ,   54.9184914     ,           3
   2.11993027     ,   131.804474     ,           2
   2.04074883     ,   109.837051     ,           2
   2.04074883     ,   109.837051     ,           2
   2.21684027     ,   164.755600     ,           1
   2.04074883     ,   109.837051     ,           1
   2.04074883     ,   109.837051     ,           1
   2.21684027     ,   164.755600     ,           1
   2.11993027     ,   131.804474     ,           1
   1.91580999     ,   82.3777618     ,           1
   1.91580999     ,   82.3777618     ,           2
   1.67277169     ,   47.0729828     ,           2
   1.77750731     ,   59.9110909     ,           2
   1.86465740     ,   73.2246704     ,           1
   1.86465740     ,   73.2246704     ,           1
   1.81889987     ,   65.9021988     ,           3
   1.91580999     ,   82.3777618     ,           3
   1.91580999     ,   82.3777618     ,           2
   1.81889987     ,   65.9021988     ,           2
   1.81889987     ,   65.9021988     ,           2
   1.67277169     ,   47.0729828     ,           2
   1.56362712     ,   36.6123123     ,           2
   1.51786959     ,   32.9510727     ,           2
   1.47647679     ,   29.9555168     ,           2
   1.16568601     ,   14.6448851     ,           3
  0.864654303     ,   7.32241440     ,           2
  0.949665666     ,   8.90565109     ,           2
   1.13765717     ,   13.7295780     ,           3
   1.26259637     ,   18.3061237     ,           2
   1.13765717     ,   13.7295780     ,           2
   1.34177792     ,   21.9673634     ,           2
   1.56362712     ,   36.6123123     ,           1
   1.81889987     ,   65.9021988     ,           2
   1.67277169     ,   47.0729828     ,           3
   1.91580999     ,   82.3777618     ,           1
   1.81889987     ,   65.9021988     ,           2
   1.77750731     ,   59.9110909     ,           2
   1.64280844     ,   43.9347839     ,           2
   1.64280844     ,   43.9347839     ,           2
   1.73971856     ,   54.9184914     ,           2
   1.49668026     ,   31.3819714     ,           3
   1.56362712     ,   36.6123123     ,           3
   1.61477971     ,   41.1888504     ,           2
   1.19564939     ,   15.6909561     ,           2
   1.08650446     ,   12.2040653     ,           2
  0.591006994     ,   3.89948273     ,           1
  0.666606426     ,   4.64094496     ,           3
  0.617497027     ,   4.14473772     ,           2
   1.05547011     ,   11.3624010     ,           1
  0.949665666     ,   8.90565109     ,           3
  0.578344345     ,   3.78742743     ,           3
  0.725473821     ,   5.31463957     ,           2
  0.785472393     ,   6.10200214     ,           3
  0.642803252     ,   4.39342546     ,           3
  0.642803252     ,   4.39342546     ,           1
  0.704951942     ,   5.06934595     ,           2
  0.424438953     ,   2.65728998     ,           3
  0.424438953     ,   2.65728998     ,           2
  0.711685419     ,   5.14855576     ,           1
  0.775921524     ,   5.96927404     ,           3
  0.826840580     ,   6.71182442     ,           3
  0.622049510     ,   4.18841314     ,           3
  0.986311078     ,   9.68971634     ,           3
   1.05941975     ,   11.4662066     ,           2
  0.841929913     ,   6.94912100     ,           3
  0.956754923     ,   9.05221653     ,           3
   1.04517901     ,   11.0963211     ,           3
  0.476289213     ,   2.99425793     ,           3
   1.12156904     ,   13.2302790     ,           2
   1.01638424     ,   10.3844671     ,           2
   1.09523952     ,   12.4520121     ,           3
   1.17012024     ,   14.7951775     ,           2
   1.14737666     ,   14.0403090     ,           2
   1.23823714     ,   17.3076096     ,           2
   1.06671917     ,   11.6605539     ,           3
   1.12156904     ,   13.2302790     ,           1
   1.18678033     ,   15.3737688     ,           3
   1.42679906     ,   26.7177029     ,           2
   1.11329627     ,   12.9806461     ,           3
   1.52055907     ,   33.1557655     ,           2
   1.52055907     ,   33.1557655     ,           3
   1.65430808     ,   45.1136665     ,           3
  0.905601025     ,   8.04638863     ,           3
   1.72363496     ,   52.9218445     ,           2
   1.78642607     ,   61.1541672     ,           2
   1.42679906     ,   26.7177029     ,           2
   1.31906128     ,   20.8478527     ,           2
   1.65430808     ,   45.1136665     ,           1
   2.04169941     ,   110.077705     ,           3
   1.96251798     ,   91.7313843     ,           2
   1.63345790     ,   42.9989548     ,           1
   1.34973049     ,   22.3733215     ,           2
   1.29041576     ,   19.5171204     ,           3
   1.25494301     ,   17.9863510     ,           3
   1.41433048     ,   25.9615383     ,           3
   1.48059547     ,   30.2409515     ,           2
   1.71536243     ,   51.9233131     ,           3
   2.05942822     ,   114.664284     ,           2
   2.16088605     ,   144.839172     ,           2
   2.18436718     ,   152.885803     ,           1
   2.23551965     ,   171.996552     ,           1
   2.32569647     ,   211.688095     ,           2
   2.43964005     ,   275.194641     ,           2
   2.16088605     ,   144.839172     ,           2
   2.05942822     ,   114.664284     ,           2
   1.90816009     ,   80.9394226     ,           2
   1.54754269     ,   35.2811508     ,           1
   1.50011778     ,   31.6313496     ,           3
   1.59453952     ,   39.3133049     ,           2
   1.99248123     ,   98.2836456     ,           2
   2.16088605     ,   144.839172     ,           1
   1.55882382     ,   36.2096100     ,           3
   1.49515426     ,   31.2718964     ,           3
   1.60712886     ,   40.4695969     ,           2
   1.64724624     ,   44.3860283     ,           3
   1.74066842     ,   55.0387268     ,           2
   1.55882382     ,   36.2096100     ,           1
   1.64029741     ,   43.6814880     ,           2
   1.58837926     ,   38.7595940     ,           1
   1.29975593     ,   19.9414139     ,           3
   1.02465689     ,   10.5841732     ,           3
   1.62009382     ,   41.6959457     ,           3
   1.68376327     ,   48.2795601     ,           3
   1.60078859     ,   39.8830681     ,           3
   1.69145024     ,   49.1417046     ,           2
   1.29975593     ,   19.9414139     ,           3
   1.39824343     ,   25.0174713     ,           2
   1.47115374     ,   29.5905991     ,           3
  0.977231085     ,   9.48923302     ,           2
   1.29041576     ,   19.5171204     ,           2
   1.12576520     ,   13.3587294     ,           3
   1.74066842     ,   55.0387268     ,           3
   1.76754069     ,   58.5518570     ,           3
   1.23280823     ,   17.0926056     ,           2
   1.45736551     ,   28.6658916     ,           3
   1.46191311     ,   28.9676361     ,           3
   1.50011778     ,   31.6313496     ,           1
   1.57040572     ,   37.1882515     ,           3
   1.26065755     ,   18.2245789     ,           2
   1.22215009     ,   16.6782360     ,           3
   1.15859962     ,   14.4078646     ,           2
   1.17956185     ,   15.1203518     ,           2
   1.32236409     ,   21.0070000     ,           3
  0.876145124     ,   7.51874065     ,           3
  0.804139853     ,   6.37000656     ,           3
  0.958186030     ,   9.08209515     ,           3
   1.00029707     ,   10.0068417     ,           2
   1.11741281     ,   13.1042709     ,           2
  0.531123877     ,   3.39722133     ,           2
  0.589579523     ,   3.88668633     ,           3
   1.69145024     ,   49.1417046     ,           3
  0.564757645     ,   3.67077374     ,           3
   1.15286088     ,   14.2187328     ,           3
   1.41702080     ,   26.1228676     ,           3
   1.27963674     ,   19.0386753     ,           2
   1.34291887     ,   22.0251503     ,           3
   1.16967452     ,   14.7800016     ,           3
  0.595635116     ,   3.94126010     ,           3
  0.849087715     ,   7.06460190     ,           2
   1.31809521     ,   20.8015251     ,           3
   1.51901078     ,   33.0377731     ,           2
   1.60333192     ,   40.1173172     ,           2
  0.857360363     ,   7.20046139     ,           2
   1.04616570     ,   11.1215601     ,           1
   1.22441363     ,   16.7653904     ,           1
   1.36924791     ,   23.4017258     ,           1
   1.53197587     ,   34.0389252     ,           2
   1.58809185     ,   38.7339592     ,           3
   1.50642157     ,   32.0938339     ,           2
   1.60333192     ,   40.1173172     ,           2
  0.702177465     ,   5.03706408     ,           3
   1.65254998     ,   44.9314041     ,           2
   1.72827101     ,   53.4897957     ,           3
  0.986028552     ,   9.68341446     ,           1
   1.18716526     ,   15.3874016     ,           1
   1.36029303     ,   22.9241409     ,           1
   1.57336855     ,   37.4428253     ,           1
   1.61912620     ,   41.6031456     ,           1
   1.61912620     ,   41.6031456     ,           2
   1.65254998     ,   44.9314041     ,           3
   1.63551664     ,   43.2032700     ,           2
   1.61912620     ,   41.6031456     ,           2
   1.31809521     ,   20.8015251     ,           2
   1.14200282     ,   13.8676500     ,           2
  0.971305192     ,   9.36063194     ,           2
  0.862964392     ,   7.29397631     ,           2
   1.00126863     ,   10.0292549     ,           2
   1.33448565     ,   21.6015873     ,           3
   1.74946022     ,   56.1642876     ,           1
   1.72827101     ,   53.4897957     ,           2
   1.38773143     ,   24.4192009     ,           3
  0.595635116     ,   3.94126010     ,           1
  0.854585290     ,   7.15459871     ,           3
   1.27233756     ,   18.7213650     ,           2
   1.39727664     ,   24.9618454     ,           2
   1.58809185     ,   38.7339592     ,           1
   1.68876231     ,   48.8384933     ,           1
   1.57336855     ,   37.4428253     ,           1
   1.54533982     ,   35.1026459     ,           1
   1.60333192     ,   40.1173172     ,           2
   1.42724013     ,   26.7448444     ,           2
   1.40703666     ,   25.5291672     ,           2
   1.27233756     ,   18.7213650     ,           3
   1.14739799     ,   14.0409975     ,           1
  0.851827741     ,   7.10931540     ,           4
   1.00909400     ,   10.2116060     ,           3
   1.39727664     ,   24.9618454     ,           3
   1.47070599     ,   29.5601044     ,           1
   1.28706086     ,   19.3669319     ,           2
   1.18125641     ,   15.1794624     ,           2
   1.28706086     ,   19.3669319     ,           2
  0.904357553     ,   8.02338314     ,           3
   1.31809521     ,   20.8015251     ,           2
   1.39727664     ,   24.9618454     ,           2
  0.846364856     ,   7.02044773     ,           2
  0.920151949     ,   8.32054806     ,           2
   1.39727664     ,   24.9618454     ,           2
   1.45942497     ,   28.8021564     ,           2
   1.37839127     ,   23.8996353     ,           3
  0.556324363     ,   3.60018110     ,           2
   1.24430859     ,   17.5512733     ,           1
   1.15839338     ,   14.4010239     ,           2
   1.31012619     ,   20.4233131     ,           3
   1.07735956     ,   11.9497700     ,           2
   1.06821620     ,   11.7008162     ,           2
  0.683126032     ,   4.82087660     ,           3
  0.507652044     ,   3.21848917     ,           3
  0.907470882     ,   8.08110714     ,           1
  0.724146962     ,   5.29842663     ,           3
  0.382086992     ,   2.41038823     ,           3
  0.583612084     ,   3.83364606     ,           2
  0.710038424     ,   5.12906790     ,           3
  0.698299825     ,   4.99229002     ,           3
  0.529340088     ,   3.38329673     ,           3
  0.522848070     ,   3.33309793     ,           2
  0.521561205     ,   3.32323623     ,           3
  0.191729277     ,   1.55499601     ,           2
  0.727187276     ,   5.33564949     ,           3
  0.800421238     ,   6.31569672     ,           2
  0.625310242     ,   4.21997833     ,           2
  0.730947495     ,   5.38204718     ,           2
  0.409613669     ,   2.56811023     ,           3
  0.297932088     ,   1.98578429     ,           3
  0.700563848     ,   5.01838350     ,           3
   1.00160110     ,   10.0369349     ,           3
   1.05658615     ,   11.3916368     ,           3
   1.03832459     ,   10.9225626     ,           3
   1.15818524     ,   14.3941250     ,           3
   1.32429397     ,   21.1005573     ,           2
   1.20431745     ,   16.0072765     ,           3
  0.784468353     ,   6.08791161     ,           3
   1.00632179     ,   10.1466293     ,           2
   1.39954543     ,   25.0925827     ,           3
   1.28650510     ,   19.3421650     ,           2
   1.17186511     ,   14.8547421     ,           3
   1.19689333     ,   15.7359638     ,           2
   1.44270265     ,   27.7142181     ,           3
   1.46259761     ,   29.0133286     ,           2
   1.52058983     ,   33.1581116     ,           2
   1.39954543     ,   25.0925827     ,           2
  0.730947495     ,   5.38204718     ,           1
  0.524465501     ,   3.34553432     ,           2
  0.918523252     ,   8.28940296     ,           2
   1.04088664     ,   10.9871912     ,           3
   1.48344779     ,   30.4402237     ,           2
   1.47638583     ,   29.9492435     ,           3
   1.36568689     ,   23.2106304     ,           2
   1.46943712     ,   29.4738617     ,           3
   1.10442138     ,   12.7180758     ,           3
  0.551922023     ,   3.56387115     ,           3
   1.59668028     ,   39.5075645     ,           2
   1.83741522     ,   68.7725601     ,           2
   1.61556566     ,   41.2634659     ,           3
   1.46943712     ,   29.4738617     ,           3
   1.46259761     ,   29.0133286     ,           2
  0.672167540     ,   4.70075417     ,           2
   1.88856781     ,   77.3691406     ,           2
   1.99002564     ,   97.7294922     ,           2
   2.03833055     ,   109.227112     ,           3
   2.12265134     ,   132.632950     ,           2
   1.76362884     ,   58.0268250     ,           1
   1.17535353     ,   14.9745407     ,           2
   2.26877975     ,   185.686218     ,           1
   2.31453705     ,   206.318008     ,           1
   2.36568975     ,   232.107758     ,           1
   2.42368174     ,   265.266083     ,           1
   2.56980968     ,   371.372498     ,           2
   2.42368174     ,   265.266083     ,           2
   1.87083900     ,   74.2743759     ,           2
   1.47638583     ,   29.9492435     ,           2
  0.829436719     ,   6.75206614     ,           2
   1.04605699     ,   11.1187754     ,           3
   1.64552903     ,   44.2108727     ,           2
   1.82162094     ,   66.3163986     ,           3
   2.31453705     ,   206.318008     ,           2
   2.49062848     ,   309.477112     ,           2
   2.31453705     ,   206.318008     ,           2
   2.56980968     ,   371.372498     ,           2
   2.42368174     ,   265.266083     ,           1
   2.36568975     ,   232.107758     ,           2
   2.36568975     ,   232.107758     ,           3
   1.18959415     ,   15.4736977     ,           3
  0.763617575     ,   5.80253220     ,           3
   2.03833055     ,   109.227112     ,           1
   2.12265134     ,   132.632950     ,           2
   2.06465936     ,   116.053802     ,           3
   1.02079988     ,   10.4905891     ,           2
  0.957018137     ,   9.05770397     ,           3
   1.21569705     ,   16.4322529     ,           3
   1.56980801     ,   37.1371040     ,           2
   1.58753693     ,   38.6844902     ,           1
   1.63530982     ,   43.1827011     ,           3
   1.32925737     ,   21.3430958     ,           3
   1.24347007     ,   17.5174160     ,           2
  0.601309061     ,   3.99308944     ,           2
  0.457850635     ,   2.86979342     ,           3
  0.701739371     ,   5.03198528     ,           2
   1.02573514     ,   10.6104832     ,           2
   1.02822399     ,   10.6714649     ,           3
   1.07844234     ,   11.9795990     ,           3
   1.05392969     ,   11.3221712     ,           3
  0.950708628     ,   8.92706394     ,           3
  0.914662778     ,   8.21604443     ,           3
  0.876073480     ,   7.51750088     ,           2
  0.954904795     ,   9.01373577     ,           3
  0.950708628     ,   8.92706394     ,           3
  0.867369652     ,   7.36834002     ,           3
  0.803385794     ,   6.35895586     ,           3
  0.687840223     ,   4.87349176     ,           3
  0.481295735     ,   3.02897525     ,           2
  0.755549729     ,   5.69573450     ,           3
  0.777406216     ,   5.98971605     ,           3
  0.723459184     ,   5.29004288     ,           3
  0.674372196     ,   4.72467804     ,           3
  0.602244020     ,   4.00169516     ,           3
  0.448418438     ,   2.80813789     ,           3
  0.872611523     ,   7.45781326     ,           3
   1.05048788     ,   11.2327957     ,           3
   1.20309913     ,   15.9624329     ,           1
   1.20309913     ,   15.9624329     ,           3
   1.29621649     ,   19.7795525     ,           2
   1.42749572     ,   26.7605934     ,           1
   1.17364383     ,   14.9157076     ,           2
   1.46761322     ,   29.3503418     ,           2
   1.61655259     ,   41.3573341     ,           2
  0.437825143     ,   2.74047041     ,           3
  0.777126551     ,   5.98585987     ,           1
  0.963337064     ,   9.19045639     ,           1
   1.44046092     ,   27.5715313     ,           1
   1.41490662     ,   25.9960079     ,           3
   1.41490662     ,   25.9960079     ,           1
   1.51181698     ,   32.4950333     ,           1
   1.68022168     ,   47.8874474     ,           2
   1.75485539     ,   56.8663635     ,           1
   1.70370293     ,   50.5478783     ,           1
   1.57876396     ,   37.9108849     ,           3
   1.54400170     ,   34.9946518     ,           3
   1.20309913     ,   15.9624329     ,           3
  0.340911865     ,   2.19235992     ,           3
  0.925548196     ,   8.42457867     ,           2
   1.03469360     ,   10.8316240     ,           1
   1.45382488     ,   28.4331417     ,           3
   1.87979436     ,   75.8218536     ,           2
   1.70370293     ,   50.5478783     ,           2
   1.87979436     ,   75.8218536     ,           1
   2.18082452     ,   151.643784     ,           3
   1.72852659     ,   53.5212860     ,           2
   1.56103504     ,   36.3944397     ,           2
   1.46761322     ,   29.3503418     ,           3
   1.70370293     ,   50.5478783     ,           3
   1.65794528     ,   45.4930687     ,           2
  0.698897660     ,   4.99916697     ,           2
   1.11387527     ,   12.9979620     ,           2
   1.52761126     ,   33.6985512     ,           2
   2.05588579     ,   113.732811     ,           3
   2.26000595     ,   181.972534     ,           2
   2.26000595     ,   181.972534     ,           2
   2.48185468     ,   303.287628     ,           2
   2.48185468     ,   303.287628     ,           2
   2.48185468     ,   303.287628     ,           1
   2.35691595     ,   227.465714     ,           1
   2.35691595     ,   227.465714     ,           1
   2.18082452     ,   151.643784     ,           2
   2.11387777     ,   129.980362     ,           1
   1.61655259     ,   41.3573341     ,           2
   1.65794528     ,   45.4930687     ,           1
   1.78288436     ,   60.6574707     ,           1
   1.81284750     ,   64.9901428     ,           3
   1.61655259     ,   41.3573341     ,           3
  0.514920473     ,   3.27280736     ,           3
  0.946134806     ,   8.83353996     ,           3
   1.02955389     ,   10.7041912     ,           2
   1.10164082     ,   12.6369066     ,           2
   1.08391190     ,   12.1314259     ,           3
   1.41490662     ,   25.9960079     ,           1
   1.44046092     ,   27.5715313     ,           1
   1.51181698     ,   32.4950333     ,           3
   1.48185372     ,   30.3286915     ,           1
   1.72852659     ,   53.5212860     ,           2
   1.70370293     ,   50.5478783     ,           2
   2.00473309     ,   101.095818     ,           2
   2.05588579     ,   113.732811     ,           1
   2.05588579     ,   113.732811     ,           2
   1.87979436     ,   75.8218536     ,           3
   1.72852659     ,   53.5212860     ,           2
   1.65794528     ,   45.4930687     ,           2
   1.72852659     ,   53.5212860     ,           2
   1.70370293     ,   50.5478783     ,           3
   1.61655259     ,   41.3573341     ,           3
   1.40267217     ,   25.2738934     ,           2
   1.02955389     ,   10.7041912     ,           3
   1.04515910     ,   11.0958109     ,           2
   1.13289869     ,   13.5799656     ,           1
   1.37919104     ,   23.9436855     ,           2
   1.44046092     ,   27.5715313     ,           2
   1.48185372     ,   30.3286915     ,           3
   1.61655259     ,   41.3573341     ,           3
   1.42749572     ,   26.7605934     ,           2
   1.49657702     ,   31.3745117     ,           3
   1.21078587     ,   16.2474747     ,           2
  0.771449447     ,   5.90812159     ,           2
  0.872611523     ,   7.45781326     ,           3
  0.967746139     ,   9.28423595     ,           2
   1.06687844     ,   11.6648302     ,           2
   1.12646449     ,   13.3802576     ,           2
   1.21861124     ,   16.5428848     ,           3
   1.16658199     ,   14.6751299     ,           1
   1.11387527     ,   12.9979620     ,           3
   1.45382488     ,   28.4331417     ,           3
   1.44046092     ,   27.5715313     ,           2
   1.39077294     ,   24.5908146     ,           3
   1.46761322     ,   29.3503418     ,           1
   1.42749572     ,   26.7605934     ,           3
   1.22658026     ,   16.8492374     ,           2
  0.858600676     ,   7.22105551     ,           1
   1.12646449     ,   13.3802576     ,           2
   1.25140393     ,   17.8403740     ,           3
   1.46761322     ,   29.3503418     ,           3
   1.57876396     ,   37.9108849     ,           3
   1.54400170     ,   34.9946518     ,           3
   1.39077294     ,   24.5908146     ,           3
  0.696517885     ,   4.97184849     ,           3
  0.925548196     ,   8.42457867     ,           2
   1.08391190     ,   12.1314259     ,           2
   1.16658199     ,   14.6751299     ,           2
   1.36791003     ,   23.3297482     ,           3
   1.35691452     ,   22.7464962     ,           1
   1.44046092     ,   27.5715313     ,           3
   1.48185372     ,   30.3286915     ,           2
   1.45382488     ,   28.4331417     ,           1
   1.52761126     ,   33.6985512     ,           2
   1.39077294     ,   24.5908146     ,           2
   1.09565032     ,   12.4637957     ,           2
   1.13289869     ,   13.5799656     ,           3
   1.22658026     ,   16.8492374     ,           3
   1.07815945     ,   11.9718008     ,           3
   1.27773297     ,   18.9554005     ,           2
   1.65794528     ,   45.4930687     ,           3
   1.68022168     ,   47.8874474     ,           3
   1.63675594     ,   43.3267326     ,           2
   1.61655259     ,   41.3573341     ,           3
   1.42749572     ,   26.7605934     ,           2
   1.08974159     ,   12.2953682     ,           3
   1.18082261     ,   15.1643057     ,           2
   1.46761322     ,   29.3503418     ,           2
   1.35691452     ,   22.7464962     ,           3
  0.593479156     ,   3.92174292     ,           2
   1.10164082     ,   12.6369066     ,           3
   1.65794528     ,   45.4930687     ,           3
   1.81284750     ,   64.9901428     ,           1
   1.78288436     ,   60.6574707     ,           2
   1.84503210     ,   69.9893723     ,           2
   1.61655259     ,   41.3573341     ,           2
   1.61655259     ,   41.3573341     ,           3
   1.75485539     ,   56.8663635     ,           2
   1.57876396     ,   37.9108849     ,           3
   1.78288436     ,   60.6574707     ,           3
   1.40267217     ,   25.2738934     ,           3
   1.51181698     ,   32.4950333     ,           2
   1.52761126     ,   33.6985512     ,           3
   1.21078587     ,   16.2474747     ,           2
   1.15279365     ,   14.2165318     ,           3
   1.25140393     ,   17.8403740     ,           2
   1.42749572     ,   26.7605934     ,           3
   1.56103504     ,   36.3944397     ,           3
   1.48185372     ,   30.3286915     ,           3
   1.14606023     ,   13.9978123     ,           1
   1.45382488     ,   28.4331417     ,           3
   1.70370293     ,   50.5478783     ,           2
   1.70370293     ,   50.5478783     ,           1
   1.75485539     ,   56.8663635     ,           3
   2.05588579     ,   113.732811     ,           2
   1.78288436     ,   60.6574707     ,           1
   1.84503210     ,   69.9893723     ,           2
   1.75485539     ,   56.8663635     ,           3
   1.75485539     ,   56.8663635     ,           1
   1.31552172     ,   20.6786270     ,           2
   1.34619069     ,   22.1917057     ,           3
   1.35691452     ,   22.7464962     ,           2
   1.35691452     ,   22.7464962     ,           2
   1.22658026     ,   16.8492374     ,           2
   1.49657702     ,   31.3745117     ,           1
   1.72852659     ,   53.5212860     ,           2
   1.84503210     ,   69.9893723     ,           3
   1.91758299     ,   82.7147598     ,           3
   2.05588579     ,   113.732811     ,           3
   1.78288436     ,   60.6574707     ,           3
   1.84503210     ,   69.9893723     ,           2
   1.75485539     ,   56.8663635     ,           2
   1.15279365     ,   14.2165318     ,           2
   1.16658199     ,   14.6751299     ,           3
  0.803634524     ,   6.36259890     ,           2
   1.33572507     ,   21.6633244     ,           1
   1.51181698     ,   32.4950333     ,           3
   1.42749572     ,   26.7605934     ,           2
   1.51181698     ,   32.4950333     ,           3
   1.42749572     ,   26.7605934     ,           2
   1.41490662     ,   25.9960079     ,           1
   1.46761322     ,   29.3503418     ,           1
   1.11387527     ,   12.9979620     ,           3
   1.15279365     ,   14.2165318     ,           2
   1.21861124     ,   16.5428848     ,           2
   1.19554591     ,   15.6872139     ,           2
   1.34619069     ,   22.1917057     ,           3
   1.51181698     ,   32.4950333     ,           3
   1.22658026     ,   16.8492374     ,           3
   1.19554591     ,   15.6872139     ,           3
   1.33572507     ,   21.6633244     ,           2
   1.29621649     ,   19.7795525     ,           3
   1.46761322     ,   29.3503418     ,           3
   1.61655259     ,   41.3573341     ,           2
   1.51181698     ,   32.4950333     ,           2
   1.44046092     ,   27.5715313     ,           3
   1.40267217     ,   25.2738934     ,           1
   1.18812180     ,   15.4213266     ,           3
   1.15963316     ,   14.4421921     ,           2
   1.21078587     ,   16.2474747     ,           3
   1.01448989     ,   10.3392715     ,           2
   1.24297071     ,   17.4972858     ,           3
   1.54400170     ,   34.9946518     ,           2
   1.51181698     ,   32.4950333     ,           2
   1.51181698     ,   32.4950333     ,           1
   1.45382488     ,   28.4331417     ,           1
   1.52761126     ,   33.6985512     ,           3
   1.40267217     ,   25.2738934     ,           1
   1.00958264     ,   10.2230997     ,           3
  0.800607979     ,   6.31841230     ,           2
   1.13942957     ,   13.7857227     ,           2
   1.33572507     ,   21.6633244     ,           1
   1.42749572     ,   26.7605934     ,           3
   1.48185372     ,   30.3286915     ,           3
   1.54400170     ,   34.9946518     ,           3
   1.07815945     ,   11.9718008     ,           2
  0.958972216     ,   9.09855080     ,           3
  0.708549142     ,   5.11150932     ,           1
  0.689455926     ,   4.89165592     ,           1
  0.887089431     ,   7.71062231     ,           3
   1.20309913     ,   15.9624329     ,           3
   1.33572507     ,   21.6633244     ,           2
   1.33572507     ,   21.6633244     ,           3
   1.21861124     ,   16.5428848     ,           3
  0.514920473     ,   3.27280736     ,           3
  0.381469548     ,   2.40696383     ,           3
  0.749454796     ,   5.61635780     ,           2
  0.905893147     ,   8.05180359     ,           3
  0.746782124     ,   5.58190107     ,           3
  0.571576774     ,   3.72886586     ,           1
  0.182978570     ,   1.52397752     ,           2
  0.414894402     ,   2.59952736     ,           2
  0.426208496     ,   2.66813922     ,           3
 -0.218979254     ,  0.603977501     ,           2
 -0.223801211     ,  0.597308636     ,           3
 -0.118936032     ,  0.760438263     ,           1
 -0.118062995     ,  0.761968493     ,           2
 -0.335003078     ,  0.462377757     ,           2
 -0.118062995     ,  0.761968493     ,           2
  -4.70162034E-02 ,  0.897395313     ,           3
  -9.56477374E-02 ,  0.802328587     ,           3
   6.37522340E-02 ,   1.15811646     ,           3
 -0.343926102     ,  0.452974647     ,           3
  0.387974858     ,   2.44328904     ,           3
  0.379649341     ,   2.39689684     ,           2
  0.313487589     ,   2.05820012     ,           3
  0.633826435     ,   4.30354595     ,           3
  0.638789952     ,   4.35301304     ,           2
  0.609826028     ,   4.07217121     ,           2
  0.308792472     ,   2.03606892     ,           3
   4.04801294E-02 ,   1.09769106     ,           3
  0.553002656     ,   3.57275009     ,           2
  0.532985330     ,   3.41181397     ,           1
  0.659231305     ,   4.56279898     ,           3
  0.752235174     ,   5.65243006     ,           2
  0.596037745     ,   3.94491553     ,           2
  0.245865792     ,   1.76143157     ,           3
  0.614521265     ,   4.11643505     ,           2
  0.837947786     ,   6.88569498     ,           3
  0.934858203     ,   8.60712719     ,           1
 -0.191825613     ,  0.642945826     ,           2
  0.727051497     ,   5.33398104     ,           3
  0.822435617     ,   6.64409161     ,           2
   1.07316148     ,   11.8348141     ,           3
  0.976251066     ,   9.46784401     ,           2
  0.976251066     ,   9.46784401     ,           1
   1.05979753     ,   11.4761829     ,           1
  0.862307191     ,   7.28294802     ,           2
  0.178629190     ,   1.50879133     ,           2
  0.444768399     ,   2.78463578     ,           3
  0.814882457     ,   6.52953768     ,           3
  0.633826435     ,   4.30354595     ,           2
  0.525229752     ,   3.35142684     ,           2
 -0.228570253     ,  0.590785384     ,           3
  0.591537118     ,   3.90424562     ,           1
  0.140551418     ,   1.38213801     ,           3
  0.342777520     ,   2.20179820     ,           2
  0.444768399     ,   2.78463578     ,           3
  0.517610371     ,   3.29314113     ,           2
  0.561275303     ,   3.64145780     ,           2
 -0.204183534     ,  0.624908566     ,           3
 -0.268051803     ,  0.539446294     ,           3
 -0.147619635     ,  0.711836696     ,           3
  0.194487840     ,   1.56490445     ,           2
  0.299551636     ,   1.99320340     ,           3
  0.279451787     ,   1.90305698     ,           2
 -0.349090666     ,  0.447619855     ,           3
   9.82939303E-02 ,   1.25398958     ,           2
 -0.366697550     ,  0.429835677     ,           2
 -0.461540520     ,  0.345509112     ,           2
 -0.297356516     ,  0.504247189     ,           3
 -0.651179075     ,  0.223265141     ,           2
 -0.614594042     ,  0.242887959     ,           1
  0.906212926     ,   8.05773449     ,           2
  0.240415365     ,   1.73946369     ,           1
  0.406044751     ,   2.54709268     ,           2
  0.332811505     ,   2.15184760     ,           3
  0.310909182     ,   2.04601669     ,           2
  0.604881942     ,   4.02607584     ,           3
  0.450328290     ,   2.82051420     ,           3
  0.234404251     ,   1.71555340     ,           3
  0.249591276     ,   1.77660656     ,           2
  0.668920517     ,   4.66573954     ,           2
  0.698304594     ,   4.99234486     ,           2
  0.558423996     ,   3.61762857     ,           3
  0.525116324     ,   3.35055161     ,           1
  0.528041005     ,   3.37319183     ,           3
  0.314483672     ,   2.06292605     ,           1
   2.15963610E-02 ,   1.05098462     ,           3
  0.260547221     ,   1.82199514     ,           3
  0.748915017     ,   5.60938215     ,           3
  0.905914366     ,   8.05219650     ,           3
  0.847047329     ,   7.03148985     ,           2
  0.865796924     ,   7.34170389     ,           3
  0.483458221     ,   3.04409504     ,           2
  0.443028957     ,   2.77350497     ,           2
  0.652981222     ,   4.49760389     ,           2
  0.630118012     ,   4.26695442     ,           3
  0.892125964     ,   7.80056381     ,           1
   1.02620876     ,   10.6220598     ,           3
  0.472992659     ,   2.97161579     ,           2
  0.303847134     ,   2.01301551     ,           3
  0.711532950     ,   5.14674854     ,           3
  0.840973139     ,   6.93382883     ,           3
  0.649086058     ,   4.45744562     ,           2
  0.711532950     ,   5.14674854     ,           1
  0.615518451     ,   4.12589741     ,           1
  0.789820194     ,   6.16339827     ,           3
  0.707078636     ,   5.09423113     ,           3
  0.376080990     ,   2.37728357     ,           3
  0.395104617     ,   2.48373127     ,           3
  0.314483672     ,   2.06292605     ,           3
  0.577729404     ,   3.78206849     ,           3
  0.698304594     ,   4.99234486     ,           2
  0.853207588     ,   7.13193893     ,           3
   1.31809628     ,   20.8015785     ,           3
  0.840973139     ,   6.93382883     ,           3
  0.768886209     ,   5.87335443     ,           1
  0.258965135     ,   1.81536996     ,           3
  0.558423996     ,   3.61762857     ,           2
  0.637606084     ,   4.34116316     ,           3
  0.840973139     ,   6.93382883     ,           2
  0.817491949     ,   6.56888914     ,           1
  0.768886209     ,   5.87335443     ,           3
  0.865796924     ,   7.34170389     ,           2
   1.35588491     ,   22.6926346     ,           2
   1.52221668     ,   33.2825546     ,           1
   1.69830811     ,   49.9238510     ,           2
   1.65691543     ,   45.3853188     ,           3
   1.52221668     ,   33.2825546     ,           2
   1.58436453     ,   38.4029465     ,           2
   1.28333402     ,   19.2014503     ,           2
   1.31809628     ,   20.8015785     ,           3
   1.05485415     ,   11.3462963     ,           3
  0.734517038     ,   5.42646551     ,           2
   1.05485415     ,   11.3462963     ,           2
   1.39727759     ,   24.9619007     ,           2
   1.65691543     ,   45.3853188     ,           2
   1.65691543     ,   45.3853188     ,           2
   1.65691543     ,   45.3853188     ,           2
   1.55217993     ,   35.6598854     ,           1
   1.52221668     ,   33.2825546     ,           2
   1.39727759     ,   24.9619007     ,           1
   1.30036747     ,   19.9695129     ,           3
   1.07505751     ,   11.8865976     ,           2
  0.974030495     ,   9.41955662     ,           2
  0.892125964     ,   7.80056381     ,           2
   1.03554893     ,   10.8529768     ,           2
  0.806210816     ,   6.40045452     ,           2
  0.355877221     ,   2.26922321     ,           3
  0.934878230     ,   8.60752392     ,           2
  0.898965478     ,   7.92438316     ,           1
   1.15423906     ,   14.2639256     ,           2
   1.44303524     ,   27.7354527     ,           2
   1.41955411     ,   26.2756901     ,           2
   1.49418783     ,   31.2023869     ,           1
   1.52221668     ,   33.2825546     ,           3
   1.55217993     ,   35.6598854     ,           2
   1.37608838     ,   23.7732372     ,           2
   1.44303524     ,   27.7354527     ,           2
   1.49418783     ,   31.2023869     ,           1
   1.46785891     ,   29.3669548     ,           2
   1.65691543     ,   45.3853188     ,           3
   1.58436453     ,   38.4029465     ,           1
   1.58436453     ,   38.4029465     ,           1
   1.58436453     ,   38.4029465     ,           1
   1.65691543     ,   45.3853188     ,           1
   1.52221668     ,   33.2825546     ,           2
   1.52221668     ,   33.2825546     ,           1
   1.49418783     ,   31.2023869     ,           2
  0.982303083     ,   9.60070419     ,           2
   1.02620876     ,   10.6220598     ,           2
  0.440622866     ,   2.75818157     ,           2
  0.577729404     ,   3.78206849     ,           2
  0.744062424     ,   5.54705429     ,           2
   1.06483841     ,   11.6101637     ,           1
   1.19315720     ,   15.6011715     ,           2
   1.33657968     ,   21.7059917     ,           2
   1.41955411     ,   26.2756901     ,           3
   1.61912680     ,   41.6032028     ,           2
   1.61912680     ,   41.6032028     ,           2
   1.52221668     ,   33.2825546     ,           1
   1.46785891     ,   29.3669548     ,           2
   1.35588491     ,   22.6926346     ,           2
   1.02620876     ,   10.6220598     ,           2
   1.00811052     ,   10.1885052     ,           2
  0.885392547     ,   7.68055391     ,           2
  0.711532950     ,   5.14674854     ,           2
  0.462773383     ,   2.90250778     ,           2
   1.31809628     ,   20.8015785     ,           3
   1.55217993     ,   35.6598854     ,           1
   1.39727759     ,   24.9619007     ,           4
   1.41955411     ,   26.2756901     ,           4
   1.44303524     ,   27.7354527     ,           2
   1.37608838     ,   23.7732372     ,           3
   1.17979324     ,   15.1284084     ,           2
   1.58436453     ,   38.4029465     ,           2
   1.25114942     ,   17.8299198     ,           2
  0.834982693     ,   6.83884430     ,           1
  0.510781825     ,   3.24176717     ,           3
   1.01706529     ,   10.4007664     ,           2
   1.31809628     ,   20.8015785     ,           3
  0.840973139     ,   6.93382883     ,           3
  0.859456658     ,   7.23530245     ,           3
  0.525116324     ,   3.35055161     ,           1
  0.784491420     ,   6.08823490     ,           3
  0.878761947     ,   7.56418133     ,           2
  0.486114502     ,   3.06277084     ,           2
  0.380237103     ,   2.40014291     ,           3
  0.380237103     ,   2.40014291     ,           2
  0.488787055     ,   3.08167648     ,           2
  0.622756958     ,   4.19524145     ,           2
  0.652981222     ,   4.49760389     ,           3
  0.558423996     ,   3.61762857     ,           3
  0.491476417     ,   3.10081887     ,           2
  0.528041005     ,   3.37319183     ,           3
 -0.126493990     ,  0.747318983     ,           3
   4.89562191E-02 ,   1.11932504     ,           3
  0.187750846     ,   1.54081619     ,           1
  0.254252821     ,   1.79577863     ,           3
   9.29877982E-02 ,   1.23876178     ,           3
  -3.08771357E-02 ,  0.931371331     ,           3
 -0.373987317     ,  0.422680974     ,           3
 -0.135502324     ,  0.731977403     ,           2
 -0.337738872     ,  0.459474206     ,           2
 -0.316172689     ,  0.482866764     ,           3
   3.86658423E-02 ,   1.09311497     ,           3
  -4.51600030E-02 ,  0.901239038     ,           3
 -0.161631867     ,  0.689236283     ,           3
 -0.323603868     ,  0.474674761     ,           3
   4.29280736E-02 ,   1.10389578     ,           3
  0.241438225     ,   1.74356532     ,           3
  0.407503128     ,   2.55566025     ,           3
 -0.255543947     ,  0.555208445     ,           3
  0.355249226     ,   2.26594424     ,           3
  -4.72531207E-02 ,  0.896905899     ,           3
  0.358780146     ,   2.28444195     ,           3
  0.577688336     ,   3.78171062     ,           2
 -0.118950605     ,  0.760412753     ,           3
  0.687253416     ,   4.86691093     ,           2
  0.665165663     ,   4.62557411     ,           2
  0.718567729     ,   5.23079538     ,           2
  0.413493514     ,   2.59115577     ,           3
  0.878720999     ,   7.56346893     ,           3
  0.714527786     ,   5.18236256     ,           2
  0.624098957     ,   4.20822477     ,           1
  0.595661879     ,   3.94150281     ,           3
  0.371369511     ,   2.35163283     ,           3
  0.878720999     ,   7.56346893     ,           1
  0.921878338     ,   8.35368919     ,           1
  0.948612690     ,   8.88408470     ,           1
  0.928409219     ,   8.48026085     ,           1
   1.01555991     ,   10.3647747     ,           3
  0.620845616     ,   4.17681885     ,           3
  0.637360930     ,   4.33871317     ,           2
  0.449094921     ,   2.81251550     ,           2
  0.580632687     ,   3.80743623     ,           2
  0.902854919     ,   7.99567127     ,           3
  0.747951865     ,   5.59695578     ,           3
  -3.81091833E-02 ,  0.915990174     ,           4
  0.149149820     ,   1.40977502     ,           2
  0.497528762     ,   3.14433455     ,           3
  0.735114396     ,   5.43393469     ,           4
  0.640740752     ,   4.37261009     ,           3
  0.718567729     ,   5.23079538     ,           1
  0.718567729     ,   5.23079538     ,           3
  0.624098957     ,   4.20822477     ,           3
  0.566106200     ,   3.68219018     ,           1
  0.563258290     ,   3.65812302     ,           3
  0.788910806     ,   6.15050507     ,           2
  0.196491912     ,   1.57214248     ,           3
  0.369548470     ,   2.34179282     ,           3
  0.393838555     ,   2.47650123     ,           3
  0.203874037     ,   1.59909415     ,           3
  0.421611667     ,   2.64004707     ,           3
  0.509902894     ,   3.23521304     ,           3
  0.577688336     ,   3.78171062     ,           3
  0.507399678     ,   3.21661925     ,           2
  0.121598966     ,   1.32311916     ,           3
  0.451282859     ,   2.82672024     ,           3
  0.421611667     ,   2.64004707     ,           2
 -0.128868520     ,  0.743244112     ,           1
  0.240087345     ,   1.73815036     ,           2
  0.415508926     ,   2.60320830     ,           2
  0.251013845     ,   1.78243566     ,           1
  -1.17344828E-02 ,  0.973342121     ,           3
  0.269793719     ,   1.86120284     ,           3
  0.441611230     ,   2.76446581     ,           3
 -0.166033760     ,  0.682285666     ,           3
  0.539722562     ,   3.46515417     ,           3
  0.250861913     ,   1.78181207     ,           2
  -1.20993739E-03 ,  0.997217894     ,           3
  -5.98535128E-02 ,  0.871257424     ,           3
  0.269793719     ,   1.86120284     ,           2
  0.487015128     ,   3.06912875     ,           3
  0.628210545     ,   4.24825478     ,           3
  0.951908171     ,   8.95175457     ,           2
  0.921944737     ,   8.35496712     ,           2
  0.903059304     ,   7.99943447     ,           3
  0.926797271     ,   8.44884396     ,           2
  0.329634339     ,   2.13616276     ,           2
  0.490574956     ,   3.09438944     ,           3
  0.967702568     ,   9.28330421     ,           3
   2.79742386E-02 ,   1.06653285     ,           3
  -7.22567067E-02 ,  0.846726775     ,           2
  0.327173680     ,   2.12409377     ,           3
  0.583927035     ,   3.83642745     ,           3
  0.705923319     ,   5.08069754     ,           3
  -8.99869502E-02 ,  0.812854946     ,           2
  0.978560567     ,   9.51832581     ,           4
  0.410796523     ,   2.57511425     ,           2
  0.903059304     ,   7.99943447     ,           2
  0.867586613     ,   7.37202168     ,           3
  0.850880802     ,   7.09383011     ,           3
  0.903059304     ,   7.99943447     ,           2
  0.501433253     ,   3.17273092     ,           2
   1.42903161     ,   26.8554001     ,           1
   1.35767555     ,   22.7863903     ,           3
   1.21343112     ,   16.3467369     ,           2
   1.64574111     ,   44.2324638     ,           2
   1.59743643     ,   39.5764084     ,           2
   1.92194784     ,   83.5502701     ,           3
   1.67207015     ,   46.9969978     ,           2
   1.87619030     ,   75.1952362     ,           1
   1.87619030     ,   75.1952362     ,           1
   1.70009899     ,   50.1301460     ,           1
   1.64574111     ,   44.2324638     ,           3
   1.70009899     ,   50.1301460     ,           2
   1.21343112     ,   16.3467369     ,           2
   1.23273635     ,   17.0897770     ,           3
   1.09085858     ,   12.3270330     ,           2
   1.37103939     ,   23.4984627     ,           2
   1.70009899     ,   50.1301460     ,           2
   1.67207015     ,   46.9969978     ,           1
   1.87619030     ,   75.1952362     ,           2
   1.70009899     ,   50.1301460     ,           2
   1.92194784     ,   83.5502701     ,           2
   1.67207015     ,   46.9969978     ,           2
   1.25293982     ,   17.9035759     ,           3
   1.24272060     ,   17.4872112     ,           3
   9.51303467E-02 ,   1.24488819     ,           1
  0.907704115     ,   8.08544827     ,           3
   1.00112653     ,   10.0259733     ,           2
   1.02492964     ,   10.5908213     ,           2
   1.47824979     ,   30.0780525     ,           3
   1.47824979     ,   30.0780525     ,           3
   8.16784948E-02 ,   1.20692003     ,           3
  0.355039746     ,   2.26485157     ,           3
  0.672064543     ,   4.69963932     ,           3
   1.06327486     ,   11.5684404     ,           2
  0.516346335     ,   3.28357029     ,           2
  0.572986901     ,   3.74099302     ,           3
  0.602025568     ,   3.99968266     ,           2
  0.313883752     ,   2.06007838     ,           3
  0.324726909     ,   2.11216044     ,           3
  0.141369894     ,   1.38474524     ,           2
  0.166900858     ,   1.46859097     ,           1
  0.283998758     ,   1.92308617     ,           3
 -0.155663356     ,  0.698773861     ,           3
   6.19178005E-02 ,   1.15323496     ,           1
  0.479981750     ,   3.01982474     ,           1
  0.416787088     ,   2.61088109     ,           3
  0.154359668     ,   1.42678869     ,           2
   6.59331530E-02 ,   1.16394687     ,           3
  0.163520932     ,   1.45720589     ,           3
  0.209654748     ,   1.62052131     ,           3
  0.125660405     ,   1.33555079     ,           2
  -4.60480414E-02 ,  0.899398088     ,           1
 -0.158479765     ,  0.694256961     ,           3
  0.334597975     ,   2.16071749     ,           3
  0.347179234     ,   2.22422767     ,           3
  0.411340445     ,   2.57834148     ,           3
  0.568410873     ,   3.70178199     ,           3
   5.08254319E-02 ,   1.12415302     ,           3
  0.653842032     ,   4.50652742     ,           3
  0.193393394     ,   1.56096578     ,           3
  -9.97285768E-02 ,  0.794824839     ,           3
  0.806056142     ,   6.39817524     ,           3
  0.863283157     ,   7.29933214     ,           3
  -1.30177476E-02 ,  0.970470309     ,           3
   1.05178463     ,   11.2663870     ,           3
   1.11248267     ,   12.9563513     ,           2
   1.02434635     ,   10.5766058     ,           1
  0.982148468     ,   9.59728622     ,           1
  0.775021672     ,   5.95691824     ,           2
  0.936390758     ,   8.63755417     ,           3
   1.03330123     ,   10.7969522     ,           3
  0.998538911     ,   9.96641350     ,           1
  0.723314345     ,   5.28827906     ,           3
  0.657635033     ,   4.54605865     ,           2
  0.527017653     ,   3.36525226     ,           3
  0.337958127     ,   2.17749977     ,           3
  0.307994187     ,   2.03232980     ,           3
   1.06132996     ,   11.5167503     ,           3
   1.03330123     ,   10.7969522     ,           3
  0.590687513     ,   3.89661503     ,           2
  0.936390758     ,   8.63755417     ,           3
  0.863283157     ,   7.29933214     ,           3
   8.10591578E-02 ,   1.20520008     ,           2
  0.624634445     ,   4.21341705     ,           2
  0.869443536     ,   7.40360975     ,           2
  0.974179506     ,   9.42278957     ,           2
  0.833727717     ,   6.81911039     ,           2
  0.617629409     ,   4.14600134     ,           3
  0.527017653     ,   3.36525226     ,           3
   9.02457982E-02 ,   1.23096526     ,           2
  0.958667219     ,   9.09216309     ,           3
  0.816914201     ,   6.56015587     ,           2
  0.888466895     ,   7.73511744     ,           1
  0.908361793     ,   8.09770203     ,           2
  0.869443536     ,   7.40360975     ,           1
  0.402782440     ,   2.52803135     ,           2
  0.790261745     ,   6.16966724     ,           2
  0.888466895     ,   7.73511744     ,           1
  0.760298312     ,   5.75835323     ,           2
  0.339786768     ,   2.18668771     ,           3
  0.669217050     ,   4.66892672     ,           2
  0.386156350     ,   2.43307972     ,           3
  0.727768838     ,   5.34279919     ,           3
  0.681116343     ,   4.79861975     ,           3
  0.689234316     ,   4.88916063     ,           3
  0.148682147     ,   1.40825772     ,           3
  0.431235671     ,   2.69920373     ,           3
  0.597267926     ,   3.95610595     ,           3
  0.297893703     ,   1.98560882     ,           3
  0.669217050     ,   4.66892672     ,           2
  0.532694817     ,   3.40953207     ,           3
  0.407040387     ,   2.55293870     ,           3
  0.473988295     ,   2.97843599     ,           2
  -2.26695556E-02 ,  0.949140370     ,           2
 -0.311212361     ,  0.488413483     ,           2
 -0.267764211     ,  0.539803624     ,           3
 -0.335879028     ,  0.461446106     ,           3
  0.142820999     ,   1.38937986     ,           3
  -5.41166030E-02 ,  0.882842839     ,           3
  -9.30157602E-02 ,  0.807205737     ,           1
  -1.30177476E-02 ,  0.970470309     ,           2
  -1.70653369E-02 ,  0.961467624     ,           3
   8.92155021E-02 ,   1.22804844     ,           3
 -0.355496436     ,  0.441065967     ,           3
 -0.272870958     ,  0.533493400     ,           3
  0.189598188     ,   1.54738426     ,           2
  0.303963453     ,   2.01355481     ,           1
  0.394561321     ,   2.48062611     ,           3
  0.486464947     ,   3.06524324     ,           3
  0.552031636     ,   3.56477046     ,           3
  0.225993484     ,   1.68264878     ,           2
 -0.331769794     ,  0.465832949     ,           3
  0.337969810     ,   2.17755842     ,           2
  0.539350450     ,   3.46218657     ,           2
  0.394561321     ,   2.48062611     ,           3
  0.673766494     ,   4.71809292     ,           3
  0.581995249     ,   3.81940079     ,           2
  0.196637273     ,   1.57266879     ,           3
  -5.48432060E-02 ,  0.881367028     ,           3
  -4.28450992E-03 ,  0.990183055     ,           2
  0.459647626     ,   2.88169241     ,           3
  0.524002552     ,   3.34196973     ,           2
  0.446835518     ,   2.79792142     ,           3
  0.441814601     ,   2.76576066     ,           3
  0.417545587     ,   2.61544490     ,           3
  0.383509815     ,   2.41829801     ,           1
  0.542486191     ,   3.48727512     ,           2
  0.742848039     ,   5.53156471     ,           1
  0.768553615     ,   5.86885786     ,           1
  -6.35062903E-02 ,  0.863960147     ,           3
  -3.19793448E-02 ,  0.929010570     ,           3
  0.837269783     ,   6.87495422     ,           3
  0.311293662     ,   2.04782891     ,           3
   8.02950934E-02 ,   1.20308161     ,           3
  -9.65271890E-02 ,  0.800705492     ,           3
 -0.131235704     ,  0.739203990     ,           3
  -4.68149669E-02 ,  0.897811234     ,           3
  0.581995249     ,   3.81940079     ,           1
  0.718579233     ,   5.23093367     ,           3
  0.819044948     ,   6.59242105     ,           3
  0.856293201     ,   7.18279076     ,           3
   1.10258555     ,   12.6644278     ,           1
  0.992172599     ,   9.82138252     ,           2
  0.819044948     ,   6.59242105     ,           2
  0.958092690     ,   9.08014297     ,           3
   1.10258555     ,   12.6644278     ,           2
   1.19100785     ,   15.5241489     ,           3
   1.13830125     ,   13.7499542     ,           1
   1.10258555     ,   12.6644278     ,           1
  0.856293201     ,   7.18279076     ,           2
  0.377011389     ,   2.38238192     ,           3
  0.856293201     ,   7.18279076     ,           1
  0.904217124     ,   8.02078915     ,           2
   1.12606668     ,   13.3680077     ,           3
   1.11416757     ,   13.0067120     ,           3
   1.23521149     ,   17.1874523     ,           3
   1.12606668     ,   13.3680077     ,           2
  0.795876920     ,   6.24995518     ,           1
   9.01786238E-02 ,   1.23077488     ,           3
  0.773882508     ,   5.94131374     ,           3
  0.949974835     ,   8.91199303     ,           3
  0.942005813     ,   8.74995518     ,           1
  0.958092690     ,   9.08014297     ,           3
  0.454477280     ,   2.84758878     ,           2
  0.790272951     ,   6.16982698     ,           3
  0.849858999     ,   7.07715988     ,           2
  0.949974835     ,   8.91199303     ,           3
  0.196637273     ,   1.57266879     ,           3
  0.665333211     ,   4.62735939     ,           3
  0.849858999     ,   7.07715988     ,           3
  0.548826456     ,   3.53855920     ,           3
  0.472849309     ,   2.97063518     ,           3
   1.39666339E-02 ,   1.03268206     ,           3
  0.264059246     ,   1.83678889     ,           3
  0.446835518     ,   2.79792142     ,           3
  0.383509815     ,   2.41829801     ,           3
  0.320633829     ,   2.09234762     ,           3
  0.127262220     ,   1.34048581     ,           3
 -0.128558725     ,  0.743774474     ,           1
  0.233653456     ,   1.71259022     ,           2
  0.405901462     ,   2.54625249     ,           3
  0.309449524     ,   2.03915167     ,           3
   5.70418425E-02 ,   1.14035964     ,           2
   2.91406922E-02 ,   1.06940126     ,           3
  0.221461609     ,   1.66518164     ,           1
   7.81290159E-02 ,   1.19709611     ,           1
  0.110647321     ,   1.29017115     ,           3
 -0.112141639     ,  0.772428632     ,           3
   1.30356103E-02 ,   1.03047061     ,           3
  -1.04953852E-02 ,  0.976123154     ,           3
 -0.151180252     ,  0.706024468     ,           3
   4.15051207E-02 ,   1.10028481     ,           3
  0.337958127     ,   2.17749977     ,           2
  0.661461353     ,   4.58628845     ,           3
  0.513140976     ,   3.25942492     ,           3
  0.497054070     ,   3.14089966     ,           3
  -8.75695571E-02 ,  0.817392111     ,           3
  0.129068628     ,   1.34607303     ,           2
  0.249150097     ,   1.77480268     ,           2
  0.192087114     ,   1.55627775     ,           3
  0.284781575     ,   1.92655563     ,           2
  0.376079291     ,   2.37727427     ,           3
  0.337958127     ,   2.17749977     ,           3
  0.304601252     ,   2.01651406     ,           3
  0.521413684     ,   3.32210732     ,           3
  0.689234316     ,   4.88916063     ,           3
  0.112468764     ,   1.29559350     ,           3
  0.334323704     ,   2.15935326     ,           1
  0.354699969     ,   2.26308036     ,           2
  0.481541544     ,   3.03069019     ,           2
 -0.135516509     ,  0.731953502     ,           1
  0.276783109     ,   1.89139879     ,           3
  0.194703534     ,   1.56568193     ,           2
  0.354699969     ,   2.26308036     ,           3
  0.407040387     ,   2.55293870     ,           2
  0.276783109     ,   1.89139879     ,           3
  0.424502194     ,   2.65767694     ,           3
  0.433503568     ,   2.71333599     ,           2
  0.469024837     ,   2.94459009     ,           3
   2.69963704E-02 ,   1.06413412     ,           3
  0.556176186     ,   3.59895325     ,           1
  -4.96543497E-02 ,  0.891960561     ,           2
  0.650081754     ,   4.46767664     ,           3
  0.661461353     ,   4.58628845     ,           1
  0.646353900     ,   4.42949152     ,           2
  0.732269406     ,   5.39845419     ,           2
  0.875692487     ,   7.51090860     ,           2
  0.958667219     ,   9.09216309     ,           2
  0.915201366     ,   8.22624016     ,           3
  0.710218906     ,   5.13119984     ,           2
  0.714540482     ,   5.18251371     ,           3
  0.732269406     ,   5.39845419     ,           3
  0.780042529     ,   6.02618599     ,           2
  0.556176186     ,   3.59895325     ,           2
  0.532694817     ,   3.40953207     ,           3
  0.998538911     ,   9.96641350     ,           2
   1.09129345     ,   12.3393822     ,           2
   1.13475919     ,   13.6382675     ,           3
  0.929212153     ,   8.49595356     ,           3
  0.584205329     ,   3.83888674     ,           4
  0.718905330     ,   5.23486280     ,           3
   1.12347817     ,   13.2885695     ,           2
   1.26738513     ,   18.5090942     ,           2
   1.01557231     ,   10.3650713     ,           3
  0.998538911     ,   9.96641350     ,           3
  0.765150905     ,   5.82305479     ,           2
  0.224573821     ,   1.67715740     ,           3
  0.246185482     ,   1.76272869     ,           3
  0.705940247     ,   5.08089495     ,           2
  0.958667219     ,   9.09216309     ,           2
  0.936390758     ,   8.63755417     ,           2
  0.974179506     ,   9.42278957     ,           3
  0.288022578     ,   1.94098675     ,           2
  0.272053719     ,   1.87091351     ,           3
  0.822446704     ,   6.64426088     ,           3
  0.828050613     ,   6.73055029     ,           3
  0.929212153     ,   8.49595356     ,           3
  0.356600612     ,   2.27300620     ,           3
  0.888466895     ,   7.73511744     ,           3
   1.12347817     ,   13.2885695     ,           3
  0.673147321     ,   4.71137142     ,           2
  0.710218906     ,   5.13119984     ,           3
  0.332517922     ,   2.15039349     ,           2
  0.502350330     ,   3.17943788     ,           3
  0.714540482     ,   5.18251371     ,           3
   1.07108998     ,   11.7784986     ,           2
   5.55617400E-02 ,   1.13647985     ,           2
  0.234525636     ,   1.71603298     ,           3
  0.901628375     ,   7.97312164     ,           1
   1.18306398     ,   15.2427750     ,           2
   1.14634120     ,   14.0068731     ,           2
   1.11248267     ,   12.9563513     ,           2
  0.901628375     ,   7.97312164     ,           3
  0.685156345     ,   4.84346724     ,           3
  0.505022943     ,   3.19906425     ,           3
  0.203986660     ,   1.59950888     ,           3
  0.746057689     ,   5.57259750     ,           2
   1.02434635     ,   10.5766058     ,           3
  0.775021672     ,   5.95691824     ,           1
  0.378076136     ,   2.38822985     ,           1
  0.127942055     ,   1.34258580     ,           3
  -5.33760861E-02 ,  0.884349465     ,           2
   1.87444210E-03 ,   1.00432539     ,           3
  0.635358393     ,   4.31875324     ,           2
  0.404906213     ,   2.54042411     ,           3
  0.199983835     ,   1.58483422     ,           1
 -0.237313449     ,  0.579010665     ,           3
  -6.29058182E-02 ,  0.865155518     ,           3
  0.165527344     ,   1.46395373     ,           3
  0.196017534     ,   1.57042623     ,           2
  0.189486489     ,   1.54698634     ,           3
   1.12333456E-02 ,   1.02620316     ,           3
  0.216221511     ,   1.64521062     ,           2
 -0.492534161     ,  0.321710944     ,           3
  0.129835486     ,   1.34845197     ,           3
 -0.583933890     ,  0.260655046     ,           2
  0.573185086     ,   3.74270010     ,           3
  0.582139969     ,   3.82067370     ,           3
 -0.203505501     ,  0.625884950     ,           3
  0.765071929     ,   5.82199621     ,           3
  0.786261380     ,   6.11309814     ,           3
  0.357582837     ,   2.27815270     ,           1
 -0.193761960     ,  0.640085578     ,           3
  0.605369985     ,   4.03060246     ,           3
  0.824050069     ,   6.66883612     ,           2
  0.874217033     ,   7.48543406     ,           3
  0.683598340     ,   4.82612276     ,           2
  0.800984740     ,   6.32389593     ,           2
  0.856842875     ,   7.19188690     ,           2
  0.539104939     ,   3.46022964     ,           3
  0.634992719     ,   4.31511831     ,           2
  0.582139969     ,   3.82067370     ,           1
  0.577639461     ,   3.78128529     ,           2
  0.610168874     ,   4.07538700     ,           2
  0.655926764     ,   4.52821207     ,           3
 -0.278844923     ,  0.526205122     ,           3
  0.526984215     ,   3.36499333     ,           3
  0.779082716     ,   6.01288271     ,           1
   8.43962282E-02 ,   1.21449637     ,           3
   9.31117013E-02 ,   1.23911524     ,           3
  0.695180297     ,   4.95655918     ,           3
  0.800984740     ,   6.32389593     ,           2
  0.582139969     ,   3.82067370     ,           2
  0.292566001     ,   1.96139920     ,           3
  0.357582837     ,   2.27815270     ,           3
 -0.170405895     ,  0.675451398     ,           3
  0.272151202     ,   1.87133348     ,           1
 -0.460111797     ,  0.346647590     ,           3
  0.123495094     ,   1.32890856     ,           3
  0.126653701     ,   1.33860886     ,           3
   3.67719829E-02 ,   1.08835852     ,           2
  0.123495094     ,   1.32890856     ,           2
 -0.188423440     ,  0.648002326     ,           2
   6.33434057E-02 ,   1.15702677     ,           2
  -7.40912780E-02 ,  0.843157530     ,           3
 -0.260387540     ,  0.549050748     ,           3
  0.100510634     ,   1.26040649     ,           3
  -8.39624107E-02 ,  0.824209452     ,           3
  -2.62579578E-03 ,  0.993972123     ,           2
  -7.40912780E-02 ,  0.843157530     ,           3
 -0.102121122     ,  0.790458143     ,           3
   2.66837664E-02 ,   1.06336844     ,           2
  0.235608548     ,   1.72031724     ,           2
  0.138396561     ,   1.37529719     ,           3
  0.187925756     ,   1.54143691     ,           3
  0.117572747     ,   1.31090963     ,           3
  0.209714293     ,   1.62074351     ,           3
  0.413564146     ,   2.59157705     ,           3
  0.570549130     ,   3.72005296     ,           3
  0.653272152     ,   4.50061798     ,           2
  0.770526171     ,   5.89557457     ,           3
  0.544125199     ,   3.50046086     ,           2
  0.614353240     ,   4.11484289     ,           2
  0.517795444     ,   3.29454517     ,           3
  0.176780313     ,   1.50238180     ,           3
  0.986491561     ,   9.69374371     ,           3
  0.994924784     ,   9.88381958     ,           2
  0.942826569     ,   8.76650715     ,           2
  0.745843291     ,   5.56984758     ,           3
  0.994924784     ,   9.88381958     ,           2
   1.17745149     ,   15.0470543     ,           2
   1.14619350     ,   14.0021124     ,           3
   1.09504068     ,   12.4463129     ,           3
  0.990687549     ,   9.78785610     ,           2
   1.00788987     ,   10.1833315     ,           3
  0.804865599     ,   6.38065958     ,           3
  0.931642234     ,   8.54362583     ,           3
  0.873189926     ,   7.46775198     ,           2
   1.17745149     ,   15.0470543     ,           2
   1.24009860     ,   17.3819561     ,           2
   1.11143124     ,   12.9250202     ,           2
  0.842155337     ,   6.95272970     ,           3
  0.765475988     ,   5.82741594     ,           3
  0.667060733     ,   4.64580250     ,           3
   1.04928291     ,   11.2016726     ,           1
   1.00788987     ,   10.1833315     ,           3
   1.30455685     ,   20.1630802     ,           1
   1.37005877     ,   23.4454594     ,           1
   1.36007452     ,   22.9126072     ,           2
   1.43532574     ,   27.2474461     ,           2
   1.36007452     ,   22.9126072     ,           2
   1.29595673     ,   19.7677288     ,           1
   1.08971179     ,   12.2945261     ,           3
   1.03504229     ,   10.8403254     ,           3
   1.05904269     ,   11.4562569     ,           2
   1.09504068     ,   12.4463129     ,           2
   1.58855450     ,   38.7752419     ,           2
   1.45945954     ,   28.8044434     ,           3
   1.51216602     ,   32.5211563     ,           3
   1.05413544     ,   11.3275347     ,           2
   1.04448402     ,   11.0785770     ,           3
   1.17101741     ,   14.8257723     ,           2
   1.29595673     ,   19.7677288     ,           2
  0.616129577     ,   4.13170767     ,           2
  0.935338438     ,   8.61664963     ,           3
  0.561038315     ,   3.63947129     ,           3
  0.313313812     ,   2.05737662     ,           2
  0.720220268     ,   5.25073719     ,           3
  0.169081613     ,   1.47598386     ,           3
  0.632451892     ,   4.28994656     ,           3
  0.671082079     ,   4.68902016     ,           3
  0.687550426     ,   4.87024069     ,           3
  0.422589123     ,   2.64599562     ,           3
  0.157164499     ,   1.43603325     ,           2
   2.34884154E-02 ,   1.05557334     ,           3
  0.692547381     ,   4.92660093     ,           3
  0.758227348     ,   5.73095989     ,           3
  0.862964392     ,   7.29397631     ,           3
  0.776325881     ,   5.97483444     ,           2
  0.533282340     ,   3.41414785     ,           2
  0.913765073     ,   8.19907951     ,           1
  0.321305454     ,   2.09558582     ,           3
  0.904357553     ,   8.02338314     ,           3
   1.07735956     ,   11.9497700     ,           3
   1.10109758     ,   12.6211128     ,           2
   1.09144616     ,   12.3437214     ,           3
  0.886132479     ,   7.69365120     ,           1
  0.833000720     ,   6.80770493     ,           3
  0.792805433     ,   6.20590925     ,           3
  0.895149469     ,   7.85505867     ,           1
   1.02518106     ,   10.5969534     ,           3
   1.02929759     ,   10.6978779     ,           3
  0.997408152     ,   9.94049835     ,           3
  0.830376446     ,   6.76669264     ,           2
  0.797631025     ,   6.27524948     ,           1
  0.933214724     ,   8.57461643     ,           2
  0.910606623     ,   8.13966656     ,           3
  0.898197174     ,   7.91037607     ,           2
  0.960581124     ,   9.13232040     ,           3
  0.874394000     ,   7.48848534     ,           3
  0.800064147     ,   6.31050539     ,           3
   1.10600483     ,   12.7645311     ,           3
   1.08200443     ,   12.0782614     ,           3
   1.08200443     ,   12.0782614     ,           2
  0.923380971     ,   8.38264275     ,           2
   1.09144616     ,   12.3437214     ,           2
  0.898197174     ,   7.91037607     ,           3
  0.833000720     ,   6.80770493     ,           2
  0.753818095     ,   5.67306948     ,           3
   1.08200443     ,   12.0782614     ,           4
   1.21797943     ,   16.5188351     ,           2
  0.780970871     ,   6.03908110     ,           3
  0.753818095     ,   5.67306948     ,           3
  0.790412545     ,   6.17180967     ,           2
   1.08200443     ,   12.0782614     ,           1
   1.08669972     ,   12.2095518     ,           1
   1.09144616     ,   12.3437214     ,           1
  0.659546316     ,   4.56610966     ,           3
  0.405051559     ,   2.54127431     ,           3
  0.997408152     ,   9.94049835     ,           1
   1.21797943     ,   16.5188351     ,           1
  0.353242338     ,   2.25549746     ,           3
   1.09624505     ,   12.4808750     ,           2
  0.978604436     ,   9.51928711     ,           2
  0.964126408     ,   9.20717525     ,           2
  0.926634252     ,   8.44567299     ,           3
  0.559117317     ,   3.62340856     ,           1
  0.529340088     ,   3.38329673     ,           3
  0.684994042     ,   4.84165716     ,           2
   8.66101682E-03 ,   1.02014291     ,           3
  0.418017060     ,   2.61828589     ,           3
  0.199205041     ,   1.58199477     ,           3
   6.77303746E-02 ,   1.16877353     ,           3
  0.437691212     ,   2.73962545     ,           2
   7.54824653E-02 ,   1.18982327     ,           1
  0.342545241     ,   2.20062089     ,           2
  0.329863548     ,   2.13729048     ,           3
  0.470718324     ,   2.95609450     ,           3
  0.717016280     ,   5.21214247     ,           2
  0.791651368     ,   6.18943977     ,           2
  0.812501788     ,   6.49384308     ,           2
  0.730559051     ,   5.37723541     ,           3
  0.524717867     ,   3.34747887     ,           3
  0.349027693     ,   2.23371458     ,           2
  0.865438581     ,   7.33564949     ,           2
  0.481658608     ,   3.03150725     ,           3
  0.791651368     ,   6.18943977     ,           3
  0.951103151     ,   8.93517685     ,           3
   1.05792260     ,   11.4267473     ,           3
  0.767456114     ,   5.85404587     ,           3
   1.21762455     ,   16.5053444     ,           2
   1.31152976     ,   20.4894257     ,           2
  0.444515526     ,   2.78301477     ,           3
   1.15067744     ,   14.1474247     ,           3
  0.824532986     ,   6.67625570     ,           3
  0.232948169     ,   1.70981121     ,           2
   1.32676971     ,   21.2211895     ,           1
  0.461102247     ,   2.89136052     ,           1
   1.09268510     ,   12.3789864     ,           3
   1.31152976     ,   20.4894257     ,           2
   1.51865602     ,   33.0107994     ,           3
   1.61256087     ,   40.9789543     ,           3
   1.64359510     ,   44.0144348     ,           2
   1.62780082     ,   42.4424858     ,           2
   1.69474769     ,   49.5162430     ,           2
   1.75273991     ,   56.5900192     ,           2
   1.65998566     ,   45.7073059     ,           1
   1.87083936     ,   74.2744293     ,           1
   1.73253644     ,   54.0177422     ,           2
   1.62780082     ,   42.4424858     ,           2
   1.65998566     ,   45.7073059     ,           3
   1.56980872     ,   37.1371651     ,           3
  0.748615861     ,   5.60551977     ,           2
   1.38476205     ,   24.2528057     ,           1
   1.06635582     ,   11.6508017     ,           2
  0.740497768     ,   5.50171089     ,           3
  0.609565794     ,   4.06973171     ,           2
  0.744537890     ,   5.55313063     ,           2
  0.543467879     ,   3.49516654     ,           3
  -7.17868144E-03 ,  0.983606339     ,           3
  0.152444243     ,   1.42050982     ,           3
  0.386218935     ,   2.43343043     ,           2
  0.384334803     ,   2.42289615     ,           3
  0.146967292     ,   1.40270805     ,           2
  0.365929276     ,   2.32235861     ,           2
  0.397698939     ,   2.49861264     ,           2
  0.538434386     ,   3.45489097     ,           2
  0.915444136     ,   8.23083973     ,           3
  0.884629965     ,   7.66707993     ,           2
  0.839467525     ,   6.90983248     ,           3
   1.14589405     ,   13.9924612     ,           2
  0.543829501     ,   3.49807811     ,           4
  0.308612347     ,   2.03522468     ,           2
  0.336326033     ,   2.16933203     ,           3
  0.346545339     ,   2.22098351     ,           3
  0.487877220     ,   3.07522726     ,           3
  0.589587629     ,   3.88675904     ,           3
  0.955561578     ,   9.02737713     ,           2
   1.12470484     ,   13.3261528     ,           2
   1.21647537     ,   16.4617271     ,           3
   1.36774349     ,   23.3208046     ,           2
   1.44692492     ,   27.9849720     ,           2
   1.42573559     ,   26.6523552     ,           2
   1.54383504     ,   34.9812279     ,           1
   1.74795532     ,   55.9700012     ,           2
   1.60182714     ,   39.9785576     ,           2
   1.79371285     ,   62.1888962     ,           1
   1.70656264     ,   50.8818207     ,           2
   1.49268246     ,   31.0944252     ,           3
   1.66877401     ,   46.6416588     ,           2
   1.74795532     ,   55.9700012     ,           2
   1.79371285     ,   62.1888962     ,           1
   1.66877401     ,   46.6416588     ,           2
   1.57186389     ,   37.3133202     ,           2
   1.51750612     ,   32.9235115     ,           1
   1.08519602     ,   12.1673517     ,           3
  0.896694601     ,   7.88305569     ,           2
  0.999765575     ,   9.99460316     ,           2
  0.577688336     ,   3.78171062     ,           3
   6.85092360E-02 ,   1.17087150     ,           3
   1.71524826E-02 ,   1.04028535     ,           1
  -3.59714665E-02 ,  0.920510054     ,           2
  0.154654354     ,   1.42775714     ,           3
  0.425728172     ,   2.66518998     ,           2
  0.478435516     ,   3.00909233     ,           2
  0.417533666     ,   2.61537313     ,           1
   7.95517042E-02 ,   1.20102406     ,           3
  0.109449580     ,   1.28661788     ,           3
   2.77759451E-02 ,   1.06604600     ,           2
  0.146967292     ,   1.40270805     ,           3
  0.221603408     ,   1.66572535     ,           3
  0.219673693     ,   1.65834045     ,           3
  0.181504041     ,   1.51881206     ,           2
  0.211766660     ,   1.62842083     ,           3
   6.81987628E-02 ,   1.17003477     ,           3
  0.314880103     ,   2.06481004     ,           3
  0.239497945     ,   1.73579299     ,           1
  0.645271957     ,   4.41847038     ,           3
  0.526448309     ,   3.36084366     ,           2
  0.601950169     ,   3.99898863     ,           4
  0.763182759     ,   5.79672575     ,           1
  0.725061893     ,   5.30960131     ,           3
  0.610275686     ,   4.07638979     ,           3
  0.881532192     ,   7.61258554     ,           2
   1.07633543     ,   11.9216261     ,           4
  0.470191419     ,   2.95251036     ,           2
  0.804974437     ,   6.38225937     ,           2
  0.866111636     ,   7.34702778     ,           1
  0.827481985     ,   6.72174454     ,           3
  0.725061893     ,   5.30960131     ,           3
  0.181504041     ,   1.51881206     ,           2
  -4.07729112E-02 ,  0.910389185     ,           3
  0.436992586     ,   2.73522186     ,           3
  0.800609648     ,   6.31843662     ,           2
  0.955512702     ,   9.02636147     ,           2
   1.13785386     ,   13.7357988     ,           1
  0.333734542     ,   2.15642595     ,           2
  0.400930017     ,   2.51727128     ,           2
   1.25654399     ,   18.0527782     ,           2
   1.15715909     ,   14.3601542     ,           3
   1.32349110     ,   21.0615864     ,           1
   2.31633615E-02 ,   1.05478358     ,           3
   1.32349110     ,   21.0615864     ,           2
   1.28209829     ,   19.1468925     ,           2
  0.413214117     ,   2.58948922     ,           2
   1.09304142     ,   12.3891459     ,           2
   1.23241043     ,   17.0769539     ,           3
   1.24430954     ,   17.5513115     ,           2
   1.43888474     ,   27.4716511     ,           3
   1.29546225     ,   19.7452316     ,           2
   1.54534018     ,   35.1026764     ,           3
   1.57016397     ,   37.1675529     ,           2
   1.36924863     ,   23.4017677     ,           1
   1.42040133     ,   26.3269958     ,           2
   1.49958265     ,   31.5924053     ,           2
   1.62452173     ,   42.1232300     ,           3
   1.62452173     ,   42.1232300     ,           3
  0.639239907     ,   4.35752535     ,           2
   1.00127053     ,   10.0292969     ,           2
   1.45818996     ,   28.7203655     ,           1
   1.54534018     ,   35.1026764     ,           3
   1.52185917     ,   33.2551651     ,           1
   1.42040133     ,   26.3269958     ,           3
   1.42040133     ,   26.3269958     ,           2
   1.22082841     ,   16.6275558     ,           3
  0.585763276     ,   3.85268283     ,           3
  0.994430959     ,   9.87258720     ,           2
   1.49958265     ,   31.5924053     ,           3
   1.75922048     ,   57.4407921     ,           2
   1.65448487     ,   45.1320343     ,           1
   1.14739919     ,   14.0410366     ,           2
  0.804974437     ,   6.38225937     ,           3
  0.591092110     ,   3.90024710     ,           3
   8.71028975E-02 ,   1.22208917     ,           3
  0.167128354     ,   1.46936047     ,           2
  0.680034399     ,   4.78668022     ,           1
   1.65448487     ,   45.1320343     ,           2
   1.49958265     ,   31.5924053     ,           2
   1.62452173     ,   42.1232300     ,           2
   1.72143185     ,   52.6540527     ,           3
   1.47839332     ,   30.0880032     ,           1
   1.52185917     ,   33.2551651     ,           1
   1.65448487     ,   45.1320343     ,           2
  0.846367478     ,   7.02049112     ,           3
  0.309239775     ,   2.03816700     ,           3
  0.886796474     ,   7.70542192     ,           2
   1.40267253     ,   25.2739124     ,           3
   1.45818996     ,   28.7203655     ,           2
   1.12851381     ,   13.4435453     ,           3
  0.892125249     ,   7.80055094     ,           3
  0.804974437     ,   6.38225937     ,           3
   1.30925059     ,   20.3821793     ,           2
   1.49958265     ,   31.5924053     ,           3
   1.47839332     ,   30.0880032     ,           3
   1.57016397     ,   37.1675529     ,           1
   1.38563919     ,   24.3018379     ,           2
   1.18782806     ,   15.4109039     ,           2
  0.866111636     ,   7.34702778     ,           2
  0.851220071     ,   7.09937382     ,           1
  0.714248896     ,   5.17903566     ,           3
  0.618763924     ,   4.15684605     ,           2
  0.547753453     ,   3.52982759     ,           2
  0.804974437     ,   6.38225937     ,           2
   1.42040133     ,   26.3269958     ,           2
   1.49958265     ,   31.5924053     ,           2
   1.65448487     ,   45.1320343     ,           2
   1.59649277     ,   39.4905167     ,           3
  0.856127381     ,   7.18004799     ,           3
  0.728726804     ,   5.35459709     ,           3
  0.700238049     ,   5.01462030     ,           3
  0.886796474     ,   7.70542192     ,           2
  0.728726804     ,   5.35459709     ,           2
   1.24430954     ,   17.5513115     ,           3
   1.28209829     ,   19.1468925     ,           2
   1.35345447     ,   22.5659924     ,           2
   1.19855189     ,   15.7961740     ,           2
  0.714248896     ,   5.17903566     ,           2
  0.955512702     ,   9.02636147     ,           2
  0.943278134     ,   8.77562618     ,           3
  0.949352384     ,   8.89922905     ,           3
  0.871191323     ,   7.43346548     ,           3
  0.660729051     ,   4.57856178     ,           1
  0.818338573     ,   6.58170700     ,           3
  0.818338573     ,   6.58170700     ,           2
  0.759216487     ,   5.74402714     ,           2
  0.721427619     ,   5.26535463     ,           2
  0.636254966     ,   4.32767820     ,           1
  0.630346060     ,   4.26919556     ,           1
  0.572720170     ,   3.73869610     ,           2
  0.583123207     ,   3.82933331     ,           3
  0.212887496     ,   1.63262892     ,           3
  0.370850742     ,   2.34882545     ,           3
  0.395769984     ,   2.48753953     ,           1
  0.703698635     ,   5.05473757     ,           3
  0.654479980     ,   4.51315212     ,           3
  0.800609648     ,   6.31843662     ,           3
  0.783576071     ,   6.07541704     ,           3
  0.943278134     ,   8.77562618     ,           3
  0.771225512     ,   5.90507603     ,           3
  0.392363518     ,   2.46810436     ,           2
  0.414997697     ,   2.60014582     ,           3
  0.454251945     ,   2.84611177     ,           3
  0.474269390     ,   2.98036456     ,           2
  0.462148517     ,   2.89833450     ,           3
  0.542927921     ,   3.49082375     ,           3
  0.591092110     ,   3.90024710     ,           4
  0.208421543     ,   1.61592627     ,           2
  0.241890848     ,   1.74538338     ,           3
   1.33821440     ,   21.7878475     ,           2
   1.30925059     ,   20.3821793     ,           2
  0.284381092     ,   1.92477989     ,           3
  0.371074200     ,   2.35003424     ,           2
  0.346530557     ,   2.22090793     ,           3
  0.633479238     ,   4.30010700     ,           2
  0.612436414     ,   4.09672117     ,           2
  0.645977974     ,   4.42565918     ,           3
  0.391759157     ,   2.46467209     ,           1
  0.332443714     ,   2.15002608     ,           3
  0.448241621     ,   2.80699492     ,           3
  0.157375067     ,   1.43672967     ,           3
  0.741306841     ,   5.51197004     ,           3
  0.753315926     ,   5.66651344     ,           3
  0.544651031     ,   3.50470161     ,           2
  0.547168791     ,   3.52507854     ,           1
  0.606606781     ,   4.04209757     ,           2
  0.612436414     ,   4.09672117     ,           2
  0.685789049     ,   4.85052824     ,           2
  0.513183653     ,   3.25974512     ,           3
  0.598006487     ,   3.96283960     ,           3
  0.901887298     ,   7.97787666     ,           2
  0.682328463     ,   4.81203175     ,           1
  0.417206913     ,   2.61340618     ,           2
   1.11994421     ,   13.1808748     ,           3
  0.976521373     ,   9.47373867     ,           2
  0.725794554     ,   5.31856632     ,           1
  0.586798191     ,   3.86187434     ,           3
  0.699913859     ,   5.01087809     ,           3
   1.06669843     ,   11.6599979     ,           2
   1.20291877     ,   15.9558077     ,           3
   1.26418865     ,   18.3733635     ,           2
   1.29134095     ,   19.5587444     ,           2
   1.20291877     ,   15.9558077     ,           2
   1.23863447     ,   17.3234520     ,           3
   1.21450078     ,   16.3870506     ,           2
  0.707152307     ,   5.09509516     ,           2
  0.868886828     ,   7.39412498     ,           3
  0.937603116     ,   8.66169930     ,           2
   1.03451371     ,   10.8271379     ,           1
   1.22639990     ,   16.8422432     ,           2
   1.15945292     ,   14.4362011     ,           3
   1.27755260     ,   18.9475307     ,           2
  0.890606165     ,   7.77331352     ,           2
  0.782700002     ,   6.06317377     ,           1
  0.913469255     ,   8.19349575     ,           3
  0.452281803     ,   2.83322978     ,           3
  0.630409956     ,   4.26982403     ,           3
  0.901887298     ,   7.97787666     ,           3
   1.22639990     ,   16.8422432     ,           2
   1.27755260     ,   18.9475307     ,           2
   1.30558145     ,   20.2107029     ,           1
   1.35133898     ,   22.4563427     ,           3
   1.33554471     ,   21.6543293     ,           2
   1.25122356     ,   17.8329659     ,           2
   1.29134095     ,   19.5587444     ,           2
   1.07513177     ,   11.8886290     ,           3
   1.06669843     ,   11.6599979     ,           3
  0.997371674     ,   9.93966389     ,           3
  0.749275923     ,   5.61404562     ,           2
  0.757393897     ,   5.71997213     ,           3
  0.612436414     ,   4.09672117     ,           1
  0.226387456     ,   1.68417585     ,           3
  0.931442738     ,   8.53970242     ,           3
   1.10146081     ,   12.6316700     ,           2
   1.13924944     ,   13.7800074     ,           3
   1.30558145     ,   20.2107029     ,           2
   1.29134095     ,   19.5587444     ,           2
   1.23863447     ,   17.3234520     ,           2
   1.16991854     ,   14.7883081     ,           2
  0.809572339     ,   6.45018768     ,           2
  0.636570454     ,   4.33082294     ,           3
  0.386494786     ,   2.43497658     ,           2
  0.699913859     ,   5.01087809     ,           2
   1.18064225     ,   15.1580124     ,           2
   1.16991854     ,   14.7883081     ,           1
   1.20291877     ,   15.9558077     ,           2
  0.937603116     ,   8.66169930     ,           3
   1.15945292     ,   14.4362011     ,           2
   1.13924944     ,   13.7800074     ,           2
   1.22639990     ,   16.8422432     ,           1
   1.32030475     ,   20.9076271     ,           2
   1.21450078     ,   16.3870506     ,           2
  0.890606165     ,   7.77331352     ,           3
  0.818912506     ,   6.59041071     ,           3
  0.636570454     ,   4.33082294     ,           1
  0.931442738     ,   8.53970242     ,           2
   1.18064225     ,   15.1580124     ,           1
   1.18064225     ,   15.1580124     ,           1
   1.42097509     ,   26.3618011     ,           1
   1.38476288     ,   24.2528534     ,           2
   1.20291877     ,   15.9558077     ,           2
   1.03451371     ,   10.8271379     ,           3
   1.01184952     ,   10.2766018     ,           2
  0.718241334     ,   5.22686577     ,           2
  0.689277351     ,   4.88964510     ,           2
  0.592366099     ,   3.91170478     ,           2
  0.294141173     ,   1.96852612     ,           2
  0.913469255     ,   8.19349575     ,           1
   1.42097509     ,   26.3618011     ,           1
   1.42097509     ,   26.3618011     ,           2
   1.42097509     ,   26.3618011     ,           1
  0.828457773     ,   6.73686409     ,           3
  0.366053224     ,   2.32302141     ,           2
  0.589573205     ,   3.88662982     ,           3
   1.11060417     ,   12.9004307     ,           3
   1.40249169     ,   25.2633934     ,           3
   1.48167312     ,   30.3160839     ,           2
   1.55225432     ,   35.6659927     ,           3
   1.32030475     ,   20.9076271     ,           2
   1.32030475     ,   20.9076271     ,           2
  0.828457773     ,   6.73686409     ,           2
  0.818912506     ,   6.59041071     ,           2
  0.176306829     ,   1.50074470     ,           2
   1.06669843     ,   11.6599979     ,           2
   1.29134095     ,   19.5587444     ,           3
   1.26418865     ,   18.3733635     ,           3
  0.874215722     ,   7.48541212     ,           1
   1.01184952     ,   10.2766018     ,           3
  0.753315926     ,   5.66651344     ,           2
  0.208658025     ,   1.61680639     ,           1
  0.520245671     ,   3.31318474     ,           3
  0.513183653     ,   3.25974512     ,           3
  0.486030936     ,   3.06218171     ,           2
  0.863622546     ,   7.30503845     ,           1
  0.818912506     ,   6.59041071     ,           2
  0.838217676     ,   6.88997555     ,           2
  0.885073662     ,   7.67491722     ,           3
  0.848202109     ,   7.05021095     ,           1
   1.18064225     ,   15.1580124     ,           2
  0.848202109     ,   7.05021095     ,           2
  0.292733401     ,   1.96215534     ,           3
  0.874215722     ,   7.48541212     ,           2
  0.804976523     ,   6.38228941     ,           2
  0.729620993     ,   5.36563349     ,           3
  0.255060911     ,   1.79912317     ,           3
   4.54899780E-02 ,   1.11042690     ,           3
  0.446235716     ,   2.79405975     ,           3
  0.678895295     ,   4.77414131     ,           3
  0.340213299     ,   2.18883634     ,           3
  0.233686879     ,   1.71272194     ,           3
  0.311400652     ,   2.04833341     ,           3
  0.127547860     ,   1.34136772     ,           2
  0.296970457     ,   1.98139226     ,           3
  -5.23788482E-02 ,  0.886382461     ,           2
  0.963157296     ,   9.18665218     ,           3
  0.833310485     ,   6.81256199     ,           2
  0.656428099     ,   4.53344250     ,           2
  0.911997437     ,   8.16577530     ,           2
   1.16087949     ,   14.4836969     ,           3
   1.25779092     ,   18.1046810     ,           2
   1.16087949     ,   14.4836969     ,           3
   1.22479010     ,   16.7799301     ,           2
   1.38655746     ,   24.3532810     ,           1
   1.49024701     ,   30.9205322     ,           3
   1.35327590     ,   22.5567150     ,           3
   1.26644826     ,   18.4692078     ,           1
   1.45736551     ,   28.6658916     ,           3
   1.52582335     ,   33.5601082     ,           3
   1.36045444     ,   22.9326611     ,           2
   1.74944246     ,   56.1619797     ,           2
   1.74066842     ,   55.0387268     ,           2
   1.77688086     ,   59.8247375     ,           3
   1.47584903     ,   29.9122448     ,           2
  0.848560572     ,   7.05603313     ,           2
   1.66878605     ,   46.6429596     ,           2
   1.70724452     ,   50.9617767     ,           2
   1.80617023     ,   63.9985580     ,           3
   1.88333642     ,   76.4427719     ,           3
   2.05942822     ,   114.664284     ,           2
   2.04169941     ,   110.077705     ,           1
   1.53654730     ,   34.3991165     ,           3
   1.54201031     ,   34.8345566     ,           2
   1.51535785     ,   32.7610550     ,           1
   1.72363496     ,   52.9218445     ,           1
   1.77688086     ,   59.8247375     ,           1
   1.90816009     ,   80.9394226     ,           2
   1.99248123     ,   98.2836456     ,           1
   1.99248123     ,   98.2836456     ,           2
   1.88333642     ,   76.4427719     ,           2
   1.84857428     ,   70.5625534     ,           2
   1.47584903     ,   29.9122448     ,           1
   1.23280823     ,   17.0926056     ,           2
   1.46650887     ,   29.2758045     ,           2
   1.54754269     ,   35.2811508     ,           3
   1.54754269     ,   35.2811508     ,           2
   1.72363496     ,   52.9218445     ,           2
   1.52055907     ,   33.1557655     ,           3
   1.66148686     ,   45.8655777     ,           2
   1.77688086     ,   59.8247375     ,           2
   1.84857428     ,   70.5625534     ,           2
   1.83757877     ,   68.7984695     ,           3
   1.75839722     ,   57.3320160     ,           1
   1.21174705     ,   16.2834740     ,           3
   1.28127229     ,   19.1105099     ,           3
   1.27826679     ,   18.9787159     ,           1
   1.54201031     ,   34.8345566     ,           3
   1.69927561     ,   50.0351906     ,           3
   1.69145024     ,   49.1417046     ,           3
   1.69145024     ,   49.1417046     ,           1
   1.77688086     ,   59.8247375     ,           3
   1.72363496     ,   52.9218445     ,           1
   1.67621017     ,   47.4471550     ,           1
   1.75839722     ,   57.3320160     ,           2
   1.78642607     ,   61.1541672     ,           2
   1.69927561     ,   50.0351906     ,           1
   1.22215009     ,   16.6782360     ,           1
   1.50513864     ,   31.9991646     ,           2
   1.67621017     ,   47.4471550     ,           2
   1.80617023     ,   63.9985580     ,           2
   1.89557099     ,   78.6268692     ,           1
   1.94827747     ,   88.7723007     ,           2
   1.90816009     ,   80.9394226     ,           2
   1.90816009     ,   80.9394226     ,           2
   2.13860965     ,   137.597198     ,           2
   2.26354861     ,   183.463043     ,           1
   2.13860965     ,   137.597198     ,           1
   1.93448925     ,   85.9981689     ,           2
   1.90816009     ,   80.9394226     ,           1
   1.75839722     ,   57.3320160     ,           1
   1.69145024     ,   49.1417046     ,           1
   1.72363496     ,   52.9218445     ,           2
   1.66878605     ,   46.6429596     ,           3
   1.58837926     ,   38.7595940     ,           2
   1.65430808     ,   45.1136665     ,           1
   1.63345790     ,   42.9989548     ,           2
   1.70724452     ,   50.9617767     ,           2
   1.79618597     ,   62.5440483     ,           1
   1.74066842     ,   55.0387268     ,           3
   1.93448925     ,   85.9981689     ,           2
   1.99248123     ,   98.2836456     ,           2
   2.13860965     ,   137.597198     ,           1
   2.16088605     ,   144.839172     ,           1
   2.11742020     ,   131.044937     ,           1
   2.36045861     ,   229.328842     ,           2
   1.90816009     ,   80.9394226     ,           3
   1.83757877     ,   68.7984695     ,           2
   1.88333642     ,   76.4427719     ,           2
   1.58230507     ,   38.2212639     ,           2
   1.75839722     ,   57.3320160     ,           2
   1.66878605     ,   46.6429596     ,           2
   1.19908440     ,   15.8155527     ,           2
   1.57040572     ,   37.1882515     ,           1
   1.70724452     ,   50.9617767     ,           3
   1.96251798     ,   91.7313843     ,           2
   2.05942822     ,   114.664284     ,           2
   2.07791162     ,   119.649704     ,           3
   2.16088605     ,   144.839172     ,           2
   2.26354861     ,   183.463043     ,           2
   2.43964005     ,   275.194641     ,           2
   2.53655005     ,   343.993378     ,           2
   2.43964005     ,   275.194641     ,           1
   2.36045861     ,   229.328842     ,           2
   2.18436718     ,   152.885803     ,           1
   2.09721684     ,   125.088341     ,           2
   2.18436718     ,   152.885803     ,           2
   1.69927561     ,   50.0351906     ,           2
   1.79618597     ,   62.5440483     ,           2
   1.66148686     ,   45.8655777     ,           1
   1.53115213     ,   33.9744301     ,           2
   1.53654730     ,   34.3991165     ,           2
   1.52582335     ,   33.5601082     ,           2
   2.13860965     ,   137.597198     ,           3
   2.04169941     ,   110.077705     ,           2
   2.13860965     ,   137.597198     ,           1
   2.32569647     ,   211.688095     ,           2
   2.18436718     ,   152.885803     ,           1
   2.18436718     ,   152.885803     ,           1
   2.29351187     ,   196.567566     ,           2
   2.29351187     ,   196.567566     ,           3
   2.53655005     ,   343.993378     ,           1
   2.59454203     ,   393.135315     ,           1
   2.66148901     ,   458.657990     ,           2
   2.83758020     ,   687.987122     ,           2
   2.83758020     ,   687.987122     ,           2
   2.83758020     ,   687.987122     ,           1
   2.83758020     ,   687.987122     ,           1
   2.83758020     ,   687.987122     ,           2
   2.74067020     ,   550.389526     ,           2
   2.53655005     ,   343.993378     ,           1
   2.16088605     ,   144.839172     ,           1
   2.05942822     ,   114.664284     ,           1
   1.94827747     ,   88.7723007     ,           1
   1.67621017     ,   47.4471550     ,           1
   1.67621017     ,   47.4471550     ,           3
   1.39824343     ,   25.0174713     ,           2
   1.22215009     ,   16.6782360     ,           1
   1.54201031     ,   34.8345566     ,           1
   1.65430808     ,   45.1136665     ,           1
   2.02466607     ,   105.843941     ,           1
   2.23551965     ,   171.996552     ,           2
   2.29351187     ,   196.567566     ,           2
   2.32569647     ,   211.688095     ,           3
   2.39824724     ,   250.176971     ,           2
   2.29351187     ,   196.567566     ,           1
   2.32569647     ,   211.688095     ,           2
   2.32569647     ,   211.688095     ,           1
   2.39824724     ,   250.176971     ,           1
   2.53655005     ,   343.993378     ,           3
   2.48539758     ,   305.771851     ,           1
   2.74067020     ,   550.389526     ,           2
   2.83758020     ,   687.987122     ,           2
   2.59454203     ,   393.135315     ,           1
   2.83758020     ,   687.987122     ,           2
   2.53655005     ,   343.993378     ,           2
   2.39824724     ,   250.176971     ,           1
   2.26354861     ,   183.463043     ,           3
   1.81638944     ,   65.5223541     ,           1
   1.68376327     ,   48.2795601     ,           3
   1.24650967     ,   17.6404514     ,           2
   1.25211370     ,   17.8695545     ,           2
   1.39041805     ,   24.5707283     ,           2
   1.52055907     ,   33.1557655     ,           2
   1.96251798     ,   91.7313843     ,           2
   1.96251798     ,   91.7313843     ,           1
   2.13860965     ,   137.597198     ,           3
   2.20919085     ,   161.879135     ,           3
   2.09721684     ,   125.088341     ,           2
   2.36045861     ,   229.328842     ,           1
   2.05942822     ,   114.664284     ,           2
   2.09721684     ,   125.088341     ,           1
   2.29351187     ,   196.567566     ,           2
   2.20919085     ,   161.879135     ,           2
   2.32569647     ,   211.688095     ,           2
   1.99248123     ,   98.2836456     ,           2
   2.02466607     ,   105.843941     ,           2
   2.18436718     ,   152.885803     ,           2
   1.99248123     ,   98.2836456     ,           2
   1.85985541     ,   72.4194717     ,           2
   1.81638944     ,   65.5223541     ,           3
   1.57040572     ,   37.1882515     ,           2
   1.36408889     ,   23.1253796     ,           1
   1.37893808     ,   23.9297466     ,           2
   1.23551416     ,   17.1994324     ,           1
   1.58837926     ,   38.7595940     ,           3
   1.63345790     ,   42.9989548     ,           2
   1.50513864     ,   31.9991646     ,           2
   1.97724128     ,   94.8945465     ,           2
   1.94827747     ,   88.7723007     ,           2
   1.88333642     ,   76.4427719     ,           1
   2.02466607     ,   105.843941     ,           1
   1.97724128     ,   94.8945465     ,           3
   1.96251798     ,   91.7313843     ,           1
   1.99248123     ,   98.2836456     ,           2
   1.81638944     ,   65.5223541     ,           2
   1.83757877     ,   68.7984695     ,           2
   1.85985541     ,   72.4194717     ,           2
   1.81638944     ,   65.5223541     ,           2
   1.52055907     ,   33.1557655     ,           3
   1.54754269     ,   35.2811508     ,           1
   1.49515426     ,   31.2718964     ,           1
   1.69145024     ,   49.1417046     ,           3
   1.74066842     ,   55.0387268     ,           2
   1.79618597     ,   62.5440483     ,           1
   1.69145024     ,   49.1417046     ,           2
   1.76754069     ,   58.5518570     ,           2
   1.83757877     ,   68.7984695     ,           1
   1.44400144     ,   27.7972221     ,           3
   1.43963647     ,   27.5192451     ,           2
   1.61356294     ,   41.0736198     ,           2
   1.64029741     ,   43.6814880     ,           2
   1.55882382     ,   36.2096100     ,           3
   1.57040572     ,   37.1882515     ,           3
   1.55314660     ,   35.7393456     ,           1
   1.69145024     ,   49.1417046     ,           2
   1.62009382     ,   41.6959457     ,           3
   1.71536243     ,   51.9233131     ,           3
   1.07979596     ,   12.0169983     ,           3
   1.40220964     ,   25.2469940     ,           3
   1.44400144     ,   27.7972221     ,           2
   1.64029741     ,   43.6814880     ,           2
   1.47115374     ,   29.5905991     ,           2
   1.20918489     ,   16.1876907     ,           2
   1.52055907     ,   33.1557655     ,           2
   1.37144995     ,   23.5206852     ,           3
   1.27231729     ,   18.7204933     ,           2
   1.34973049     ,   22.3733215     ,           2
   1.46191311     ,   28.9676361     ,           2
   1.46191311     ,   28.9676361     ,           2
   1.03650999     ,   10.8770218     ,           2
   1.20663762     ,   16.0930233     ,           1
   1.17956185     ,   15.1203518     ,           2
   1.16087949     ,   14.4836969     ,           3
   1.30609620     ,   20.2346725     ,           3
   1.15633178     ,   14.3328228     ,           1
   1.07979596     ,   12.0169983     ,           1
   1.10719359     ,   12.7995157     ,           1
   1.11948597     ,   13.1669731     ,           3
   1.12576520     ,   13.3587294     ,           2
   1.23280823     ,   17.0926056     ,           2
  0.969806910     ,   9.32839489     ,           3
  0.694544017     ,   4.94930267     ,           2
  0.855294228     ,   7.16628695     ,           3
  0.847448468     ,   7.03798676     ,           3
  0.106867321     ,   1.27899051     ,           3
  0.266574085     ,   1.84745598     ,           3
  0.335219264     ,   2.16381073     ,           2
  0.274261206     ,   1.88044751     ,           3
  0.402663827     ,   2.52734089     ,           1
  0.633290410     ,   4.29823732     ,           3
  0.607482851     ,   4.05025959     ,           2
  0.686665118     ,   4.86032295     ,           3
  0.382302046     ,   2.41158199     ,           3
  0.390670419     ,   2.45850110     ,           3
  0.856127381     ,   7.18004799     ,           3
  0.851220071     ,   7.09937382     ,           2
  0.763182759     ,   5.79672575     ,           1
   9.60110128E-03 ,   1.02235353     ,           4
  0.732423007     ,   5.40036392     ,           3
  0.707186997     ,   5.09550238     ,           3
  0.856127381     ,   7.18004799     ,           2
  0.981066942     ,   9.57341671     ,           3
   1.13785386     ,   13.7357988     ,           3
   1.25654399     ,   18.0527782     ,           2
   1.18782806     ,   15.4109039     ,           3
  0.796288192     ,   6.25587702     ,           1
  0.593781352     ,   3.92447329     ,           3
  0.508349836     ,   3.22366428     ,           3
  0.300914079     ,   1.99946630     ,           3
  0.374091804     ,   2.36641979     ,           3
   1.05242324     ,   11.2829657     ,           2
   1.12851381     ,   13.4435453     ,           2
   1.38563919     ,   24.3018379     ,           1
   1.36924863     ,   23.4017677     ,           3
   1.17736256     ,   15.0439739     ,           3
   1.38563919     ,   24.3018379     ,           2
   1.06024873     ,   11.4881124     ,           2
  0.919797003     ,   8.31375027     ,           3
  0.411437899     ,   2.57892013     ,           3
  0.452300012     ,   2.83334851     ,           2
   1.30925059     ,   20.3821793     ,           1
   1.29546225     ,   19.7452316     ,           3
   1.28209829     ,   19.1468925     ,           2
   1.29546225     ,   19.7452316     ,           2
   1.36924863     ,   23.4017677     ,           1
   1.18782806     ,   15.4109039     ,           2
   1.35345447     ,   22.5659924     ,           2
   1.15715909     ,   14.3601542     ,           3
   1.08460808     ,   12.1508904     ,           1
  0.460160851     ,   2.88509989     ,           3
   1.30925059     ,   20.3821793     ,           3
  0.743704200     ,   5.54248047     ,           3
   1.40267253     ,   25.2739124     ,           3
   1.49958265     ,   31.5924053     ,           3
   1.38563919     ,   24.3018379     ,           2
   1.45818996     ,   28.7203655     ,           1
   1.12851381     ,   13.4435453     ,           1
   1.23241043     ,   17.0769539     ,           3
  0.866111636     ,   7.34702778     ,           3
  0.861090899     ,   7.26257944     ,           3
  0.809383631     ,   6.44738531     ,           3
  0.721427619     ,   5.26535463     ,           3
   1.22082841     ,   16.6275558     ,           2
   1.38563919     ,   24.3018379     ,           3
   1.65448487     ,   45.1320343     ,           3
   1.49958265     ,   31.5924053     ,           3
   1.57016397     ,   37.1675529     ,           3
   1.29546225     ,   19.7452316     ,           3
   1.28209829     ,   19.1468925     ,           1
   1.38563919     ,   24.3018379     ,           3
  0.775303483     ,   5.96078539     ,           2
  0.804974437     ,   6.38225937     ,           2
  0.931378901     ,   8.53844738     ,           3
   1.02245986     ,   10.5307636     ,           3
  0.968101859     ,   9.29184341     ,           2
   1.19855189     ,   15.7961740     ,           2
   1.52185917     ,   33.2551651     ,           3
   1.47839332     ,   30.0880032     ,           2
   1.45818996     ,   28.7203655     ,           3
   1.22082841     ,   16.6275558     ,           2
   1.05242324     ,   11.2829657     ,           2
   1.19855189     ,   15.7961740     ,           2
   1.05242324     ,   11.2829657     ,           2
  0.897520423     ,   7.89805937     ,           2
  0.639239907     ,   4.35752535     ,           2
  0.886796474     ,   7.70542192     ,           3
   1.20954740     ,   16.2012100     ,           3
   1.32349110     ,   21.0615864     ,           3
   1.45818996     ,   28.7203655     ,           1
   1.42040133     ,   26.3269958     ,           3
   1.32349110     ,   21.0615864     ,           2
   1.28209829     ,   19.1468925     ,           1
   1.32349110     ,   21.0615864     ,           3
   1.30925059     ,   20.3821793     ,           2
  0.721427619     ,   5.26535463     ,           3
  0.512804210     ,   3.25689840     ,           3
   1.02245986     ,   10.5307636     ,           3
   1.20954740     ,   16.2012100     ,           1
   1.24430954     ,   17.5513115     ,           2
   1.26913321     ,   18.5837421     ,           3
   1.29546225     ,   19.7452316     ,           2
   1.38563919     ,   24.3018379     ,           1
   1.32349110     ,   21.0615864     ,           2
   1.30925059     ,   20.3821793     ,           3
   1.32349110     ,   21.0615864     ,           1
   1.22082841     ,   16.6275558     ,           2
   1.19855189     ,   15.7961740     ,           1
   1.22082841     ,   16.6275558     ,           2
   1.00821936     ,   10.1910591     ,           2
  0.736150980     ,   5.44691992     ,           3
  0.303671628     ,   2.01220226     ,           3
  0.395769984     ,   2.48753953     ,           3
  0.542927921     ,   3.49082375     ,           2
   1.29546225     ,   19.7452316     ,           2
   1.36924863     ,   23.4017677     ,           3
   1.45818996     ,   28.7203655     ,           2
   1.45818996     ,   28.7203655     ,           2
  0.374091804     ,   2.36641979     ,           3
  0.567610741     ,   3.69496822     ,           3
  0.540535092     ,   3.47164297     ,           3
   1.02245986     ,   10.5307636     ,           3
   1.13785386     ,   13.7357988     ,           3
   1.25654399     ,   18.0527782     ,           2
   1.38563919     ,   24.3018379     ,           2
   1.24430954     ,   17.5513115     ,           2
   1.32349110     ,   21.0615864     ,           2
   1.30925059     ,   20.3821793     ,           1
  0.714248896     ,   5.17903566     ,           2
  0.818338573     ,   6.58170700     ,           2
  0.981066942     ,   9.57341671     ,           3
   1.10164154     ,   12.6369276     ,           3
  0.955512702     ,   9.02636147     ,           3
   1.02975917     ,   10.7092514     ,           2
  0.861090899     ,   7.26257944     ,           2
  0.943278134     ,   8.77562618     ,           3
  0.497409642     ,   3.14347219     ,           3
  0.493109554     ,   3.11250138     ,           3
  0.881532192     ,   7.61258554     ,           3
  0.630346060     ,   4.26919556     ,           3
  0.775303483     ,   5.96078539     ,           2
   1.08460808     ,   12.1508904     ,           1
   1.00127053     ,   10.0292969     ,           2
  0.223106951     ,   1.67150211     ,           3
  0.274261206     ,   1.88044751     ,           3
  0.560057521     ,   3.63126111     ,           3
  0.732423007     ,   5.40036392     ,           3
  0.881532192     ,   7.61258554     ,           3
  0.955512702     ,   9.02636147     ,           1
  0.897520423     ,   7.89805937     ,           3
  0.607482851     ,   4.05025959     ,           3
  0.446496308     ,   2.79573679     ,           3
   8.54260102E-02 ,   1.21737957     ,           2
  0.230056196     ,   1.69846332     ,           2
   1.03718328     ,   10.8938971     ,           4
   1.03718328     ,   10.8938971     ,           4
  0.892125249     ,   7.80055094     ,           3
   1.07633543     ,   11.9216261     ,           2
  0.809383631     ,   6.44738531     ,           3
  0.717823446     ,   5.22183847     ,           3
  0.846367478     ,   7.02049112     ,           3
  0.846367478     ,   7.02049112     ,           2
  0.599210262     ,   3.97383833     ,           2
  0.409668773     ,   2.56843615     ,           1
  0.154192567     ,   1.42623985     ,           3
  0.369239300     ,   2.34012628     ,           2
  0.657593310     ,   4.54562187     ,           1
  0.836822093     ,   6.86787033     ,           3
  0.851220071     ,   7.09937382     ,           3
  0.388983786     ,   2.44897175     ,           3
  0.728726804     ,   5.35459709     ,           3
  0.747530639     ,   5.59152985     ,           1
  0.818338573     ,   6.58170700     ,           3
  0.618763924     ,   4.15684605     ,           3
  0.533434629     ,   3.41534543     ,           3
   5.46102971E-02 ,   1.13399279     ,           3
   4.05839719E-02 ,   1.09795356     ,           2
 -0.102385059     ,  0.789977908     ,           2
  0.188192010     ,   1.54238224     ,           3
  -5.85334972E-02 ,  0.873909593     ,           3
 -0.247386694     ,  0.565735340     ,           2
 -0.170846820     ,  0.674766004     ,           2
  -1.05708651E-02 ,  0.975953519     ,           3
  0.388200253     ,   2.44455743     ,           2
  0.384122252     ,   2.42171073     ,           3
  0.510418057     ,   3.23905325     ,           3
  0.532694817     ,   3.40953207     ,           3
 -0.140396550     ,  0.723774791     ,           3
  -9.36916843E-02 ,  0.805950403     ,           3
  0.440379113     ,   2.75663400     ,           2
  0.565319777     ,   3.67552829     ,           3
  0.653842032     ,   4.50652742     ,           2
  0.590687513     ,   3.89661503     ,           1
  0.394389838     ,   2.47964692     ,           3
 -0.195577860     ,  0.637414813     ,           3
  0.398565799     ,   2.50360489     ,           3
  0.785122097     ,   6.09708261     ,           3
  0.653842032     ,   4.50652742     ,           1
  0.272053719     ,   1.87091351     ,           3
  0.908361793     ,   8.09770203     ,           2
  0.974179506     ,   9.42278957     ,           2
   1.07108998     ,   11.7784986     ,           3
   1.18306398     ,   15.2427750     ,           2
   1.18306398     ,   15.2427750     ,           2
   1.64243765E-02 ,   1.03854275     ,           3
  0.673147321     ,   4.71137142     ,           2
   1.19602907     ,   15.7046795     ,           2
   1.19602907     ,   15.7046795     ,           1
   1.43579006     ,   27.2765846     ,           3
  0.845309734     ,   7.00341272     ,           3
   4.61403057E-02 ,   1.11209095     ,           3
  0.550185740     ,   3.54965186     ,           3
   1.02434635     ,   10.5766058     ,           3
   1.22318149     ,   16.7178898     ,           3
   1.25214517     ,   17.8708496     ,           2
   1.53845251     ,   34.5503540     ,           1
   1.56841576     ,   37.0182381     ,           1
   1.39232421     ,   24.6788101     ,           3
   1.37212074     ,   23.5570431     ,           2
   1.35281551     ,   22.5328197     ,           3
  0.159435913     ,   1.44356358     ,           3
  0.568410873     ,   3.70178199     ,           3
   1.48409486     ,   30.4856052     ,           1
   1.51042378     ,   32.3909531     ,           2
   1.53845251     ,   34.5503540     ,           1
   1.71454394     ,   51.8255463     ,           2
  0.760298312     ,   5.75835323     ,           2
  0.440379113     ,   2.75663400     ,           3
  0.765150905     ,   5.82305479     ,           1
   1.11248267     ,   12.9563513     ,           2
   1.56841576     ,   37.0182381     ,           3
   1.71454394     ,   51.8255463     ,           1
   1.26738513     ,   18.5090942     ,           1
   1.60060036     ,   39.8657913     ,           3
  0.428979516     ,   2.68521786     ,           1
   1.31660330     ,   20.7301903     ,           3
  0.882032752     ,   7.62136459     ,           3
  0.301234454     ,   2.00094175     ,           2
  0.785122097     ,   6.09708261     ,           2
  0.510418057     ,   3.23905325     ,           3
  0.428979516     ,   2.68521786     ,           3
  0.409185052     ,   2.56557703     ,           3
  0.394389838     ,   2.47964692     ,           3
  0.417871416     ,   2.61740804     ,           2
  0.199983835     ,   1.58483422     ,           2
  0.507712185     ,   3.21893477     ,           3
  0.541352153     ,   3.47818089     ,           3
  0.341623127     ,   2.19595337     ,           3
  0.433503568     ,   2.71333599     ,           3
  0.518638611     ,   3.30094719     ,           3
 -0.125588611     ,  0.748878539     ,           3
  0.272053719     ,   1.87091351     ,           2
  0.330719471     ,   2.14150691     ,           2
  0.341623127     ,   2.19595337     ,           2
  0.283170044     ,   1.91942000     ,           2
  0.227394029     ,   1.68808389     ,           2
  0.318335235     ,   2.08130264     ,           2
  0.223170578     ,   1.67174709     ,           3
  0.111384332     ,   1.29236245     ,           2
  0.296232879     ,   1.97803009     ,           2
  0.407040387     ,   2.55293870     ,           3
   8.20702985E-02 ,   1.20800936     ,           2
   6.22805133E-02 ,   1.15419853     ,           3
  0.144714326     ,   1.39545012     ,           3
  0.284898281     ,   1.92707348     ,           3
  0.525818646     ,   3.35597420     ,           1
  0.584720373     ,   3.84344220     ,           3
  0.607124925     ,   4.04692268     ,           3
  0.171044394     ,   1.48266959     ,           2
  0.572755337     ,   3.73899889     ,           3
  0.614857376     ,   4.11962223     ,           2
  0.638917089     ,   4.35428762     ,           2
  0.545316696     ,   3.51007724     ,           1
  0.587153435     ,   3.86503506     ,           2
  0.664388299     ,   4.61730194     ,           2
  0.534376502     ,   3.42276049     ,           1
  0.568060219     ,   3.69879436     ,           3
  0.846350551     ,   7.02021694     ,           1
  0.908158183     ,   8.09390640     ,           1
  0.713723600     ,   5.17277527     ,           1
  0.577501893     ,   3.78008795     ,           2
  0.873789012     ,   7.47806120     ,           3
  0.855305493     ,   7.16647291     ,           2
  0.804152489     ,   6.37019110     ,           3
  0.773117900     ,   5.93086290     ,           3
  0.462822914     ,   2.90283871     ,           2
  0.650053740     ,   4.46738863     ,           2
  0.796183407     ,   6.25436783     ,           3
  0.664388299     ,   4.61730194     ,           2
  0.780671120     ,   6.03491497     ,           1
  0.521601975     ,   3.32354808     ,           3
  0.638917089     ,   4.35428762     ,           3
  0.792253077     ,   6.19802141     ,           3
  0.717001319     ,   5.21196318     ,           3
  0.234420404     ,   1.71561730     ,           3
  0.497127831     ,   3.14143324     ,           3
  0.602045298     ,   3.99986458     ,           3
  0.737205029     ,   5.46015549     ,           2
  0.908158183     ,   8.09390640     ,           3
  0.974254668     ,   9.42442036     ,           1
   1.45736814     ,   28.6660709     ,           2
   1.36045790     ,   22.9328461     ,           1
   1.69145191     ,   49.1418915     ,           3
   1.72363651     ,   52.9220238     ,           2
  0.980245054     ,   9.55531597     ,           3
   1.00506890     ,   10.1173992     ,           2
   1.12157500     ,   13.2304611     ,           3
   1.04518628     ,   11.0965071     ,           1
  0.945482731     ,   8.82028770     ,           2
   1.45736814     ,   28.6660709     ,           1
   1.58230722     ,   38.2214508     ,           3
   1.69145191     ,   49.1418915     ,           3
   1.83757997     ,   68.7986603     ,           2
   1.99248207     ,   98.2838287     ,           2
   2.13861012     ,   137.597382     ,           3
   1.99248207     ,   98.2838287     ,           1
   1.93449008     ,   85.9983444     ,           1
   1.93449008     ,   85.9983444     ,           3
   2.05942893     ,   114.664497     ,           1
   1.93449008     ,   85.9983444     ,           1
   1.79618740     ,   62.5442429     ,           2
   1.43963933     ,   27.5194263     ,           3
   1.13860846     ,   13.7596817     ,           3
  0.717001319     ,   5.21196318     ,           3
  0.841941416     ,   6.94930553     ,           3
   1.69145191     ,   49.1418915     ,           3
   1.75839877     ,   57.3322105     ,           2
   1.75839877     ,   57.3322105     ,           2
   1.47585166     ,   29.9124260     ,           3
   1.18436611     ,   15.2885418     ,           2
   1.07415020     ,   11.8617887     ,           2
  0.812270403     ,   6.49038458     ,           3
  0.473959565     ,   2.97823906     ,           3
  0.466503441     ,   2.92754412     ,           3
  0.393524736     ,   2.47471237     ,           3
  0.360447496     ,   2.29322934     ,           1
  0.873789012     ,   7.47806120     ,           3
   1.16548073     ,   14.6379642     ,           3
   1.09721553     ,   12.5087976     ,           2
  0.412688404     ,   2.58635664     ,           2
  0.563415289     ,   3.65944529     ,           1
  0.992479563     ,   9.82832623     ,           3
   1.12157500     ,   13.2304611     ,           2
  0.554271758     ,   3.58320570     ,           2
  0.980245054     ,   9.55531597     ,           2
  0.986319244     ,   9.68989849     ,           3
   1.15633726     ,   14.3330040     ,           1
   1.19412601     ,   15.6360121     ,           3
   1.11330247     ,   12.9808283     ,           2
   1.05224812     ,   11.2784166     ,           3
  0.688355744     ,   4.87928009     ,           2
  0.998728573     ,   9.97076702     ,           2
   1.23551881     ,   17.1996174     ,           3
   1.33242917     ,   21.4995422     ,           3
   1.31906521     ,   20.8480396     ,           3
  0.918499053     ,   8.28894138     ,           3
   1.09721553     ,   12.5087976     ,           2
   1.26937735     ,   18.5941925     ,           2
   1.31906521     ,   20.8480396     ,           2
   1.51536024     ,   32.7612343     ,           3
   1.45736814     ,   28.6660709     ,           1
   1.42260599     ,   26.4609852     ,           3
   1.39042127     ,   24.5709114     ,           3
  0.431030333     ,   2.69792795     ,           3
  0.451964557     ,   2.83116102     ,           3
  0.387320340     ,   2.43960953     ,           2
  0.883334398     ,   7.64424086     ,           3
   1.31906521     ,   20.8480396     ,           2
   1.37518132     ,   23.7236366     ,           3
  0.893094242     ,   7.81797409     ,           2
  0.268192023     ,   1.85435128     ,           2
  0.398237050     ,   2.50171041     ,           3
  0.685286522     ,   4.84491873     ,           3
  0.986319244     ,   9.68989849     ,           1
   1.24651432     ,   17.6406384     ,           2
   1.28127646     ,   19.1106930     ,           2
  0.513289750     ,   3.26054168     ,           3
  0.481545627     ,   3.03071880     ,           2
  0.820543051     ,   6.61520100     ,           2
  0.118228711     ,   1.31289113     ,           3
  0.570401490     ,   3.71878839     ,           3
  0.673221827     ,   4.71217966     ,           2
  0.594535589     ,   3.93129420     ,           3
   8.32100883E-02 ,   1.21118391     ,           3
  0.229038671     ,   1.69448864     ,           3
  0.417614371     ,   2.61585927     ,           3
  0.375171125     ,   2.37230825     ,           3
   2.47795507E-02 ,   1.05871618     ,           3
  0.114874475     ,   1.30279016     ,           1
  0.209762275     ,   1.62092257     ,           3
  0.186812520     ,   1.53749073     ,           3
  0.204741359     ,   1.60229087     ,           2
   8.48201290E-02 ,   1.21568239     ,           3
  0.199777827     ,   1.58408260     ,           3
  0.293004066     ,   1.96337855     ,           3
  0.199777827     ,   1.58408260     ,           3
  0.252167076     ,   1.78717494     ,           3
  -1.87364989E-03 ,  0.995695055     ,           3
 -0.156058133     ,  0.698138952     ,           2
 -0.204708770     ,  0.624153256     ,           3
  0.411870658     ,   2.58149123     ,           3
  0.535027385     ,   3.42789388     ,           2
  -4.32680100E-02 ,  0.905173838     ,           3
  0.358933747     ,   2.28525019     ,           2
  -4.04385440E-02 ,  0.911090374     ,           2
  0.579995036     ,   3.80185008     ,           3
  0.788880408     ,   6.15007496     ,           3
  0.795314610     ,   6.24186802     ,           1
  0.828997791     ,   6.74524593     ,           3
  0.828997791     ,   6.74524593     ,           3
  0.776291192     ,   5.97435713     ,           3
  0.801845372     ,   6.33644056     ,           3
  0.836059809     ,   6.85582590     ,           3
  0.521016598     ,   3.31907129     ,           1
  0.475258529     ,   2.98716021     ,           2
  0.998141050     ,   9.95728779     ,           3
  0.913819849     ,   8.20011330     ,           3
  0.977937579     ,   9.50468159     ,           2
  0.881027102     ,   7.60373735     ,           3
  0.815209508     ,   6.53445721     ,           3
  0.183630735     ,   1.52626777     ,           3
  0.913819849     ,   8.20011330     ,           1
  0.718298852     ,   5.22755814     ,           2
  0.702310681     ,   5.03860903     ,           3
  0.828997791     ,   6.74524593     ,           2
  0.998141050     ,   9.95728779     ,           2
  0.873201728     ,   7.46795607     ,           3
  0.873201728     ,   7.46795607     ,           3
  0.888996184     ,   7.74454975     ,           3
  0.718298852     ,   5.22755814     ,           1
  0.385856867     ,   2.43140244     ,           3
  0.361313492     ,   2.29780674     ,           3
  0.361313492     ,   2.29780674     ,           3
  0.740575433     ,   5.50269461     ,           3
 -0.216223240     ,  0.607822478     ,           2
 -0.484167755     ,  0.327968568     ,           3
 -0.432498425     ,  0.369403988     ,           3
  0.232216373     ,   1.70693254     ,           2
  0.161988303     ,   1.45207250     ,           3
  0.137080267     ,   1.37113512     ,           2
 -0.239572778     ,  0.576006293     ,           3
 -0.184812948     ,  0.653411925     ,           2
  -9.21186358E-02 ,  0.808874905     ,           1
 -0.186844051     ,  0.650363207     ,           3
 -0.109411269     ,  0.777300119     ,           3
 -0.209223002     ,  0.617699146     ,           3
 -0.250793308     ,  0.561315060     ,           2
  0.219981611     ,   1.65951657     ,           3
   5.86869530E-02 ,   1.14468753     ,           3
  0.137319282     ,   1.37188995     ,           2
  0.420497715     ,   2.63328409     ,           3
  0.520202816     ,   3.31285787     ,           2
  0.441687465     ,   2.76495123     ,           3
  0.397267282     ,   2.49613047     ,           3
  0.103832617     ,   1.27008450     ,           3
  0.498727262     ,   3.15302396     ,           3
  0.514239728     ,   3.26768160     ,           2
  0.222176999     ,   1.66792679     ,           3
  0.487445951     ,   3.07217503     ,           3
  0.704377115     ,   5.06264067     ,           3
  0.695297360     ,   4.95789576     ,           3
  0.792208433     ,   6.19738388     ,           1
  0.732814133     ,   5.40522957     ,           3
  0.719945014     ,   5.24741030     ,           3
  0.835477591     ,   6.84664154     ,           3
  0.907277524     ,   8.07751083     ,           3
  0.752862394     ,   5.66059875     ,           1
  0.417327672     ,   2.61413288     ,           3
  0.861031890     ,   7.26159334     ,           3
  0.953577876     ,   8.98623657     ,           3
  0.663540304     ,   4.60829544     ,           2
  0.287282556     ,   1.93768227     ,           1
  0.366700500     ,   2.32648635     ,           3
   1.05732799     ,   11.4111118     ,           2
   1.10848081     ,   12.8375092     ,           3
  0.773880959     ,   5.94129276     ,           3
  0.869895518     ,   7.41131878     ,           1
  0.902424932     ,   7.98775911     ,           1
  0.874396086     ,   7.48852062     ,           2
  0.257865101     ,   1.81077754     ,           3
  0.356971592     ,   2.27494860     ,           2
   1.25460947     ,   17.9725380     ,           3
   1.30036700     ,   19.9694901     ,           2
   1.33815587     ,   21.7849121     ,           3
   1.03712440     ,   10.8924217     ,           3
  0.999335647     ,   9.98471451     ,           1
  0.878943622     ,   7.56734610     ,           1
  0.856667161     ,   7.18897772     ,           2
   1.40951180     ,   25.6750832     ,           1
   1.01157010     ,   10.2699928     ,           1
   1.01157010     ,   10.2699928     ,           1
  0.987436295     ,   9.71485424     ,           3
  0.704377115     ,   5.06264067     ,           3
  0.692312419     ,   4.92393637     ,           3
   1.10079396     ,   12.6122904     ,           2
   1.33815587     ,   21.7849121     ,           2
   1.62622142     ,   42.2884216     ,           2
   1.57791662     ,   37.8369904     ,           2
   1.60139775     ,   39.9390526     ,           1
   1.74272704     ,   55.3002472     ,           2
   1.65255034     ,   44.9314384     ,           2
   1.77748930     ,   59.9086151     ,           2
   1.68057907     ,   47.9268723     ,           1
  0.874396086     ,   7.48852062     ,           2
  0.102300629     ,   1.26561213     ,           3
  0.835477591     ,   6.84664154     ,           2
   1.37954855     ,   23.9634075     ,           1
   1.53445077     ,   34.2334595     ,           2
   1.65255034     ,   44.9314384     ,           1
   1.71054244     ,   51.3502274     ,           2
   1.49494219     ,   31.2566319     ,           2
   1.37954855     ,   23.9634075     ,           3
  0.964573383     ,   9.21665573     ,           3
  0.917148352     ,   8.26320171     ,           3
  0.964573383     ,   9.21665573     ,           1
  0.987436295     ,   9.71485424     ,           3
  0.376652241     ,   2.38041258     ,           3
   1.35151970     ,   22.4656868     ,           2
   1.36530805     ,   23.1903915     ,           2
   1.17542791     ,   14.9771032     ,           3
  0.467495292     ,   2.93423772     ,           3
  0.480084777     ,   3.02054143     ,           2
  0.888184428     ,   7.73008728     ,           2
   1.20345664     ,   15.9755802     ,           3
  0.856667161     ,   7.18897772     ,           3
  0.874396086     ,   7.48852062     ,           2
   1.17542791     ,   14.9771032     ,           3
  0.912184834     ,   8.16930008     ,           2
  0.739394605     ,   5.48775339     ,           3
  0.153359964     ,   1.42350817     ,           3
  0.732814133     ,   5.40522957     ,           2
  0.843829691     ,   6.97958660     ,           3
  0.856667161     ,   7.18897772     ,           2
  0.861031890     ,   7.26159334     ,           3
  0.723126769     ,   5.28599548     ,           2
  0.658007681     ,   4.54996109     ,           2
  0.577910066     ,   3.78364182     ,           3
  0.766761065     ,   5.84468460     ,           2
  0.784784317     ,   6.09234238     ,           3
  0.917148352     ,   8.26320171     ,           3
   9.17253569E-02 ,   1.23516607     ,           3
  0.448421061     ,   2.80815482     ,           2
  0.564407229     ,   3.66781354     ,           3
  0.732814133     ,   5.40522957     ,           1
  0.573362350     ,   3.74422836     ,           2
  0.494934112     ,   3.12560511     ,           3
  0.425296724     ,   2.66254354     ,           3
  0.658007681     ,   4.54996109     ,           2
  0.522208810     ,   3.32819533     ,           2
  0.480084777     ,   3.02054143     ,           2
  0.150787488     ,   1.41510117     ,           3
  0.498727262     ,   3.15302396     ,           3
  0.428525805     ,   2.68241405     ,           3
  0.369520783     ,   2.34164357     ,           2
  0.327741086     ,   2.12687063     ,           3
  0.564407229     ,   3.66781354     ,           3
  0.287282556     ,   1.93768227     ,           3
  0.162924781     ,   1.45520699     ,           2
  0.128296435     ,   1.34368181     ,           3
  0.346533060     ,   2.22092080     ,           3
  0.573785841     ,   3.74788117     ,           2
  0.313362956     ,   2.05760956     ,           3
  0.385788143     ,   2.43101788     ,           3
  0.531921983     ,   3.40347052     ,           3
  0.545029759     ,   3.50775909     ,           3
  0.607365668     ,   4.04916668     ,           3
  0.624455333     ,   4.21167994     ,           3
  0.759685636     ,   5.75023508     ,           3
  0.721730947     ,   5.26903296     ,           2
  0.468677700     ,   2.94223738     ,           2
  0.828289270     ,   6.73425055     ,           3
  0.729061186     ,   5.35872126     ,           3
  0.874822378     ,   7.49587488     ,           3
  0.867135406     ,   7.36436653     ,           3
  0.859582126     ,   7.23739243     ,           1
  0.601815343     ,   3.99774718     ,           2
  0.572495162     ,   3.73675942     ,           3
  0.954004645     ,   8.99507236     ,           3
   1.00322318     ,   10.0744934     ,           2
   1.06671011     ,   11.6603117     ,           2
  0.799100459     ,   6.29651785     ,           2
  0.649878025     ,   4.46558142     ,           1
  0.849711180     ,   7.07475185     ,           3
   1.23681235     ,   17.2509251     ,           3
   1.36774230     ,   23.3207397     ,           2
   1.35194790     ,   22.4878502     ,           3
   1.02095222     ,   10.4942713     ,           2
  0.593620658     ,   3.92302132     ,           2
  0.874822378     ,   7.49587488     ,           2
  0.901474833     ,   7.97030258     ,           2
   1.18105686     ,   15.1724882     ,           2
   1.35977328     ,   22.8967190     ,           3
   1.41889501     ,   26.2358398     ,           2
   1.44692373     ,   27.9849014     ,           2
   1.16563630     ,   14.6432123     ,           1
   1.10449910     ,   12.7203522     ,           3
  0.830617964     ,   6.77045679     ,           3
  0.859582126     ,   7.23739243     ,           2
  0.904232383     ,   8.02107143     ,           3
   1.26128638     ,   18.2509861     ,           2
   1.71992600     ,   52.4717979     ,           2
   1.73840940     ,   54.7531853     ,           3
   1.62301576     ,   41.9774208     ,           2
   1.59498692     ,   39.3538208     ,           2
   1.65297902     ,   44.9758110     ,           2
   1.02095222     ,   10.4942713     ,           3
   1.01734805     ,   10.4075403     ,           3
   1.84486485     ,   69.9624329     ,           3
   1.89601743     ,   78.7077484     ,           2
   1.95400953     ,   89.9517441     ,           2
   1.95400953     ,   89.9517441     ,           3
   1.86968863     ,   74.0778885     ,           2
   1.86968863     ,   74.0778885     ,           3
   1.86968863     ,   74.0778885     ,           2
   1.29395568     ,   19.6768551     ,           2
   1.70219707     ,   50.3729210     ,           2
   1.84486485     ,   69.9624329     ,           2
   1.98619425     ,   96.8711014     ,           2
   2.05874515     ,   114.484077     ,           1
   2.05874515     ,   114.484077     ,           2
   2.05874515     ,   114.484077     ,           1
   1.89601743     ,   78.7077484     ,           2
   1.82138383     ,   66.2801971     ,           2
   1.48735273     ,   30.7151566     ,           2
  0.589580536     ,   3.88669562     ,           3
  0.862085342     ,   7.27922821     ,           2
   1.03194773     ,   10.7633572     ,           3
   1.16061556     ,   14.4748993     ,           2
   1.35194790     ,   22.4878502     ,           2
   1.92404628     ,   83.9549408     ,           1
   2.05874515     ,   114.484077     ,           1
   2.32198668     ,   209.887543     ,           2
   2.02095652     ,   104.943718     ,           2
   2.25503993     ,   179.903595     ,           3
   2.25503993     ,   179.903595     ,           3
   2.19704795     ,   157.415649     ,           2
   1.86968863     ,   74.0778885     ,           1
   1.84486485     ,   69.9624329     ,           3
   1.60877526     ,   40.6233063     ,           1
   1.53193510     ,   34.0357285     ,           3
   1.50907207     ,   32.2902985     ,           2
   1.49807656     ,   31.4830341     ,           2
  0.624455333     ,   4.21167994     ,           3
  0.581611335     ,   3.81602597     ,           3
  0.627370119     ,   4.24004173     ,           3
  0.915440798     ,   8.23077583     ,           2
   1.62301576     ,   41.9774208     ,           3
   1.56865788     ,   37.0388794     ,           2
   1.71992600     ,   52.4717979     ,           2
   1.77791810     ,   59.9677925     ,           3
   1.05481076     ,   11.3451643     ,           2
   1.32198453     ,   20.9886513     ,           1
   1.68516374     ,   48.4354935     ,           3
   1.38413274     ,   24.2176933     ,           1
   1.24887705     ,   17.7368717     ,           3
  0.960253775     ,   9.12543869     ,           2
   1.05091584     ,   11.2438698     ,           3
   1.21364439     ,   16.3547668     ,           3
   1.37586021     ,   23.7607517     ,           3
   1.20804048     ,   16.1450901     ,           2
   1.31480598     ,   20.6445751     ,           3
   1.08729684     ,   12.2263498     ,           2
  0.950913608     ,   8.93127823     ,           1
  0.954004645     ,   8.99507236     ,           3
  0.278598875     ,   1.89932323     ,           3
  0.213617489     ,   1.63537550     ,           2
  0.396827191     ,   2.49360228     ,           3
  0.608764410     ,   4.06222916     ,           3
   6.74775913E-02 ,   1.16809344     ,           2
  0.438307583     ,   2.74351645     ,           1
  0.453717172     ,   2.84260917     ,           2
  0.265690923     ,   1.84370279     ,           1
  0.298024237     ,   1.98620570     ,           1
  0.280568540     ,   1.90795684     ,           3
  0.724146962     ,   5.29842663     ,           2
  0.236218110     ,   1.72273350     ,           2
  0.681266129     ,   4.80027485     ,           3
  0.827768028     ,   6.72617292     ,           2
   1.01706314     ,   10.4007130     ,           3
   1.21797943     ,   16.5188351     ,           1
   1.16399729     ,   14.5880518     ,           1
  0.877298892     ,   7.53874207     ,           3
  0.684994042     ,   4.84165716     ,           2
   1.00909400     ,   10.2116060     ,           3
  0.795211554     ,   6.24038744     ,           2
  0.886132479     ,   7.69365120     ,           3
  0.943276107     ,   8.77558517     ,           1
  0.883167922     ,   7.64131165     ,           3
   1.08200443     ,   12.0782614     ,           1
   1.16967452     ,   14.7800016     ,           1
  0.734512627     ,   5.42641020     ,           3
  0.868641496     ,   7.38995028     ,           3
  0.993581772     ,   9.85330105     ,           3
  0.950115561     ,   8.91488171     ,           3
   1.10600483     ,   12.7645311     ,           3
   1.10600483     ,   12.7645311     ,           3
   1.00516367     ,   10.1196089     ,           2
   1.08669972     ,   12.2095518     ,           3
   1.10600483     ,   12.7645311     ,           3
   1.00909400     ,   10.2116060     ,           3
  0.910606623     ,   8.13966656     ,           3
   1.16967452     ,   14.7800016     ,           3
   1.23757505     ,   17.2812481     ,           1
   1.02929759     ,   10.6978779     ,           3
   1.15286088     ,   14.2187328     ,           3
  0.920151949     ,   8.32054806     ,           3
   1.27233756     ,   18.7213650     ,           3
   1.15839338     ,   14.4010239     ,           1
   1.09624505     ,   12.4808750     ,           3
   1.10600483     ,   12.7645311     ,           3
   1.31012619     ,   20.4233131     ,           2
   1.41702080     ,   26.1228676     ,           3
   1.40703666     ,   25.5291672     ,           3
   1.44842935     ,   28.0820885     ,           1
   1.15286088     ,   14.2187328     ,           2
  0.822597742     ,   6.64657211     ,           3
  0.901266456     ,   7.96647930     ,           3
   1.03764975     ,   10.9056044     ,           3
   1.33448565     ,   21.6015873     ,           3
   1.79521787     ,   62.4047775     ,           3
   1.77173662     ,   59.1203079     ,           3
   1.63551664     ,   43.2032700     ,           2
   1.55912817     ,   36.2349892     ,           3
   1.49418712     ,   31.2023354     ,           2
   1.43770564     ,   27.3971672     ,           3
   1.60333192     ,   40.1173172     ,           2
   1.20539021     ,   16.0468636     ,           2
   1.57336855     ,   37.4428253     ,           3
   1.74946022     ,   56.1642876     ,           2
   1.67027879     ,   46.8035507     ,           3
   1.40703666     ,   25.5291672     ,           1
   1.49418712     ,   31.2023354     ,           2
   1.74946022     ,   56.1642876     ,           3
   1.84637046     ,   70.2053833     ,           3
   2.00909805     ,   102.116982     ,           2
   1.79521787     ,   62.4047775     ,           2
   1.49418712     ,   31.2023354     ,           1
   1.54533982     ,   35.1026459     ,           2
   1.49418712     ,   31.2023354     ,           1
   1.50642157     ,   32.0938339     ,           1
   1.41702080     ,   26.1228676     ,           3
   1.40703666     ,   25.5291672     ,           3
  0.751630187     ,   5.64456129     ,           1
   1.19315577     ,   15.6011181     ,           1
   1.70806754     ,   51.0584412     ,           1
   1.72827101     ,   53.4897957     ,           2
   1.74946022     ,   56.1642876     ,           3
   1.84637046     ,   70.2053833     ,           3
   1.67027879     ,   46.8035507     ,           1
   1.57336855     ,   37.4428253     ,           2
   1.70806754     ,   51.0584412     ,           2
   1.53197587     ,   34.0389252     ,           2
   1.79521787     ,   62.4047775     ,           1
   1.84637046     ,   70.2053833     ,           3
   1.74946022     ,   56.1642876     ,           2
   1.68876231     ,   48.8384933     ,           3
   1.54533982     ,   35.1026459     ,           1
  0.661315382     ,   4.58474731     ,           3
   1.36029303     ,   22.9241409     ,           2
   1.51901078     ,   33.0377731     ,           1
   1.61912620     ,   41.6031456     ,           3
   1.60333192     ,   40.1173172     ,           3
   1.67027879     ,   46.8035507     ,           1
   1.65254998     ,   44.9314041     ,           3
   1.67027879     ,   46.8035507     ,           3
   1.54533982     ,   35.1026459     ,           2
   1.41702080     ,   26.1228676     ,           2
   1.49418712     ,   31.2023354     ,           3
   1.49418712     ,   31.2023354     ,           3
   1.25114799     ,   17.8298645     ,           2
   1.31809521     ,   20.8015251     ,           3
   1.39727664     ,   24.9618454     ,           3
   1.19315577     ,   15.6011181     ,           3
   1.18716526     ,   15.3874016     ,           3
   1.28706086     ,   19.3669319     ,           3
   1.34291887     ,   22.0251503     ,           2
  0.950115561     ,   8.91488171     ,           3
  0.880223572     ,   7.58968163     ,           3
  0.449502647     ,   2.81515718     ,           3
  0.778642118     ,   6.00678539     ,           2
   1.02929759     ,   10.6978779     ,           3
   1.43770564     ,   27.3971672     ,           3
   1.58809185     ,   38.7339592     ,           3
   1.05485201     ,   11.3462400     ,           2
   1.42724013     ,   26.7448444     ,           2
   1.55912817     ,   36.2349892     ,           1
   1.68876231     ,   48.8384933     ,           1
   1.60333192     ,   40.1173172     ,           3
   1.50642157     ,   32.0938339     ,           3
   1.07276356     ,   11.8239775     ,           3
  0.341201186     ,   2.19382095     ,           3
   1.61912620     ,   41.6031456     ,           3
   1.74946022     ,   56.1642876     ,           2
   1.57336855     ,   37.4428253     ,           2
   1.50642157     ,   32.0938339     ,           3
   1.00909400     ,   10.2116060     ,           3
  0.292314172     ,   1.96026218     ,           3
   1.02518106     ,   10.5969534     ,           2
   1.48228788     ,   30.3590336     ,           2
   1.50642157     ,   32.0938339     ,           3
   1.51901078     ,   33.0377731     ,           3
   1.58809185     ,   38.7339592     ,           3
   1.16967452     ,   14.7800016     ,           3
  0.950115561     ,   8.91488171     ,           2
  0.769450307     ,   5.88098812     ,           1
   1.31809521     ,   20.8015251     ,           2
   1.38773143     ,   24.4192009     ,           3
   1.60333192     ,   40.1173172     ,           2
   1.24430859     ,   17.5512733     ,           3
  0.647360623     ,   4.43977165     ,           2
  0.273766667     ,   1.87830734     ,           2
  0.472984552     ,   2.97156048     ,           3
   1.28706086     ,   19.3669319     ,           2
   1.36029303     ,   22.9241409     ,           3
   1.43770564     ,   27.3971672     ,           2
   1.12106872     ,   13.2150488     ,           3
   1.13667393     ,   13.6985312     ,           2
   1.05048728     ,   11.2327795     ,           3
  0.943276107     ,   8.77558517     ,           3
  0.679414034     ,   4.77984762     ,           2
   1.13140965     ,   13.5334854     ,           3
   1.03764975     ,   10.9056044     ,           3
  0.978604436     ,   9.51928711     ,           1
  0.492969811     ,   3.11150002     ,           2
  0.843658924     ,   6.97684240     ,           3
  0.904357553     ,   8.02338314     ,           3
  0.539933443     ,   3.46683717     ,           3
  0.324558735     ,   2.11134267     ,           3
   1.97130930     ,   93.6072159     ,           3
   2.05049062     ,   112.328667     ,           3
   1.51901078     ,   33.0377731     ,           1
  0.882515550     ,   7.62984180     ,           2
   1.19181919     ,   15.5531788     ,           2
   1.15963447     ,   14.4422359     ,           2
  0.843363345     ,   6.97209549     ,           2
  0.934693873     ,   8.60387039     ,           3
  0.814399421     ,   6.52227974     ,           2
  0.633662045     ,   4.30191708     ,           3
  0.821461320     ,   6.62920284     ,           3
   1.14439440     ,   13.9442263     ,           2
   1.12967110     ,   13.4794168     ,           2
   1.28457344     ,   19.2563248     ,           1
   1.28457344     ,   19.2563248     ,           3
   1.43070173     ,   26.9588699     ,           2
   1.35152030     ,   22.4657154     ,           4
   1.52761173     ,   33.6985931     ,           3
   1.24506474     ,   17.5818577     ,           2
   1.43070173     ,   26.9588699     ,           2
   1.70370317     ,   50.5479126     ,           2
   1.43070173     ,   26.9588699     ,           2
   1.90782332     ,   80.8766861     ,           2
   1.76169527     ,   57.7690506     ,           1
   1.76169527     ,   57.7690506     ,           1
   1.32803917     ,   21.2833118     ,           2
   1.49284959     ,   31.1063900     ,           2
   1.37634397     ,   23.7872353     ,           1
   1.35152030     ,   22.4657154     ,           2
   1.08827829     ,   12.2540131     ,           3
   1.11543059     ,   13.0445948     ,           2
  0.828639984     ,   6.73969078     ,           1
  0.774281919     ,   5.94678068     ,           2
  0.549884260     ,   3.54718828     ,           2
  0.687712193     ,   4.87205505     ,           1
  0.983542621     ,   9.62814522     ,           2
   1.15963447     ,   14.4422359     ,           2
   1.22658134     ,   16.8492813     ,           2
   1.43070173     ,   26.9588699     ,           2
   1.70370317     ,   50.5479126     ,           2
   1.70370317     ,   50.5479126     ,           1
   2.00473332     ,   101.095863     ,           1
   1.76169527     ,   57.7690506     ,           2
   1.70370317     ,   50.5479126     ,           2
   1.82864201     ,   67.3972321     ,           1
   1.70370317     ,   50.5479126     ,           2
   2.12967205     ,   134.794479     ,           2
   1.90782332     ,   80.8766861     ,           2
   2.00473332     ,   101.095863     ,           1
   2.00473332     ,   101.095863     ,           1
   2.00473332     ,   101.095863     ,           2
   2.00473332     ,   101.095863     ,           1
   1.76169527     ,   57.7690506     ,           2
   1.65255070     ,   44.9314728     ,           2
   1.30576265     ,   20.2191410     ,           3
   1.37634397     ,   23.7872353     ,           1
   1.17542863     ,   14.9771328     ,           2
   1.14439440     ,   13.9442263     ,           2
   1.22658134     ,   16.8492813     ,           1
  0.391943336     ,   2.46571755     ,           1
  0.667270839     ,   4.64805079     ,           3
   1.02700853     ,   10.6416378     ,           1
   1.49284959     ,   31.1063900     ,           2
   1.43070173     ,   26.9588699     ,           2
   1.49284959     ,   31.1063900     ,           3
   1.56540048     ,   36.7621117     ,           2
   1.37634397     ,   23.7872353     ,           2
   1.37634397     ,   23.7872353     ,           3
   1.40267289     ,   25.2739353     ,           3
   1.35152030     ,   22.4657154     ,           1
   1.12967110     ,   13.4794168     ,           2
   1.37634397     ,   23.7872353     ,           3
   1.11543059     ,   13.0445948     ,           3
   1.01572752     ,   10.3687763     ,           3
  0.542331040     ,   3.48602939     ,           3
  0.430696428     ,   2.69585443     ,           2
  0.386678994     ,   2.43600965     ,           3
  0.531242013     ,   3.39814568     ,           2
  0.538603067     ,   3.45623350     ,           2
  0.749458194     ,   5.61640215     ,           3
   1.08827829     ,   12.2540131     ,           3
   1.08827829     ,   12.2540131     ,           2
  0.448425353     ,   2.80818272     ,           3
  0.731729388     ,   5.39174509     ,           3
  0.581483603     ,   3.81490350     ,           1
  0.254602313     ,   1.79722440     ,           2
  0.356366605     ,   2.27178168     ,           2
  0.384070486     ,   2.42142200     ,           3
  0.466909051     ,   2.93027949     ,           2
  0.353933573     ,   2.25909019     ,           3
  0.219394222     ,   1.65727365     ,           1
  0.819682539     ,   6.60210705     ,           1
  0.656518936     ,   4.53439093     ,           2
  0.654139221     ,   4.50961256     ,           2
  0.812788844     ,   6.49813652     ,           3
   1.02449977     ,   10.5803442     ,           3
   1.09705102     ,   12.5040579     ,           1
   1.18420172     ,   15.2827549     ,           2
   1.17623270     ,   15.0048838     ,           2
   1.51865649     ,   33.0108337     ,           3
   1.37252808     ,   23.5791435     ,           3
   1.11041498     ,   12.8948107     ,           2
   1.29334652     ,   19.6492729     ,           2
   1.34839439     ,   22.3045959     ,           2
  0.972111285     ,   9.37802315     ,           3
   1.43947506     ,   27.5090179     ,           3
   1.68614793     ,   48.5453835     ,           2
   1.83741570     ,   68.7726440     ,           2
   1.59437740     ,   39.2986259     ,           1
   1.80265355     ,   63.4824257     ,           2
   1.71247673     ,   51.5794601     ,           2
   1.87520432     ,   75.0247192     ,           1
  0.656518936     ,   4.53439093     ,           2
  0.438019246     ,   2.74169564     ,           3
  0.640128255     ,   4.36644793     ,           3
  0.699107170     ,   5.00157928     ,           3
   1.23535430     ,   17.1931057     ,           3
   1.50162315     ,   31.7411823     ,           2
   1.77046895     ,   58.9479713     ,           3
   1.87520432     ,   75.0247192     ,           2
   1.96235466     ,   91.6968918     ,           2
   2.01350713     ,   103.159004     ,           1
   1.96235466     ,   91.6968918     ,           2
   1.91659701     ,   82.5271912     ,           1
   1.83741570     ,   68.7726440     ,           1
   1.83741570     ,   68.7726440     ,           2
   1.80265355     ,   63.4824257     ,           3
   1.96235466     ,   91.6968918     ,           2
   1.50162315     ,   31.7411823     ,           2
   1.07149661     ,   11.7895346     ,           3
   1.13844383     ,   13.7544699     ,           2
  0.967203975     ,   9.27265263     ,           3
  0.934322536     ,   8.59651661     ,           2
   1.41144621     ,   25.7896957     ,           2
   1.80265355     ,   63.4824257     ,           1
   2.13844585     ,   137.545364     ,           1
   2.07149911     ,   117.896027     ,           1
   1.91659701     ,   82.5271912     ,           2
   1.96235466     ,   91.6968918     ,           2
   1.83741570     ,   68.7726440     ,           2
   1.68614793     ,   48.5453835     ,           2
   2.01350713     ,   103.159004     ,           2
   1.48523259     ,   30.5655804     ,           3
   1.21762550     ,   16.5053768     ,           2
   1.32553136     ,   21.1607666     ,           3
   1.29334652     ,   19.6492729     ,           2
   1.28312731     ,   19.1923103     ,           3
  0.572196603     ,   3.73419142     ,           2
   1.05327177     ,   11.3050299     ,           2
   1.32553136     ,   21.1607666     ,           3
  0.997516155     ,   9.94297028     ,           3
  0.729070723     ,   5.35883904     ,           3
   1.03010380     ,   10.7177534     ,           1
  0.779871523     ,   6.02381372     ,           1
  0.957552493     ,   9.06885624     ,           3
   1.01896727     ,   10.4464149     ,           2
  0.972111285     ,   9.37802315     ,           2
  0.934322536     ,   8.59651661     ,           3
  0.972111285     ,   9.37802315     ,           3
  0.826687574     ,   6.70945978     ,           1
  0.683594704     ,   4.82608223     ,           2
  0.701747239     ,   5.03207684     ,           3
  0.554860651     ,   3.58806777     ,           3
   1.34152091     ,   21.9543648     ,           3
   1.33527184     ,   21.6407261     ,           2
   1.47280049     ,   29.7030163     ,           3
   1.28827500     ,   19.4211521     ,           3
   1.42449558     ,   26.5763664     ,           3
   1.29955602     ,   19.9322376     ,           3
   1.46436715     ,   29.1317921     ,           3
   1.12346339     ,   13.2881145     ,           2
   1.40221906     ,   25.2475376     ,           3
   1.18473363     ,   15.3014870     ,           2
   1.28827500     ,   19.4211521     ,           3
   1.50827289     ,   32.2309380     ,           3
   1.56758726     ,   36.9476852     ,           3
   1.27188444     ,   18.7018433     ,           2
   1.48140061     ,   30.2970695     ,           1
   1.24587083     ,   17.6145210     ,           3
   1.40951836     ,   25.6754646     ,           2
   1.55712163     ,   36.0679665     ,           2
   1.48140061     ,   30.2970695     ,           3
   1.42449558     ,   26.5763664     ,           2
   1.56758726     ,   36.9476852     ,           3
   1.61216962     ,   40.9420509     ,           3
   1.67522144     ,   47.3392563     ,           1
   1.68900979     ,   48.8663330     ,           3
   1.63630319     ,   43.2815895     ,           3
   1.62406862     ,   42.0793152     ,           3
   1.48140061     ,   30.2970695     ,           4
   1.12346339     ,   13.2881145     ,           3
   1.17176855     ,   14.8514376     ,           1
   1.19809771     ,   15.7796621     ,           3
   1.36082613     ,   22.9522934     ,           2
   1.49912953     ,   31.5594578     ,           3
   1.53691816     ,   34.4285088     ,           3
   1.68900979     ,   48.8663330     ,           2
   1.62406862     ,   42.0793152     ,           2
   1.73321354     ,   54.1020241     ,           2
   1.85815251     ,   72.1360703     ,           2
   1.74900782     ,   56.1058044     ,           1
   1.61216962     ,   40.9420509     ,           3
   1.70325017     ,   50.4952087     ,           2
   1.64889240     ,   44.5545807     ,           3
   1.70325017     ,   50.4952087     ,           2
   1.51761305     ,   32.9316139     ,           2
   1.44797683     ,   28.0528393     ,           1
   1.24587083     ,   17.6145210     ,           2
  0.901611626     ,   7.97281361     ,           2
   1.43218243     ,   27.0509434     ,           3
   1.40221906     ,   25.2475376     ,           1
   1.61216962     ,   40.9420509     ,           3
   1.83794916     ,   68.8571625     ,           2
   1.73321354     ,   54.1020241     ,           3
   1.81864381     ,   65.8633575     ,           2
   2.10119081     ,   126.238220     ,           3
   1.83794916     ,   68.8571625     ,           2
   2.13897943     ,   137.714462     ,           1
   2.10119081     ,   126.238220     ,           2
   2.10119081     ,   126.238220     ,           1
   2.27728224     ,   189.357422     ,           2
   1.71797347     ,   52.2364349     ,           3
   1.90161824     ,   79.7293625     ,           2
   1.66185749     ,   45.9047318     ,           2
   1.49912953     ,   31.5594578     ,           2
   1.58930659     ,   38.8424454     ,           3
  0.947369874     ,   8.85869789     ,           2
   1.25095046     ,   17.8217525     ,           2
   1.49912953     ,   31.5594578     ,           2
   1.74900782     ,   56.1058044     ,           3
   1.83794916     ,   68.8571625     ,           1
   1.94992304     ,   89.1093140     ,           2
   1.92509937     ,   84.1587753     ,           2
   1.87934184     ,   75.7428818     ,           2
   2.03424406     ,   108.204185     ,           3
   1.90161824     ,   79.7293625     ,           2
   2.18037224     ,   151.485916     ,           2
   2.27728224     ,   189.357422     ,           1
   2.27728224     ,   189.357422     ,           1
   2.27728224     ,   189.357422     ,           1
   2.03424406     ,   108.204185     ,           2
   2.00428081     ,   100.990562     ,           2
   2.10119081     ,   126.238220     ,           1
   1.90161824     ,   79.7293625     ,           2
   1.67522144     ,   47.3392563     ,           3
   1.64889240     ,   44.5545807     ,           1
   1.70325017     ,   50.4952087     ,           2
   1.74900782     ,   56.1058044     ,           3
   1.67522144     ,   47.3392563     ,           2
   1.64889240     ,   44.5545807     ,           3
   1.66185749     ,   45.9047318     ,           3
   1.34786105     ,   22.2772236     ,           3
   1.11218214     ,   12.9473886     ,           3
   1.04048812     ,   10.9771137     ,           2
   1.26655567     ,   18.4737740     ,           2
   1.26129138     ,   18.2511959     ,           2
   1.35429525     ,   22.6097202     ,           2
   1.40221906     ,   25.2475376     ,           1
   1.62406862     ,   42.0793152     ,           2
   1.63630319     ,   43.2815895     ,           3
   1.85815251     ,   72.1360703     ,           3
   1.92509937     ,   84.1587753     ,           2
   1.97625208     ,   94.6786423     ,           1
   2.06642866     ,   116.527573     ,           3
   2.10119081     ,   126.238220     ,           2
   2.18037224     ,   151.485916     ,           3
   1.92509937     ,   84.1587753     ,           2
   1.94992304     ,   89.1093140     ,           2
   1.87934184     ,   75.7428818     ,           2
   1.73321354     ,   54.1020241     ,           1
   1.76539826     ,   58.2637291     ,           2
   1.60058761     ,   39.8646126     ,           3
   1.57831109     ,   37.8713760     ,           1
   1.48140061     ,   30.2970695     ,           2
   1.48140061     ,   30.2970695     ,           1
  0.897063971     ,   7.88976336     ,           3
   1.51761305     ,   32.9316139     ,           2
   1.81864381     ,   65.8633575     ,           3
   1.74900782     ,   56.1058044     ,           3
   1.78243160     ,   60.5942764     ,           2
   2.03424406     ,   108.204185     ,           2
   1.92509937     ,   84.1587753     ,           1
   1.64889240     ,   44.5545807     ,           3
   1.63630319     ,   43.2815895     ,           3
   1.40951836     ,   25.6754646     ,           3
  0.981709361     ,   9.58758736     ,           3
  0.883699715     ,   7.65067434     ,           3
  0.835971773     ,   6.85443687     ,           2
   1.04682839     ,   11.1385431     ,           1
   1.05003369     ,   11.2210541     ,           2
   1.48140061     ,   30.2970695     ,           1
   1.47280049     ,   29.7030163     ,           3
   1.12728977     ,   13.4057074     ,           2
   1.20264530     ,   15.9457626     ,           3
   1.32303727     ,   21.0395908     ,           2
  0.892201006     ,   7.80191135     ,           3
   1.04543054     ,   11.1027498     ,           3
  0.800802350     ,   6.32124138     ,           2
  0.807189226     ,   6.41488981     ,           3
  0.810418248     ,   6.46276283     ,           3
  0.933202922     ,   8.57438374     ,           3
  0.837152839     ,   6.87310266     ,           3
  0.924686968     ,   8.40788937     ,           2
  0.988134801     ,   9.73049164     ,           3
   1.10501671     ,   12.7355194     ,           2
   1.31427729     ,   20.6194630     ,           3
   1.19716334     ,   15.7457514     ,           2
   1.20513248     ,   16.0373440     ,           2
   1.21325028     ,   16.3399334     ,           2
   1.12461233     ,   13.3233156     ,           1
   1.11145091     ,   12.9256048     ,           3
  0.813671410     ,   6.51135588     ,           3
   1.15937471     ,   14.4336014     ,           3
   1.14513421     ,   13.9679976     ,           3
   1.01844692     ,   10.4339056     ,           2
   1.13134575     ,   13.5314960     ,           1
   1.18165123     ,   15.1932688     ,           3
   1.47512913     ,   29.8627090     ,           2
   1.40604806     ,   25.4711170     ,           3
   1.50616348     ,   32.0747604     ,           3
   1.52255392     ,   33.3084068     ,           3
   1.49036908     ,   30.9292297     ,           3
   1.65877402     ,   45.5799637     ,           1
   1.82358432     ,   66.6168823     ,           1
   1.55731606     ,   36.0841179     ,           2
   1.38122427     ,   24.0560493     ,           1
   1.28431392     ,   19.2448235     ,           2
   1.28431392     ,   19.2448235     ,           2
   1.39345884     ,   24.7433701     ,           3
   1.33546662     ,   21.6504364     ,           3
   1.12461233     ,   13.3233156     ,           3
   1.55731606     ,   36.0841179     ,           3
  0.937524319     ,   8.66012859     ,           3
   1.61530805     ,   41.2389984     ,           2
   1.73340762     ,   54.1262093     ,           2
   1.76143646     ,   57.7346306     ,           3
   1.79139972     ,   61.8585472     ,           2
   1.70707870     ,   50.9423218     ,           2
   1.85834658     ,   72.1683121     ,           2
   1.98328531     ,   96.2244263     ,           2
   1.98328531     ,   96.2244263     ,           2
   1.98328531     ,   96.2244263     ,           2
   1.93752789     ,   86.6019821     ,           2
   1.73340762     ,   54.1262093     ,           3
   1.98328531     ,   96.2244263     ,           3
   1.98328531     ,   96.2244263     ,           1
   1.63649750     ,   43.3009529     ,           3
   1.33546662     ,   21.6504364     ,           3
   1.21325028     ,   16.3399334     ,           3
   1.23855627     ,   17.3203335     ,           2
   1.26542854     ,   18.4258938     ,           2
   1.98328531     ,   96.2244263     ,           2
   1.98328531     ,   96.2244263     ,           2
  0.800802350     ,   6.32124138     ,           3
  0.873065710     ,   7.46561670     ,           3
  0.969041646     ,   9.31197166     ,           2
   1.18933809     ,   15.4645777     ,           3
   1.28431392     ,   19.2448235     ,           2
   1.41901302     ,   26.2429733     ,           1
   1.47512913     ,   29.8627090     ,           2
   1.43237710     ,   27.0630703     ,           2
   1.70707870     ,   50.9423218     ,           1
   1.70707870     ,   50.9423218     ,           2
   1.93752789     ,   86.6019821     ,           2
   1.98328531     ,   96.2244263     ,           1
   1.55731606     ,   36.0841179     ,           2
   1.52255392     ,   33.3084068     ,           1
   1.15937471     ,   14.4336014     ,           2
   1.14513421     ,   13.9679976     ,           3
  0.461845458     ,   2.89631271     ,           3
  0.858342409     ,   7.21676254     ,           2
   1.02371120     ,   10.5611506     ,           3
   1.17409801     ,   14.9313145     ,           2
  0.826933503     ,   6.71326065     ,           3
  0.663363159     ,   4.60641575     ,           1
  0.440586388     ,   2.75794983     ,           3
  0.810418248     ,   6.46276283     ,           3
  0.536117911     ,   3.43651247     ,           2
  0.589214683     ,   3.88342309     ,           1
  0.301150560     ,   2.00055528     ,           3
  0.135906503     ,   1.36743438     ,           1
   8.81505534E-02 ,   1.22504079     ,           2
  0.277668089     ,   1.89525688     ,           2
  0.347397983     ,   2.22534823     ,           3
  0.419804037     ,   2.62908149     ,           2
  0.271478146     ,   1.86843562     ,           1
  0.450661480     ,   2.82267904     ,           2
  0.606601179     ,   4.04204512     ,           2
  0.528403580     ,   3.37600899     ,           2
  0.678750932     ,   4.77255487     ,           3
  0.925735295     ,   8.42820930     ,           3
   1.24244833     ,   17.4762554     ,           1
   1.04557204     ,   11.1063681     ,           1
   1.01805067     ,   10.4243908     ,           3
   1.09723258     ,   12.5092878     ,           3
  0.961011529     ,   9.14137554     ,           1
  0.530878305     ,   3.39530110     ,           1
   1.10182846     ,   12.6423674     ,           3
   1.48389387     ,   30.4715042     ,           3
  0.824532986     ,   6.67625570     ,           3
  0.698373795     ,   4.99314070     ,           1
  0.358101994     ,   2.28087759     ,           2
   1.48389387     ,   30.4715042     ,           3
   1.49517488     ,   31.2733879     ,           2
  0.836907089     ,   6.86921501     ,           1
  0.800794780     ,   6.32113075     ,           3
   1.22985911     ,   16.9769287     ,           2
   1.24244833     ,   17.4762554     ,           2
   1.31152976     ,   20.4894257     ,           2
   1.56980872     ,   37.1371651     ,           2
   1.47289836     ,   29.7097073     ,           2
   1.47289836     ,   29.7097073     ,           2
   1.49517488     ,   31.2733879     ,           1
   1.34256423     ,   22.0071697     ,           2
  0.961011529     ,   9.14137554     ,           3
   1.30410564     ,   20.1421413     ,           2
  0.589226604     ,   3.88352919     ,           3
   1.16647184     ,   14.6714087     ,           1
  0.967745006     ,   9.28421116     ,           3
  0.248859212     ,   1.77361441     ,           3
   1.24888253     ,   17.7370987     ,           1
   1.35895455     ,   22.8535957     ,           2
   1.34256423     ,   22.0071697     ,           3
   1.23610818     ,   17.2229767     ,           2
  0.879054189     ,   7.56927395     ,           1
  0.391894221     ,   2.46543884     ,           3
  0.873556614     ,   7.47406101     ,           3
   1.05792260     ,   11.4267473     ,           3
  0.971151292     ,   9.35731602     ,           1
   1.13543737     ,   13.6595802     ,           2
  0.995774031     ,   9.90316582     ,           2
  0.901767850     ,   7.97568226     ,           1
   1.02573752     ,   10.6105423     ,           2
   1.02187705     ,   10.5166426     ,           1
  0.981533408     ,   9.58370495     ,           3
  0.873556614     ,   7.47406101     ,           3
  0.167517275     ,   1.47067690     ,           1
  0.268755078     ,   1.85675693     ,           2
  0.879054189     ,   7.56927395     ,           1
  0.677010298     ,   4.75346470     ,           3
  0.696552753     ,   4.97224760     ,           1
  0.925735295     ,   8.42820930     ,           3
  0.609565794     ,   4.06973171     ,           2
  0.694739342     ,   4.95152950     ,           3
  0.767456114     ,   5.85404587     ,           2
  0.854845405     ,   7.15888500     ,           4
  0.740497768     ,   5.50171089     ,           2
  0.865438581     ,   7.33564949     ,           2
  0.176752716     ,   1.50228631     ,           3
  0.417886466     ,   2.61749864     ,           1
  0.606601179     ,   4.04204512     ,           2
  0.597827077     ,   3.96120238     ,           1
  0.313009560     ,   2.05593586     ,           3
  0.402843833     ,   2.52838874     ,           3
  0.466418236     ,   2.92696977     ,           3
  0.454807639     ,   2.84975576     ,           3
  0.432478428     ,   2.70693874     ,           2
  0.386521161     ,   2.43512440     ,           3
  0.377711296     ,   2.38622451     ,           2
  0.705619991     ,   5.07714987     ,           2
  0.802133799     ,   6.34065056     ,           3
  0.438733816     ,   2.74621034     ,           2
  0.730350554     ,   5.37465429     ,           2
   1.02633047     ,   10.6250372     ,           3
  0.883323908     ,   7.64405680     ,           3
   1.15183103     ,   14.1850567     ,           3
   1.08552313     ,   12.1765194     ,           3
  0.645825744     ,   4.42410851     ,           2
   1.33926499     ,   21.8406219     ,           3
   1.26354337     ,   18.3460827     ,           3
   1.33926499     ,   21.8406219     ,           2
   1.31906128     ,   20.8478527     ,           2
   1.19908440     ,   15.8155527     ,           3
  0.898047626     ,   7.90765285     ,           1
  0.915880978     ,   8.23912239     ,           1
   1.36775374     ,   23.3213558     ,           3
   1.46650887     ,   29.2758045     ,           1
   1.42260301     ,   26.4608040     ,           2
   1.21691740     ,   16.4784889     ,           3
  0.913288057     ,   8.19007874     ,           3
  0.614188313     ,   4.11328030     ,           3
  0.862133861     ,   7.28004169     ,           3
   1.54754269     ,   35.2811508     ,           3
   1.32569194     ,   21.1685925     ,           3
   1.24650967     ,   17.6404514     ,           1
   1.15183103     ,   14.1850567     ,           2
   1.01149523     ,   10.2682209     ,           3
   1.50513864     ,   31.9991646     ,           1
   1.12156904     ,   13.2302790     ,           2
   1.35327590     ,   22.5567150     ,           3
   1.49515426     ,   31.2718964     ,           2
   1.48539436     ,   30.5769634     ,           2
   1.04517901     ,   11.0963211     ,           3
   1.36775374     ,   23.3213558     ,           3
   1.54754269     ,   35.2811508     ,           2
   1.55882382     ,   36.2096100     ,           2
   1.17481542     ,   14.9559956     ,           3
   1.13000226     ,   13.4896994     ,           3
   1.22744644     ,   16.8828773     ,           2
   1.16547525     ,   14.6377811     ,           3
   1.19412088     ,   15.6358271     ,           2
   1.15183103     ,   14.1850567     ,           2
  0.984784424     ,   9.65571499     ,           3
   1.15183103     ,   14.1850567     ,           3
   1.47584903     ,   29.9122448     ,           3
   1.19412088     ,   15.6358271     ,           2
   1.28127229     ,   19.1105099     ,           3
   1.23823714     ,   17.3076096     ,           2
   1.31253040     ,   20.5366879     ,           3
   1.28127229     ,   19.1105099     ,           2
   1.13428116     ,   13.6232624     ,           3
   1.05941975     ,   11.4662066     ,           3
  0.752092481     ,   5.65057278     ,           2
  0.532197595     ,   3.40563130     ,           1
  0.547515452     ,   3.52789330     ,           2
  0.451936334     ,   2.83097696     ,           2
  0.532197595     ,   3.40563130     ,           3
  0.816374719     ,   6.55201244     ,           3
  0.628040195     ,   4.24658871     ,           2
  0.816374719     ,   6.55201244     ,           2
  0.435710132     ,   2.72715688     ,           1
   1.03479683     ,   10.8341990     ,           3
   1.05941975     ,   11.4662066     ,           3
   1.15183103     ,   14.1850567     ,           2
  0.824727118     ,   6.67924118     ,           2
  0.816374719     ,   6.55201244     ,           2
   1.16087949     ,   14.4836969     ,           3
   1.06671917     ,   11.6605539     ,           2
   1.44841051     ,   28.0808678     ,           2
   1.54201031     ,   34.8345566     ,           3
   1.24097705     ,   17.4171505     ,           2
   1.07790363     ,   11.9647493     ,           3
  0.880917788     ,   7.60182333     ,           2
   1.47584903     ,   29.9122448     ,           2
   1.42260301     ,   26.4608040     ,           1
   1.37517786     ,   23.7234516     ,           2
   1.48059547     ,   30.2409515     ,           3
   1.63345790     ,   42.9989548     ,           2
   1.59453952     ,   39.3133049     ,           1
   1.74066842     ,   55.0387268     ,           2
   1.64724624     ,   44.3860283     ,           2
  0.835398734     ,   6.84539843     ,           1
   1.74066842     ,   55.0387268     ,           1
   1.08552313     ,   12.1765194     ,           3
   1.64029741     ,   43.6814880     ,           2
   1.87143731     ,   74.3767700     ,           2
   1.66878605     ,   46.6429596     ,           2
   1.60712886     ,   40.4695969     ,           1
   1.38655746     ,   24.3532810     ,           2
   1.13213646     ,   13.5561533     ,           2
  0.721949577     ,   5.27168608     ,           1
   1.36045444     ,   22.9326611     ,           2
   1.54754269     ,   35.2811508     ,           2
   1.66148686     ,   45.8655777     ,           1
   1.66148686     ,   45.8655777     ,           2
   1.66148686     ,   45.8655777     ,           2
   1.36408889     ,   23.1253796     ,           1
   1.46650887     ,   29.2758045     ,           2
   1.33242548     ,   21.4993553     ,           2
   1.30291450     ,   20.0869732     ,           4
   1.26354337     ,   18.3460827     ,           2
   1.17012024     ,   14.7951775     ,           2
  0.633435428     ,   4.29967308     ,           3
  0.826840580     ,   6.71182442     ,           3
  0.381929874     ,   2.40951633     ,           1
  0.420899391     ,   2.63572073     ,           1
  0.661465764     ,   4.58633471     ,           3
  0.384217858     ,   2.42224383     ,           2
  0.587132752     ,   3.86485100     ,           3
  0.349687457     ,   2.23711061     ,           2
  0.572170854     ,   3.73397040     ,           3
  0.422742575     ,   2.64693069     ,           2
  0.412416965     ,   2.58474064     ,           4
  0.377467543     ,   2.38488555     ,           1
  0.812774003     ,   6.49791479     ,           1
  0.676021099     ,   4.74265003     ,           2
  0.830218673     ,   6.76423454     ,           2
  0.925356090     ,   8.42085266     ,           3
  0.965975344     ,   9.24645710     ,           2
  0.974575758     ,   9.43139172     ,           3
   1.00144887     ,   10.0334158     ,           2
  0.959934771     ,   9.11873913     ,           3
  0.758212566     ,   5.73076439     ,           3
   1.19850302     ,   15.7943954     ,           3
   1.00277090     ,   10.0640049     ,           3
   1.24680853     ,   17.6525955     ,           2
   1.74050391     ,   55.0178795     ,           2
   1.66739631     ,   46.4939346     ,           2
   2.40471363     ,   253.929703     ,           2
   2.43947577     ,   275.090576     ,           1
   2.21762657     ,   165.054230     ,           3
   2.61556721     ,   412.636017     ,           2
   2.43947577     ,   275.090576     ,           1
   2.31453681     ,   206.317841     ,           2
   2.61556721     ,   412.636017     ,           1
   2.74050593     ,   550.181458     ,           1
   2.51865697     ,   330.108765     ,           1
   2.37252879     ,   235.791885     ,           1
   1.97458804     ,   94.3165741     ,           3
   1.52742767     ,   33.6843071     ,           2
   2.13844514     ,   137.545135     ,           2
   2.43947577     ,   275.090576     ,           2
   2.15692878     ,   143.525375     ,           3
   2.31453681     ,   206.317841     ,           2
   1.81968546     ,   66.0215073     ,           1
  0.860628366     ,   7.25484896     ,           3
   1.79437947     ,   62.2844238     ,           3
   1.67980564     ,   47.8415909     ,           3
  0.590228677     ,   3.89250016     ,           4
  0.622100711     ,   4.18890667     ,           3
   1.41484880     ,   25.9925461     ,           3
  0.427646458     ,   2.67698812     ,           2
  0.852121413     ,   7.11412382     ,           3
  0.950441301     ,   8.92157078     ,           2
  0.490858793     ,   3.09641242     ,           3
  0.597980142     ,   3.96259904     ,           2
  0.643567026     ,   4.40115881     ,           3
  0.592797041     ,   3.91558838     ,           2
   3.89008857E-02 ,   1.09370673     ,           2
  0.109484553     ,   1.28672147     ,           3
  0.167810231     ,   1.47166932     ,           3
  0.205237702     ,   1.60412312     ,           2
  0.410521746     ,   2.57348561     ,           1
  0.431943774     ,   2.70360827     ,           2
  0.114154525     ,   1.30063224     ,           3
  0.120063618     ,   1.31844985     ,           3
  0.111813329     ,   1.29363966     ,           2
  0.257478684     ,   1.80916703     ,           1
  0.383509815     ,   2.41829801     ,           3
  0.467520416     ,   2.93440747     ,           2
  0.431943774     ,   2.70360827     ,           2
  0.480967343     ,   3.02668571     ,           3
  0.610484064     ,   4.07834578     ,           1
 -0.167690143     ,  0.679688394     ,           3
  0.169140428     ,   1.47618377     ,           3
  0.370608836     ,   2.34751749     ,           2
  0.467520416     ,   2.93440747     ,           2
  0.555260658     ,   3.59137368     ,           2
 -0.152712032     ,  0.703538656     ,           3
  0.752948463     ,   5.66172075     ,           2
  0.713884056     ,   5.17468691     ,           3
  0.606819093     ,   4.04407406     ,           3
  0.691140831     ,   4.91067076     ,           3
  0.926493585     ,   8.44293785     ,           1
   1.03891623     ,   10.9374542     ,           2
   1.12606668     ,   13.3680077     ,           2
   1.16385543     ,   14.5832882     ,           3
   1.23521149     ,   17.1874523     ,           2
   1.15089035     ,   14.1543627     ,           2
  0.897038460     ,   7.88929987     ,           2
   1.21997154     ,   16.5947819     ,           2
   1.38133979     ,   24.0624504     ,           2
  0.926493585     ,   8.44293785     ,           2
  0.718579233     ,   5.23093367     ,           1
   1.05911982     ,   11.4582891     ,           3
   1.23521149     ,   17.1874523     ,           2
   1.23521149     ,   17.1874523     ,           3
   1.12606668     ,   13.3680077     ,           3
 -0.211975828     ,  0.613796175     ,           3
  0.889976501     ,   7.76205111     ,           2
   1.03891623     ,   10.9374542     ,           2
   1.12606668     ,   13.3680077     ,           2
   1.17721939     ,   15.0390167     ,           2
 -0.180980593     ,  0.659203351     ,           3
  0.542486191     ,   3.48727512     ,           3
  0.603184700     ,   4.01037264     ,           3
  0.718579233     ,   5.23093367     ,           3
  0.581995249     ,   3.81940079     ,           3
  0.124849439     ,   1.33305919     ,           2
  0.399062008     ,   2.50646710     ,           3
  0.156018376     ,   1.43224847     ,           3
   5.29445484E-02 ,   1.12965167     ,           2
  0.109484553     ,   1.28672147     ,           2
  -8.62902775E-02 ,  0.819803417     ,           1
  0.247791156     ,   1.76925790     ,           2
  0.326335877     ,   2.12000012     ,           3
  0.336009115     ,   2.16774964     ,           3
  -8.70295241E-02 ,  0.818409145     ,           3
 -0.395406961     ,  0.402339846     ,           3
  -3.02991383E-02 ,  0.932611704     ,           2
  0.225993484     ,   1.68264878     ,           3
 -0.393951863     ,  0.403690130     ,           2
 -0.102270320     ,  0.790186644     ,           2
  -8.70295241E-02 ,  0.818409145     ,           2
 -0.132420838     ,  0.737189531     ,           3
   2.23823395E-02 ,   1.05288839     ,           2
  -2.55905092E-02 ,  0.942778111     ,           2
  0.293808848     ,   1.96702027     ,           4
  0.160557225     ,   1.44729555     ,           2
  0.352931440     ,   2.25388336     ,           3
  0.454390526     ,   2.84702015     ,           1
  0.672448635     ,   4.70379782     ,           2
  0.330880761     ,   2.14230227     ,           1
  0.416125566     ,   2.60690713     ,           3
  0.602812111     ,   4.00693321     ,           1
  0.509130061     ,   3.22946095     ,           1
  0.421389908     ,   2.63869929     ,           2
  0.522291660     ,   3.32883024     ,           3
  0.454390526     ,   2.84702015     ,           3
  0.426718622     ,   2.67127514     ,           1
  -6.24150410E-03 ,  0.985731184     ,           3
  -4.68257517E-02 ,  0.897788942     ,           1
  0.410924256     ,   2.57587194     ,           1
  0.549875498     ,   3.54711699     ,           2
  0.836897135     ,   6.86905670     ,           2
  0.865385771     ,   7.33475733     ,           2
   1.22126567     ,   16.6443043     ,           3
  0.102200687     ,   1.26532090     ,           3
  0.590912759     ,   3.89863658     ,           3
  0.816693544     ,   6.55682373     ,           1
   1.27451134     ,   18.8153076     ,           3
   1.22126567     ,   16.6443043     ,           3
  0.937268019     ,   8.65501881     ,           3
   1.07993615     ,   12.0208759     ,           1
  0.542813599     ,   3.48990488     ,           2
  0.477871925     ,   3.00518990     ,           3
  0.571777582     ,   3.73059011     ,           2
  0.791139185     ,   6.18214512     ,           3
   1.07993615     ,   12.0208759     ,           1
   1.25602782     ,   18.0313339     ,           3
   1.22126567     ,   16.6443043     ,           2
   1.35748565     ,   22.7764320     ,           1
  0.895875216     ,   7.86819696     ,           2
   6.10376410E-02 ,   1.15090013     ,           3
   1.06803703     ,   11.6959906     ,           2
   1.07993615     ,   12.0208759     ,           3
  0.463047892     ,   2.90434289     ,           2
  0.627635956     ,   4.24263763     ,           3
  0.711957514     ,   5.15178251     ,           2
  0.711957514     ,   5.15178251     ,           1
   1.33520925     ,   21.6376095     ,           1
   1.49011147     ,   30.9108887     ,           1
   1.43211937     ,   27.0470200     ,           1
   1.25602782     ,   18.0313339     ,           1
   1.43211937     ,   27.0470200     ,           1
   1.43211937     ,   27.0470200     ,           1
   1.33520925     ,   21.6376095     ,           3
  0.830057621     ,   6.76172638     ,           3
  0.778904796     ,   6.01041937     ,           3
  0.691753924     ,   4.91760826     ,           1
  0.755423486     ,   5.69407892     ,           3
  0.437576711     ,   2.73890328     ,           1
   1.01298916     ,   10.3036032     ,           3
   1.25602782     ,   18.0313339     ,           1
   1.46014822     ,   28.8501587     ,           3
   1.73314977     ,   54.0940819     ,           2
   1.06803703     ,   11.6959906     ,           3
  0.937268019     ,   8.65501881     ,           3
  0.791139185     ,   6.18214512     ,           2
  0.343976349     ,   2.20788455     ,           2
   1.22126567     ,   16.6443043     ,           1
   1.15911770     ,   14.4250612     ,           3
  0.920234680     ,   8.32213306     ,           3
  0.920234680     ,   8.32213306     ,           3
  0.872809887     ,   7.46122026     ,           2
  0.937268019     ,   8.65501881     ,           3
  0.872809887     ,   7.46122026     ,           2
  0.843845963     ,   6.97984791     ,           3
  0.810162663     ,   6.45896101     ,           2
  0.711957514     ,   5.15178251     ,           2
  0.619202673     ,   4.16104746     ,           2
  0.645010173     ,   4.41580820     ,           3
  0.410924256     ,   2.57587194     ,           3
  0.895875216     ,   7.86819696     ,           1
  0.872809887     ,   7.46122026     ,           2
  0.706817806     ,   5.09117270     ,           1
  0.623398721     ,   4.20144558     ,           2
  0.755423486     ,   5.69407892     ,           2
  0.903844237     ,   8.01390553     ,           3
  0.535864711     ,   3.43450928     ,           1
  0.767005444     ,   5.84797430     ,           3
  0.928667903     ,   8.48531342     ,           1
  0.339567125     ,   2.18558216     ,           3
  0.502695858     ,   3.18196845     ,           3
  0.539325237     ,   3.46198535     ,           3
   1.03417850     ,   10.8187857     ,           2
   1.03417850     ,   10.8187857     ,           2
  0.954996884     ,   9.01564693     ,           2
  0.992785752     ,   9.83525753     ,           1
  0.836897135     ,   6.86905670     ,           2
  0.711957514     ,   5.15178251     ,           1
  0.992785752     ,   9.83525753     ,           1
   1.25602782     ,   18.0313339     ,           3
   1.29381657     ,   19.6705513     ,           3
  0.830057621     ,   6.76172638     ,           2
  0.483946145     ,   3.04751706     ,           2
  0.443109334     ,   2.77401853     ,           2
  0.380960584     ,   2.40414453     ,           1
  0.564353466     ,   3.66735911     ,           3
  0.681994081     ,   4.80832815     ,           1
  0.858086526     ,   7.21251154     ,           2
  0.903844237     ,   8.01390553     ,           1
   1.07993615     ,   12.0208759     ,           3
   1.07993615     ,   12.0208759     ,           1
  0.964140356     ,   9.20747089     ,           3
  0.371414989     ,   2.35187912     ,           2
  0.465972632     ,   2.92396808     ,           3
  0.571777582     ,   3.73059011     ,           1
  0.911962032     ,   8.16510963     ,           1
  0.946042061     ,   8.83165455     ,           1
  0.872809887     ,   7.46122026     ,           1
  0.903844237     ,   8.01390553     ,           2
   1.01298916     ,   10.3036032     ,           1
  0.496355683     ,   3.13585281     ,           2
  0.830057621     ,   6.76172638     ,           2
  0.903844237     ,   8.01390553     ,           3
  0.865385771     ,   7.33475733     ,           2
  0.858086526     ,   7.21251154     ,           1
  0.564353466     ,   3.66735911     ,           2
  0.515661001     ,   3.27839279     ,           3
  0.252415299     ,   1.78819668     ,           1
   1.10475981     ,   12.7279882     ,           1
   1.10475981     ,   12.7279882     ,           2
   1.22126567     ,   16.6443043     ,           1
   1.15911770     ,   14.4250612     ,           2
   1.01298916     ,   10.3036032     ,           2
  0.983025789     ,   9.61669350     ,           1
  0.872809887     ,   7.46122026     ,           2
  0.471881449     ,   2.96402216     ,           3
  0.460143059     ,   2.88498163     ,           3
  0.400704980     ,   2.51596713     ,           2
  0.903844237     ,   8.01390553     ,           2
   1.40579057     ,   25.4560242     ,           2
   1.15911770     ,   14.4250612     ,           1
   1.38096690     ,   24.0417919     ,           1
   1.22126567     ,   16.6443043     ,           2
   1.10475981     ,   12.7279882     ,           3
  0.385813147     ,   2.43115783     ,           2
  0.872809887     ,   7.46122026     ,           3
   1.10475981     ,   12.7279882     ,           2
   1.15911770     ,   14.4250612     ,           1
   1.15911770     ,   14.4250612     ,           1
   1.07993615     ,   12.0208759     ,           3
  0.858086526     ,   7.21251154     ,           2
  0.421389908     ,   2.63869929     ,           3
   8.96836668E-02 ,   1.22937298     ,           3
  0.107310258     ,   1.28029561     ,           2
  0.107310258     ,   1.28029561     ,           3
  0.983025789     ,   9.61669350     ,           1
   1.01298916     ,   10.3036032     ,           2
  0.755423486     ,   5.69407892     ,           1
  0.691753924     ,   4.91760826     ,           2
  0.619202673     ,   4.16104746     ,           4
  0.408346683     ,   2.56062913     ,           1
  0.416125566     ,   2.60690713     ,           1
  0.493219823     ,   3.11329174     ,           2
  0.465972632     ,   2.92396808     ,           1
  0.463047892     ,   2.90434289     ,           2
  0.306945384     ,   2.02742767     ,           3
  0.322958380     ,   2.10357690     ,           3
  0.818834722     ,   6.58923054     ,           2
  0.831799746     ,   6.78890562     ,           2
  0.988586605     ,   9.74062061     ,           2
  0.887916088     ,   7.72531271     ,           1
  0.634308934     ,   4.30832958     ,           1
  0.530767202     ,   3.39443278     ,           2
  0.150274783     ,   1.41343153     ,           3
  0.776282072     ,   5.97423220     ,           2
  0.831799746     ,   6.78890562     ,           1
  0.998131990     ,   9.95707989     ,           1
   1.04928470     ,   11.2017193     ,           3
  0.970103145     ,   9.33475971     ,           3
 -0.266716242     ,  0.541107774     ,           2
 -0.267764062     ,  0.539803803     ,           3
  0.590644002     ,   3.89622450     ,           3
  0.617918372     ,   4.14876032     ,           1
  0.617918372     ,   4.14876032     ,           1
  0.782111645     ,   6.05496550     ,           1
  0.988586605     ,   9.74062061     ,           3
  0.572160482     ,   3.73388076     ,           3
  0.642742097     ,   4.39280701     ,           1
  0.852003336     ,   7.11218977     ,           3
  0.918950498     ,   8.29756165     ,           1
  0.970103145     ,   9.33475971     ,           3
   1.01787615     ,   10.4202013     ,           1
  0.873192668     ,   7.46780062     ,           2
  0.794010997     ,   6.22315979     ,           1
  0.818834722     ,   6.58923054     ,           1
   1.00789189     ,   10.1833792     ,           2
  0.575794756     ,   3.76525807     ,           2
  0.550970912     ,   3.55607486     ,           3
   1.17422390     ,   14.9356422     ,           1
   1.11986601     ,   13.1785002     ,           1
   1.04928470     ,   11.2017193     ,           3
   1.00789189     ,   10.1833792     ,           1
   1.17422390     ,   14.9356422     ,           3
   1.18894720     ,   15.4506655     ,           3
   1.04928470     ,   11.2017193     ,           1
   1.07156122     ,   11.7912865     ,           2
  0.970103145     ,   9.33475971     ,           2
  0.486987770     ,   3.06893539     ,           2
   1.00789189     ,   10.1833792     ,           3
   1.35031557     ,   22.4034843     ,           1
   1.23637187     ,   17.2334366     ,           2
  0.988586605     ,   9.74062061     ,           2
   1.02809536     ,   10.6683044     ,           3
  0.759248614     ,   5.74445200     ,           2
  0.647020936     ,   4.43630028     ,           2
   1.09504235     ,   12.4463587     ,           3
   1.09504235     ,   12.4463587     ,           1
   1.27113414     ,   18.6695614     ,           1
   1.17422390     ,   14.9356422     ,           2
   1.27113414     ,   18.6695614     ,           2
   1.27113414     ,   18.6695614     ,           1
   1.37259197     ,   23.5826168     ,           3
   1.23637187     ,   17.2334366     ,           3
   1.23637187     ,   17.2334366     ,           3
   1.11986601     ,   13.1785002     ,           2
  0.831799746     ,   6.78890562     ,           1
  0.748253167     ,   5.60084009     ,           1
   1.07156122     ,   11.7912865     ,           1
   1.02809536     ,   10.6683044     ,           3
   1.14619505     ,   14.0021610     ,           1
   1.04928470     ,   11.2017193     ,           2
  -7.62156844E-02 ,  0.839043200     ,           1
   1.47525442     ,   29.8713226     ,           1
   1.57216454     ,   37.3391647     ,           1
   1.28961742     ,   19.4812794     ,           2
   1.30892277     ,   20.3667984     ,           3
   1.14619505     ,   14.0021610     ,           3
  0.903156161     ,   8.00121880     ,           2
   1.17422390     ,   14.9356422     ,           3
  0.988586605     ,   9.74062061     ,           3
  0.579459667     ,   3.79716635     ,           2
  0.759248614     ,   5.74445200     ,           1
  0.880491972     ,   7.59437418     ,           3
   1.42089677     ,   26.3570499     ,           1
   1.47525442     ,   29.8713226     ,           1
   1.44722569     ,   28.0043602     ,           2
   1.44722569     ,   28.0043602     ,           1
   1.57216454     ,   37.3391647     ,           1
   1.65134597     ,   44.8070107     ,           1
   1.74825597     ,   56.0087624     ,           2
   1.65134597     ,   44.8070107     ,           1
   1.80624795     ,   64.0100174     ,           2
   1.74825597     ,   56.0087624     ,           1
   1.74825597     ,   56.0087624     ,           2
   1.74825597     ,   56.0087624     ,           2
   2.04928613     ,   112.017578     ,           1
   1.65134597     ,   44.8070107     ,           1
   1.65134597     ,   44.8070107     ,           1
   1.65134597     ,   44.8070107     ,           1
   1.57216454     ,   37.3391647     ,           2
  0.431231737     ,   2.69917941     ,           3
  0.475249171     ,   2.98709607     ,           1
  0.866014063     ,   7.34537649     ,           1
  0.651342452     ,   4.48066473     ,           3
  0.988586605     ,   9.74062061     ,           2
   1.13283110     ,   13.5778522     ,           2
  0.970103145     ,   9.33475971     ,           3
   1.39607310     ,   24.8927631     ,           2
   1.74825597     ,   56.0087624     ,           1
   1.50521779     ,   32.0049934     ,           2
   1.50521779     ,   32.0049934     ,           3
   1.44722569     ,   28.0043602     ,           2
   1.65134597     ,   44.8070107     ,           3
   1.65134597     ,   44.8070107     ,           1
   1.69710338     ,   49.7855644     ,           2
   1.74825597     ,   56.0087624     ,           1
   1.87319481     ,   74.6783676     ,           2
   1.87319481     ,   74.6783676     ,           2
   1.80624795     ,   64.0100174     ,           3
   1.87319481     ,   74.6783676     ,           2
   1.74825597     ,   56.0087624     ,           2
   1.60995317     ,   40.7336388     ,           1
   1.27113414     ,   18.6695614     ,           2
   1.44722569     ,   28.0043602     ,           2
  0.461008549     ,   2.89073682     ,           1
  0.682859659     ,   4.81792068     ,           3
  0.706860185     ,   5.09166908     ,           1
  0.721924067     ,   5.27137661     ,           1
   1.07156122     ,   11.7912865     ,           3
   1.30892277     ,   20.3667984     ,           1
   1.39607310     ,   24.8927631     ,           1
   1.57216454     ,   37.3391647     ,           1
   1.53740227     ,   34.4669075     ,           1
   1.57216454     ,   37.3391647     ,           2
   1.39607310     ,   24.8927631     ,           2
   1.65134597     ,   44.8070107     ,           3
   1.57216454     ,   37.3391647     ,           3
   1.35031557     ,   22.4034843     ,           1
   1.17422390     ,   14.9356422     ,           3
   1.17422390     ,   14.9356422     ,           2
   1.10727692     ,   12.8019724     ,           2
   1.02809536     ,   10.6683044     ,           2
  0.831799746     ,   6.78890562     ,           1
  0.339584529     ,   2.18566966     ,           1
   1.08314323     ,   12.1099749     ,           4
   1.07156122     ,   11.7912865     ,           3
   1.20418715     ,   16.0024757     ,           3
   1.50521779     ,   32.0049934     ,           2
   1.57216454     ,   37.3391647     ,           2
   1.50521779     ,   32.0049934     ,           1
   1.74825597     ,   56.0087624     ,           3
   1.65134597     ,   44.8070107     ,           2
   1.57216454     ,   37.3391647     ,           1
   1.28961742     ,   19.4812794     ,           3
  0.511461854     ,   3.24684739     ,           2
  0.511461854     ,   3.24684739     ,           3
  0.903156161     ,   8.00121880     ,           3
   1.09504235     ,   12.4463587     ,           2
   1.30892277     ,   20.3667984     ,           3
   1.27113414     ,   18.6695614     ,           3
   1.44722569     ,   28.0043602     ,           2
   1.39607310     ,   24.8927631     ,           1
  0.918950498     ,   8.29756165     ,           3
   1.00789189     ,   10.1833792     ,           3
   1.23637187     ,   17.2334366     ,           3
   1.11986601     ,   13.1785002     ,           2
   1.08314323     ,   12.1099749     ,           1
   1.07156122     ,   11.7912865     ,           2
  0.979246616     ,   9.53337383     ,           3
  0.961148322     ,   9.14425468     ,           2
  0.759248614     ,   5.74445200     ,           3
  0.887916088     ,   7.72531271     ,           1
  0.782111645     ,   6.05496550     ,           2
  0.732264876     ,   5.39839792     ,           2
  0.692301393     ,   4.92381096     ,           3
  0.379497409     ,   2.39605856     ,           2
  0.638504982     ,   4.35015774     ,           3
  0.586883783     ,   3.86263561     ,           3
  0.706860185     ,   5.09166908     ,           3
  0.278425097     ,   1.89856339     ,           3
  0.547537625     ,   3.52807355     ,           2
  0.692301393     ,   4.92381096     ,           1
  0.461008549     ,   2.89073682     ,           3
  0.337471008     ,   2.17505884     ,           3
  0.540751576     ,   3.47337389     ,           3
  0.527489543     ,   3.36891079     ,           3
  0.447220087     ,   2.80040002     ,           3
  0.285849333     ,   1.93129814     ,           1
  0.372585267     ,   2.35822511     ,           3
  0.256884992     ,   1.80669558     ,           3
 -0.270892501     ,  0.535929322     ,           2
   6.47440106E-02 ,   1.16076422     ,           2
  -3.88687998E-02 ,  0.914389431     ,           3
  0.113513738     ,   1.29871464     ,           2
 -0.282680184     ,  0.521578670     ,           3
  -8.58770870E-03 ,  0.980420291     ,           3
   6.70001134E-02 ,   1.16680992     ,           3
  -7.78393224E-02 ,  0.835912228     ,           3
 -0.103788085     ,  0.787429929     ,           1
   1.08479392E-02 ,   1.02529287     ,           2
 -0.172805533     ,  0.671729565     ,           1
  0.927658021     ,   8.46560574     ,           3
   1.09795654     ,   12.5301561     ,           2
   1.08834040     ,   12.2557640     ,           2
  0.777886271     ,   5.99633980     ,           2
  0.876097441     ,   7.51791477     ,           3
  0.932797968     ,   8.56639290     ,           3
   1.16815877     ,   14.7285061     ,           3
   1.03942227     ,   10.9502068     ,           3
   1.36573005     ,   23.2129326     ,           2
   1.27567649     ,   18.8658524     ,           3
   1.08413386     ,   12.1376305     ,           2
   1.01913238     ,   10.4503870     ,           3
   1.38204372     ,   24.1014805     ,           3
   1.47947514     ,   30.1630440     ,           3
   1.45667863     ,   28.6205940     ,           3
   1.25658309     ,   18.0544014     ,           3
   1.74795210     ,   55.9695892     ,           2
   1.45667863     ,   28.6205940     ,           2
   1.71096826     ,   51.4006081     ,           2
   1.65297580     ,   44.9754791     ,           2
   1.52900600     ,   33.8069534     ,           3
   1.25658309     ,   18.0544014     ,           3
   1.58161902     ,   38.1609383     ,           3
   1.25348091     ,   17.9258976     ,           1
   1.40116048     ,   25.1860714     ,           3
   1.32927692     ,   21.3440571     ,           3
   1.56865382     ,   37.0385399     ,           3
   1.86968648     ,   74.0775375     ,           2
   1.26921833     ,   18.5873871     ,           3
   1.39469421     ,   24.8138561     ,           3
   1.40993440     ,   25.7000751     ,           3
   1.54685664     ,   35.2254524     ,           1
   1.61940813     ,   41.6301613     ,           2
   1.74795210     ,   55.9695892     ,           3
   1.39256012     ,   24.6922169     ,           3
   1.08308864     ,   12.1084538     ,           2
   1.37381017     ,   23.6488590     ,           2
   1.36773598     ,   23.3203964     ,           2
   1.11447215     ,   13.0158377     ,           3
   1.35583663     ,   22.6901093     ,           3
   1.27567649     ,   18.8658524     ,           2
   1.03008211     ,   10.7172184     ,           3
   1.04131484     ,   10.9980288     ,           3
   1.30251467     ,   20.0684891     ,           3
   1.05577719     ,   11.3704367     ,           3
   1.31479883     ,   20.6442356     ,           2
   1.19432974     ,   15.6433496     ,           3
   1.03753817     ,   10.9028034     ,           3
   1.19298315     ,   15.5949173     ,           3
   1.29056847     ,   19.5239830     ,           3
   1.38832295     ,   24.4524822     ,           3
   1.41663325     ,   26.0995655     ,           3
   1.30424845     ,   20.1487656     ,           3
  0.818506956     ,   6.58425951     ,           2
   1.15073431     ,   14.1492786     ,           2
   1.35976684     ,   22.8963833     ,           3
   1.35000694     ,   22.3875713     ,           2
   1.24886882     ,   17.7365360     ,           3
   1.16815877     ,   14.7285061     ,           2
  0.912593484     ,   8.17699051     ,           3
  0.964189589     ,   9.20851517     ,           3
  0.842431545     ,   6.95715237     ,           3
  0.995460629     ,   9.89602184     ,           3
   1.19164050     ,   15.5467825     ,           3
   1.30078781     ,   19.9888477     ,           3
   1.18235731     ,   15.2179909     ,           2
   1.26921833     ,   18.5873871     ,           3
  0.219837412     ,   1.65896571     ,           3
   3.38646173E-02 ,   1.08109689     ,           3
  0.408598423     ,   2.56211376     ,           1
  0.277594268     ,   1.89493477     ,           3
  0.632169008     ,   4.28715324     ,           1
  0.219837412     ,   1.65896571     ,           2
  0.421641648     ,   2.64022923     ,           2
  0.803984046     ,   6.36772108     ,           2
  0.750001550     ,   5.62343311     ,           2
  0.478124619     ,   3.00693893     ,           3
   6.53429553E-02 ,   1.16236615     ,           1
  0.904100299     ,   8.01863194     ,           4
   1.09867656     ,   12.5509481     ,           2
   1.08019292     ,   12.0279865     ,           2
  0.658767283     ,   4.55792618     ,           3
   1.02371120     ,   10.5611506     ,           3
   1.22152293     ,   16.6541672     ,           3
   1.17409801     ,   14.9313145     ,           1
   1.18933809     ,   15.4645777     ,           3
  0.627890110     ,   4.24512148     ,           2
   1.22152293     ,   16.6541672     ,           2
  0.522544801     ,   3.33077121     ,           2
  0.844101727     ,   6.98396015     ,           2
   1.52255392     ,   33.3084068     ,           1
   1.76143646     ,   57.7346306     ,           2
   1.82358432     ,   66.6168823     ,           3
   1.89613521     ,   78.7290802     ,           2
   2.03443789     ,   108.252510     ,           2
   1.73340762     ,   54.1262093     ,           2
   1.85834658     ,   72.1683121     ,           3
   1.68225503     ,   48.1121826     ,           1
   1.79139972     ,   61.8585472     ,           2
   1.38122427     ,   24.0560493     ,           2
   1.15937471     ,   14.4336014     ,           2
  0.499766976     ,   3.16058135     ,           2
  0.328986526     ,   2.13297868     ,           1
  0.412470460     ,   2.58505893     ,           2
  0.496608436     ,   3.13767838     ,           3
   1.61530805     ,   41.2389984     ,           3
   1.82358432     ,   66.6168823     ,           3
   1.85834658     ,   72.1683121     ,           3
   1.93752789     ,   86.6019821     ,           3
   1.93752789     ,   86.6019821     ,           2
   1.93752789     ,   86.6019821     ,           1
   1.89613521     ,   78.7290802     ,           1
   1.89613521     ,   78.7290802     ,           1
   1.68225503     ,   48.1121826     ,           2
   1.20513248     ,   16.0373440     ,           3
   1.17409801     ,   14.9313145     ,           3
  0.270992249     ,   1.86634636     ,           2
   1.59510481     ,   39.3645020     ,           1
  0.437828869     ,   2.74049401     ,           1
  0.490359366     ,   3.09285355     ,           3
  0.830313265     ,   6.76570845     ,           1
   1.49036908     ,   30.9292297     ,           4
   1.57579947     ,   37.6529884     ,           2
   1.68225503     ,   48.1121826     ,           3
   1.79139972     ,   61.8585472     ,           1
   1.73340762     ,   54.1262093     ,           3
   1.82358432     ,   66.6168823     ,           1
   1.70707870     ,   50.9423218     ,           2
   1.50616348     ,   32.0747604     ,           3
  0.791394711     ,   6.18578386     ,           1
   1.14513421     ,   13.9679976     ,           1
   1.16667390     ,   14.6782379     ,           1
   1.57579947     ,   37.6529884     ,           1
   1.63649750     ,   43.3009529     ,           2
   1.79139972     ,   61.8585472     ,           1
   1.79139972     ,   61.8585472     ,           2
   1.65877402     ,   45.5799637     ,           3
   1.52255392     ,   33.3084068     ,           3
  0.820251942     ,   6.61076784     ,           3
  0.851163745     ,   7.09845304     ,           2
   1.12461233     ,   13.3233156     ,           2
   1.18933809     ,   15.4645777     ,           1
   1.17409801     ,   14.9313145     ,           1
   1.04543054     ,   11.1027498     ,           1
   1.18933809     ,   15.4645777     ,           3
   2.03443789     ,   108.252510     ,           1
   1.85834658     ,   72.1683121     ,           1
   1.76143646     ,   57.7346306     ,           1
   1.89613521     ,   78.7290802     ,           2
   1.79139972     ,   61.8585472     ,           3
   1.02371120     ,   10.5611506     ,           2
   1.63649750     ,   43.3009529     ,           3
   1.79139972     ,   61.8585472     ,           2
   1.82358432     ,   66.6168823     ,           2
   1.79139972     ,   61.8585472     ,           1
   1.85834658     ,   72.1683121     ,           2
   1.13134575     ,   13.5314960     ,           2
  0.964396715     ,   9.21290779     ,           3
  0.813671410     ,   6.51135588     ,           2
  0.654219627     ,   4.51044750     ,           2
  0.861976743     ,   7.27740812     ,           1
   1.35774314     ,   22.7899399     ,           2
   1.63649750     ,   43.3009529     ,           3
   1.02371120     ,   10.5611506     ,           3
  0.908140242     ,   8.09357262     ,           1
  0.807189226     ,   6.41488981     ,           2
  0.959800899     ,   9.11592865     ,           3
   1.31427729     ,   20.6194630     ,           1
   1.20513248     ,   16.0373440     ,           1
   1.27476871     ,   18.8264599     ,           1
   1.13134575     ,   13.5314960     ,           2
  0.896131337     ,   7.87283802     ,           2
   1.09242737     ,   12.3716440     ,           1
   1.10501671     ,   12.7355194     ,           3
   1.00810599     ,   10.1884012     ,           2
   1.10501671     ,   12.7355194     ,           2
  0.983282268     ,   9.62237453     ,           1
  0.920490861     ,   8.32704353     ,           3
  0.506154001     ,   3.20740652     ,           3
  0.302027673     ,   2.00459981     ,           3
  0.611184120     ,   4.08492517     ,           1
  0.904100299     ,   8.01863194     ,           2
  0.993042111     ,   9.84106541     ,           3
   1.03989804     ,   10.9622087     ,           2
  0.320511788     ,   2.09175968     ,           1
  0.448965609     ,   2.81167817     ,           2
  0.623653054     ,   4.20390654     ,           3
  0.803984046     ,   6.36772108     ,           2
  0.873065710     ,   7.46561670     ,           3
  0.254462510     ,   1.79664600     ,           2
  0.617373765     ,   4.14356136     ,           1
  0.747190475     ,   5.58715200     ,           3
  0.551912546     ,   3.56379318     ,           2
  0.611184120     ,   4.08492517     ,           3
  0.557307720     ,   3.60834169     ,           3
  0.415071070     ,   2.60058498     ,           2
  0.279499233     ,   1.90326476     ,           2
  0.338722348     ,   2.18133497     ,           1
  -8.00519288E-02 ,  0.831664324     ,           3
  0.126588061     ,   1.33840656     ,           3
  0.191624090     ,   1.55461943     ,           3
   1.47834914E-02 ,   1.03462625     ,           3
  0.419082940     ,   2.62471986     ,           3
  0.400677443     ,   2.51580763     ,           4
   2.98654959E-02 ,   1.07118750     ,           2
  -6.18004911E-02 ,  0.867360234     ,           2
  0.320294559     ,   2.09071374     ,           3
  0.499395192     ,   3.15787697     ,           2
  0.542147875     ,   3.48455930     ,           2
  0.335534990     ,   2.16538429     ,           2
  0.649159610     ,   4.45820093     ,           3
  0.692793965     ,   4.92939901     ,           3
  0.725794554     ,   5.31856632     ,           1
  0.537184358     ,   3.44496131     ,           2
  0.963157296     ,   9.18665218     ,           2
  0.600854337     ,   3.98891091     ,           3
  0.542147875     ,   3.48455930     ,           3
  0.649159610     ,   4.45820093     ,           2
  0.809572339     ,   6.45018768     ,           1
  0.901887298     ,   7.97787666     ,           3
  0.950192273     ,   8.91645622     ,           1
   1.05030811     ,   11.2281466     ,           2
  0.490440100     ,   3.09342861     ,           3
   1.18064225     ,   15.1580124     ,           3
   1.30558145     ,   20.2107029     ,           1
   1.40249169     ,   25.2633934     ,           2
   1.30558145     ,   20.2107029     ,           2
   1.33554471     ,   21.6543293     ,           3
   1.55225432     ,   35.6659927     ,           3
   1.33554471     ,   21.6543293     ,           2
   1.11994421     ,   13.1808748     ,           3
   1.15945292     ,   14.4362011     ,           3
  0.753315926     ,   5.66651344     ,           2
   1.08373189     ,   12.1264000     ,           3
   1.33554471     ,   21.6543293     ,           2
   1.48167312     ,   30.3160839     ,           2
   1.42097509     ,   26.3618011     ,           2
   1.44028032     ,   27.5600719     ,           2
   1.57858324     ,   37.8951111     ,           2
   1.52743065     ,   33.6845436     ,           1
   1.70352209     ,   50.5268364     ,           3
   1.55225432     ,   35.6659927     ,           3
   1.48167312     ,   30.3160839     ,           3
   1.52743065     ,   33.6845436     ,           3
   1.50394952     ,   31.9116707     ,           2
   1.48167312     ,   30.3160839     ,           1
   1.42097509     ,   26.3618011     ,           3
   1.57858324     ,   37.8951111     ,           1
   1.25122356     ,   17.8329659     ,           1
   1.23863447     ,   17.3234520     ,           2
  0.562589288     ,   3.65249228     ,           3
   1.06669843     ,   11.6599979     ,           2
   1.63657522     ,   43.3087120     ,           2
   1.70352209     ,   50.5268364     ,           3
   1.87961352     ,   75.7902832     ,           1
   2.00455236     ,   101.053741     ,           1
   1.82846105     ,   67.3691483     ,           2
   1.70352209     ,   50.5268364     ,           1
   1.63657522     ,   43.3087120     ,           1
   1.57858324     ,   37.8951111     ,           3
   1.57858324     ,   37.8951111     ,           3
   1.66875994     ,   46.6401482     ,           2
   1.63657522     ,   43.3087120     ,           1
   1.40249169     ,   25.2633934     ,           2
   1.40249169     ,   25.2633934     ,           3
   1.32030475     ,   20.9076271     ,           2
   1.03451371     ,   10.8271379     ,           3
   1.30558145     ,   20.2107029     ,           2
   1.05030811     ,   11.2281466     ,           2
   1.10146081     ,   12.6316700     ,           1
   1.40249169     ,   25.2633934     ,           2
   1.87961352     ,   75.7902832     ,           2
   1.82846105     ,   67.3691483     ,           1
   1.23863447     ,   17.3234520     ,           3
   1.12948954     ,   13.4737825     ,           3
  0.522625387     ,   3.33138943     ,           2
  0.618345261     ,   4.15284061     ,           3
   1.36772943     ,   23.3200493     ,           2
   1.29134095     ,   19.5587444     ,           2
   1.21450078     ,   16.3870506     ,           3
   1.25122356     ,   17.8329659     ,           3
  0.131408542     ,   1.35334504     ,           2
  0.696339309     ,   4.96980429     ,           3
  0.682328463     ,   4.81203175     ,           3
  0.749275923     ,   5.61404562     ,           3
  0.642819464     ,   4.39358950     ,           3
  0.201764062     ,   1.59134400     ,           3
  0.624335706     ,   4.21051979     ,           3
  0.464632452     ,   2.91495895     ,           1
  0.890606165     ,   7.77331352     ,           2
  0.769862592     ,   5.88657379     ,           3
  0.332443714     ,   2.15002608     ,           3
  0.308476031     ,   2.03458595     ,           2
  0.116167843     ,   1.30667579     ,           3
  0.725794554     ,   5.31856632     ,           2
   1.08373189     ,   12.1264000     ,           2
  0.823658943     ,   6.66283369     ,           1
  0.874215722     ,   7.48541212     ,           1
  0.885073662     ,   7.67491722     ,           2
  0.391759157     ,   2.46467209     ,           1
  0.182805344     ,   1.52336979     ,           2
  -9.46968421E-02 ,  0.804087222     ,           3
  0.420967072     ,   2.63613153     ,           3
  0.990309775     ,   9.77934551     ,           2
  0.937603116     ,   8.66169930     ,           3
  0.774099708     ,   5.94428635     ,           2
   1.01927364     ,   10.4537878     ,           2
  0.191624090     ,   1.55461943     ,           2
  -1.52801657E-02 ,  0.965427876     ,           3
 -0.151322648     ,  0.705793023     ,           3
  0.266817242     ,   1.84849060     ,           2
  0.499395192     ,   3.15787697     ,           3
   7.76762441E-02 ,   1.19584870     ,           3
  0.189402580     ,   1.54668748     ,           2
  0.213995188     ,   1.63679838     ,           2
   8.19266662E-02 ,   1.20760989     ,           3
  0.357269108     ,   2.27650762     ,           3
  0.453767478     ,   2.84293842     ,           3
  0.410299987     ,   2.57217193     ,           3
  0.726646364     ,   5.32900810     ,           2
  0.773922265     ,   5.94185781     ,           4
  0.810134947     ,   6.45854855     ,           3
  0.513844430     ,   3.26470852     ,           3
  0.967745006     ,   9.28421116     ,           3
  0.935075521     ,   8.61143494     ,           3
   1.05792260     ,   11.4267473     ,           3
   1.05792260     ,   11.4267473     ,           2
   1.00307333     ,   10.0710163     ,           3
  0.819680452     ,   6.60207558     ,           2
  0.748615861     ,   5.60551977     ,           3
  0.910601437     ,   8.13956928     ,           3
  0.814881444     ,   6.52952290     ,           3
   1.18846631     ,   15.4335642     ,           2
   1.05792260     ,   11.4267473     ,           3
   1.19989574     ,   15.8451281     ,           2
   1.23610818     ,   17.2229767     ,           3
   1.04153204     ,   11.0035315     ,           2
  0.528403580     ,   3.37600899     ,           2
  0.527171612     ,   3.36644530     ,           1
  0.533367217     ,   3.41481543     ,           2
  0.901767850     ,   7.97568226     ,           3
   1.35068202     ,   22.4223938     ,           3
   1.01049745     ,   10.2446575     ,           3
   1.39371681     ,   24.7580738     ,           3
   1.24244833     ,   17.4762554     ,           2
   1.14045811     ,   13.8184118     ,           3
   1.34256423     ,   22.0071697     ,           2
   1.34256423     ,   22.0071697     ,           2
   1.12071395     ,   13.2042551     ,           3
   1.49517488     ,   31.2733879     ,           2
   1.49517488     ,   31.2733879     ,           2
   1.19414341     ,   15.6366386     ,           3
  0.668409824     ,   4.66025686     ,           3
   1.26204407     ,   18.2828560     ,           1
   1.43150556     ,   27.0088177     ,           3
   1.31152976     ,   20.4894257     ,           3
   1.15067744     ,   14.1474247     ,           3
   1.49517488     ,   31.2733879     ,           3
   1.49517488     ,   31.2733879     ,           3
   1.62780082     ,   42.4424858     ,           3
   1.73253644     ,   54.0177422     ,           3
   1.71323121     ,   51.6691360     ,           3
   1.59783757     ,   39.6129837     ,           3
   1.58359718     ,   38.3351479     ,           3
   1.14553773     ,   13.9809828     ,           3
   1.37598801     ,   23.7677441     ,           3
   1.32676971     ,   21.2211895     ,           3
   1.32676971     ,   21.2211895     ,           3
   1.73253644     ,   54.0177422     ,           1
   1.87083936     ,   74.2744293     ,           2
   1.73253644     ,   54.0177422     ,           3
   1.58359718     ,   38.3351479     ,           3
  0.807781100     ,   6.42363834     ,           2
  0.805439830     ,   6.38910151     ,           3
   1.34256423     ,   22.0071697     ,           2
   1.39371681     ,   24.7580738     ,           3
   1.18286228     ,   15.2356968     ,           3
   1.49517488     ,   31.2733879     ,           2
   1.87083936     ,   74.2744293     ,           2
   1.92883134     ,   84.8850784     ,           3
   1.87083936     ,   74.2744293     ,           1
   1.89886820     ,   79.2260818     ,           1
   1.69474769     ,   49.5162430     ,           3
  0.705735028     ,   5.07849503     ,           2
   1.69474769     ,   49.5162430     ,           3
   1.69474769     ,   49.5162430     ,           4
   1.73253644     ,   54.0177422     ,           2
   1.84451044     ,   69.9053497     ,           3
   1.99577832     ,   99.0326233     ,           1
   1.77392912     ,   59.4195251     ,           2
   1.73253644     ,   54.0177422     ,           3
   1.73253644     ,   54.0177422     ,           2
   1.42174566     ,   26.4086151     ,           3
   1.43150556     ,   27.0088177     ,           3
   1.05792260     ,   11.4267473     ,           1
   1.04964995     ,   11.2111444     ,           1
  0.916591763     ,   8.25261879     ,           3
  0.778287053     ,   6.00187635     ,           2
  0.744537890     ,   5.55313063     ,           3
  0.931939781     ,   8.54948139     ,           3
  0.981533408     ,   9.58370495     ,           3
   1.01425755     ,   10.3337412     ,           3
   1.04153204     ,   11.0035315     ,           3
   1.45170903     ,   28.2949543     ,           3
   1.51865602     ,   33.0107994     ,           3
   1.69474769     ,   49.5162430     ,           3
  0.466418236     ,   2.92696977     ,           4
  0.862766027     ,   7.29064608     ,           3
   1.03356302     ,   10.8034630     ,           3
   1.40286016     ,   25.2848396     ,           3
   1.35895455     ,   22.8535957     ,           2
   1.41220045     ,   25.8345203     ,           3
  0.881829262     ,   7.61779547     ,           2
   1.17186689     ,   14.8548021     ,           2
   1.21762455     ,   16.5053444     ,           3
   1.29680634     ,   19.8064384     ,           1
  0.824532986     ,   6.67625570     ,           3
  0.523496151     ,   3.33807540     ,           3
  0.744537890     ,   5.55313063     ,           2
   1.07495618     ,   11.8838215     ,           2
   1.12071395     ,   13.2042551     ,           2
  0.656648517     ,   4.53574371     ,           3
  0.780486107     ,   6.03234386     ,           1
  0.862766027     ,   7.29064608     ,           3
   1.16114295     ,   14.4924870     ,           1
   1.41220045     ,   25.8345203     ,           1
   1.22985911     ,   16.9769287     ,           3
   1.12556648     ,   13.3526211     ,           1
  0.876296580     ,   7.52136374     ,           2
   1.10647333     ,   12.7783079     ,           3
   1.38476205     ,   24.2528057     ,           3
   1.21762455     ,   16.5053444     ,           1
  0.491746306     ,   3.10274649     ,           3
  0.210420400     ,   1.62338078     ,           1
   1.01049745     ,   10.2446575     ,           3
   1.24244833     ,   17.4762554     ,           3
  0.995774031     ,   9.90316582     ,           2
  0.307039589     ,   2.02786756     ,           3
  0.209235370     ,   1.61895716     ,           3
  0.505856156     ,   3.20520759     ,           2
  0.336544901     ,   2.17042565     ,           2
   1.05238831     ,   11.2820568     ,           3
  0.712642491     ,   5.15991402     ,           3
  0.957937181     ,   9.07689285     ,           3
  0.995009184     ,   9.88573933     ,           3
   1.00150764     ,   10.0347748     ,           3
   1.35588229     ,   22.6924992     ,           3
   1.18977368     ,   15.4800968     ,           3
   1.14502692     ,   13.9645481     ,           3
  0.845512450     ,   7.00668287     ,           3
   1.01705980     ,   10.4006348     ,           1
   1.22118258     ,   16.6411190     ,           3
   1.29604304     ,   19.7716579     ,           3
   1.25897145     ,   18.1539631     ,           2
   1.30036461     ,   19.9693794     ,           3
   1.28333104     ,   19.2013187     ,           2
   1.23590589     ,   17.2149563     ,           2
   1.18309212     ,   15.2437611     ,           3
  0.663863778     ,   4.61172915     ,           1
   1.15114391     ,   14.1626282     ,           3
   1.37608588     ,   23.7731056     ,           2
   1.28333104     ,   19.2013187     ,           3
  0.665874422     ,   4.63312912     ,           1
   1.38128710     ,   24.0595284     ,           3
   1.37094617     ,   23.4934177     ,           2
   1.17651165     ,   15.0145273     ,           3
   1.32723689     ,   21.2440300     ,           3
  0.963900328     ,   9.20238304     ,           2
   1.04994154     ,   11.2186728     ,           3
   1.72058344     ,   52.5512886     ,           3
   1.63760889     ,   43.4119072     ,           3
   1.29604304     ,   19.7716579     ,           2
   1.12427139     ,   13.3128595     ,           3
  0.976077795     ,   9.46406651     ,           3
   1.28333104     ,   19.2013187     ,           2
   1.43113387     ,   26.9857082     ,           3
   1.61017048     ,   40.7540207     ,           3
   1.67711759     ,   47.5463905     ,           2
   1.97814834     ,   95.0929489     ,           2
   1.90242743     ,   79.8780518     ,           2
   2.18642449     ,   153.611786     ,           1
   1.90242743     ,   79.8780518     ,           2
   1.73216534     ,   53.9716072     ,           2
   1.38655138     ,   24.3529396     ,           2
  0.781841695     ,   6.05120230     ,           1
  0.963900328     ,   9.20238304     ,           3
   1.51503623     ,   32.7367973     ,           1
   1.72058344     ,   52.5512886     ,           1
   1.95794487     ,   90.7705383     ,           2
   1.88539398     ,   76.8058014     ,           3
   1.85320938     ,   71.3196793     ,           1
   2.09624791     ,   124.809547     ,           1
   2.04509521     ,   110.941811     ,           2
   2.06991887     ,   117.467819     ,           2
   1.97814834     ,   95.0929489     ,           2
   1.55217826     ,   35.6597481     ,           3
   1.06991291     ,   11.7466211     ,           2
   1.12717628     ,   13.4022064     ,           2
  0.821790278     ,   6.63422585     ,           1
   1.90242743     ,   79.8780518     ,           2
   1.86900353     ,   73.9611359     ,           3
   1.37608588     ,   23.7731056     ,           3
   1.06736565     ,   11.6779251     ,           3
  0.629177392     ,   4.25772285     ,           3
  0.905907094     ,   8.05206203     ,           3
   1.52221489     ,   33.2824211     ,           3
   1.66689837     ,   46.4406548     ,           2
  0.603119791     ,   4.00977325     ,           3
   1.01932776     ,   10.4550886     ,           1
   1.04508901     ,   11.0940199     ,           3
   1.65691411     ,   45.3851852     ,           3
   1.83796930     ,   68.8603668     ,           3
   1.90242743     ,   79.8780518     ,           2
   1.88539398     ,   76.8058014     ,           1
   1.82324600     ,   66.5650177     ,           3
   1.54449141     ,   35.0341339     ,           2
   1.52221489     ,   33.2824211     ,           3
   1.82324600     ,   66.5650177     ,           3
   1.65691411     ,   45.3851852     ,           3
  0.961903453     ,   9.16016865     ,           3
   1.14200032     ,   13.8675690     ,           1
   1.17325842     ,   14.9024754     ,           1
   1.21757841     ,   16.5035896     ,           3
   1.22481692     ,   16.7809658     ,           3
   1.16682422     ,   14.6833172     ,           3
  0.832009673     ,   6.79218769     ,           3
  0.651016235     ,   4.47730017     ,           3
   1.08817446     ,   12.2510834     ,           3
   1.13899493     ,   13.7719336     ,           2
  0.888738751     ,   7.73996067     ,           1
   1.09624219     ,   12.4807949     ,           2
   1.06483340     ,   11.6100311     ,           3
  0.833489418     ,   6.81536961     ,           3
  0.978140950     ,   9.50913429     ,           3
  0.990730345     ,   9.78882027     ,           3
   1.19999301     ,   15.8486767     ,           3
  0.978140950     ,   9.50913429     ,           3
   1.11541259     ,   13.0440550     ,           1
   1.21320295     ,   16.3381519     ,           3
   1.13055944     ,   13.5070162     ,           3
   1.53215253     ,   34.0527763     ,           2
   1.47444534     ,   29.8157253     ,           3
   1.15768361     ,   14.3775063     ,           3
   1.08335149     ,   12.1157827     ,           2
   1.97206175     ,   93.7695312     ,           3
   1.59871960     ,   39.6935158     ,           2
   2.12967038     ,   134.793930     ,           3
   2.33379102     ,   215.670670     ,           1
   2.36375451     ,   231.075775     ,           2
   2.63482165     ,   431.341919     ,           1
   2.41297245     ,   258.804901     ,           2
   2.02558136     ,   106.067245     ,           3
   2.50988269     ,   323.506256     ,           3
   2.81091309     ,   647.013184     ,           2
   2.76952052     ,   588.193787     ,           1
   2.73173165     ,   539.177490     ,           1
   2.50988269     ,   323.506256     ,           1
   2.31955051     ,   208.713516     ,           3
   1.53674841     ,   34.4150505     ,           3
   1.45296979     ,   28.3772182     ,           1
   2.25460958     ,   179.725464     ,           3
   2.50988269     ,   323.506256     ,           3
   2.58046389     ,   380.595764     ,           2
   2.55564022     ,   359.451447     ,           2
   2.60679293     ,   404.382965     ,           2
   1.93009698     ,   85.1328125     ,           1
   1.94167888     ,   87.4337082     ,           2
   1.83318615     ,   68.1061249     ,           3
   2.13881373     ,   137.661926     ,           2
   2.29239821     ,   196.064209     ,           3
   2.39593911     ,   248.850861     ,           2
   2.48869348     ,   308.101196     ,           3
   2.44918466     ,   281.309723     ,           2
   2.60679293     ,   404.382965     ,           1
   2.20885181     ,   161.752838     ,           3
   2.34851432     ,   223.107620     ,           3
   2.33379102     ,   215.670670     ,           3
   1.56048656     ,   36.3485069     ,           2
   1.38115072     ,   24.0519772     ,           3
   1.77348280     ,   59.3584862     ,           2
   2.27943325     ,   190.297546     ,           2
   2.13881373     ,   137.661926     ,           3
   2.13881373     ,   137.661926     ,           3
   1.60139215     ,   39.9385414     ,           3
   1.99799764     ,   99.5399933     ,           2
   1.43983650     ,   27.5319233     ,           3
   1.56539404     ,   36.7615662     ,           3
   1.54608846     ,   35.1632080     ,           2
   1.62057579     ,   41.7422447     ,           3
   1.51643968     ,   32.8427582     ,           3
   1.13603401     ,   13.6783590     ,           3
   1.43799233     ,   27.4152584     ,           1
  0.412688404     ,   2.58635664     ,           1
  0.572755337     ,   3.73899889     ,           2
  0.614857376     ,   4.11962223     ,           3
  0.730365455     ,   5.37483883     ,           3
  0.670257330     ,   4.68012333     ,           3
  0.812270403     ,   6.49038458     ,           2
  0.647242665     ,   4.43856573     ,           1
  0.697695971     ,   4.98535347     ,           1
  0.346206635     ,   2.21925211     ,           3
  0.328365326     ,   2.12993002     ,           1
  0.246500611     ,   1.76400828     ,           2
  0.450181007     ,   2.81955791     ,           3
  0.855305493     ,   7.16647291     ,           2
  0.893094242     ,   7.81797409     ,           3
  0.873789012     ,   7.47806120     ,           3
  0.697695971     ,   4.98535347     ,           3
  0.945482731     ,   8.82028770     ,           3
  0.986319244     ,   9.68989849     ,           3
  0.998728573     ,   9.97076702     ,           2
   1.01803386     ,   10.4239864     ,           3
  0.962516189     ,   9.17310143     ,           3
   1.03823745     ,   10.9203720     ,           2
  0.898057699     ,   7.90783739     ,           3
   1.03139794     ,   10.7497387     ,           3
   1.20411015     ,   15.9996395     ,           3
   1.05942690     ,   11.4663944     ,           2
   1.07415020     ,   11.8617887     ,           2
   1.05942690     ,   11.4663944     ,           2
  0.765693784     ,   5.83033895     ,           2
  0.379687369     ,   2.39710665     ,           2
  0.707241416     ,   5.09614038     ,           3
   1.00506890     ,   10.1173992     ,           3
   1.26937735     ,   18.5941925     ,           2
   1.26937735     ,   18.5941925     ,           3
   1.42260599     ,   26.4609852     ,           2
   1.58230722     ,   38.2214508     ,           3
   1.36045790     ,   22.9328461     ,           2
   1.25779533     ,   18.1048679     ,           2
   1.25779533     ,   18.1048679     ,           2
   1.39042127     ,   24.5709114     ,           2
   1.39042127     ,   24.5709114     ,           1
   1.09721553     ,   12.5087976     ,           1
  0.773117900     ,   5.93086290     ,           3
   1.07415020     ,   11.8617887     ,           2
   1.31906521     ,   20.8480396     ,           2
   1.43963933     ,   27.5194263     ,           1
   1.53654957     ,   34.3992996     ,           2
   1.58230722     ,   38.2214508     ,           3
   1.66148865     ,   45.8657608     ,           2
   1.66148865     ,   45.8657608     ,           3
   1.42260599     ,   26.4609852     ,           2
   1.36045790     ,   22.9328461     ,           3
  0.527942300     ,   3.37242484     ,           2
   1.01803386     ,   10.4239864     ,           1
  0.475843608     ,   2.99118733     ,           2
  0.536542654     ,   3.43987513     ,           1
  0.563415289     ,   3.65944529     ,           1
  0.962516189     ,   9.17310143     ,           2
   1.23551881     ,   17.1996174     ,           2
   1.36045790     ,   22.9328461     ,           3
   1.40621555     ,   25.4809456     ,           2
   1.49515676     ,   31.2720852     ,           2
   1.66148865     ,   45.8657608     ,           3
   1.75839877     ,   57.3322105     ,           2
   1.99248207     ,   98.2838287     ,           2
   1.69145191     ,   49.1418915     ,           1
   1.69145191     ,   49.1418915     ,           1
   1.69145191     ,   49.1418915     ,           2
   1.69145191     ,   49.1418915     ,           2
   1.53654957     ,   34.3992996     ,           1
   1.53654957     ,   34.3992996     ,           2
   1.25779533     ,   18.1048679     ,           3
   1.20411015     ,   15.9996395     ,           3
  0.980245054     ,   9.55531597     ,           3
  0.429330468     ,   2.68738866     ,           1
  0.923763335     ,   8.39002705     ,           3
   1.26937735     ,   18.5941925     ,           2
   1.83757997     ,   68.7986603     ,           1
   1.93449008     ,   85.9983444     ,           2
   2.05942893     ,   114.664497     ,           1
   2.23552036     ,   171.996780     ,           2
   1.93449008     ,   85.9983444     ,           3
   1.99248207     ,   98.2838287     ,           3
   2.13861012     ,   137.597382     ,           1
   2.05942893     ,   114.664497     ,           3
   2.23552036     ,   171.996780     ,           2
   1.83757997     ,   68.7986603     ,           3
   1.63345981     ,   42.9991379     ,           3
   1.58230722     ,   38.2214508     ,           1
   1.15633726     ,   14.3330040     ,           1
   1.39042127     ,   24.5709114     ,           2
  0.968345761     ,   9.29706287     ,           3
   1.00506890     ,   10.1173992     ,           2
   1.07415020     ,   11.8617887     ,           1
   1.18436611     ,   15.2885418     ,           3
   1.88333750     ,   76.4429626     ,           1
   1.83757997     ,   68.7986603     ,           1
   2.05942893     ,   114.664497     ,           1
   2.23552036     ,   171.996780     ,           1
   2.05942893     ,   114.664497     ,           2
   2.13861012     ,   137.597382     ,           2
   1.83757997     ,   68.7986603     ,           3
   1.88333750     ,   76.4429626     ,           2
   1.75839877     ,   57.3322105     ,           2
   1.75839877     ,   57.3322105     ,           3
   1.60713089     ,   40.4697838     ,           3
   1.69145191     ,   49.1418915     ,           2
   1.39042127     ,   24.5709114     ,           3
   1.33242917     ,   21.4995422     ,           2
   1.08939028     ,   12.2854261     ,           1
  0.873789012     ,   7.47806120     ,           3
  0.527942300     ,   3.37242484     ,           2
   1.19412601     ,   15.6360121     ,           3
   1.40621555     ,   25.4809456     ,           2
   1.72363651     ,   52.9220238     ,           1
   1.83757997     ,   68.7986603     ,           1
   1.83757997     ,   68.7986603     ,           1
   1.63345981     ,   42.9991379     ,           3
   1.07415020     ,   11.8617887     ,           3
  0.540907502     ,   3.47462130     ,           3
  0.673221827     ,   4.71217966     ,           3
   1.49515676     ,   31.2720852     ,           2
   1.69145191     ,   49.1418915     ,           2
   1.63345981     ,   42.9991379     ,           2
   1.79618740     ,   62.5442429     ,           3
   1.83757997     ,   68.7986603     ,           2
   1.93449008     ,   85.9983444     ,           2
   1.88333750     ,   76.4429626     ,           2
   1.79618740     ,   62.5442429     ,           2
   1.75839877     ,   57.3322105     ,           2
   1.04518628     ,   11.0965071     ,           2
  0.913297892     ,   8.19026375     ,           2
  0.951086581     ,   8.93483639     ,           3
  0.923763335     ,   8.39002705     ,           2
   1.01803386     ,   10.4239864     ,           1
   1.01803386     ,   10.4239864     ,           2
  0.986319244     ,   9.68989849     ,           2
   1.19412601     ,   15.6360121     ,           1
   1.25779533     ,   18.1048679     ,           1
   1.39042127     ,   24.5709114     ,           3
   1.69145191     ,   49.1418915     ,           2
   1.83757997     ,   68.7986603     ,           2
   1.69145191     ,   49.1418915     ,           3
   1.55882609     ,   36.2097931     ,           3
   1.42260599     ,   26.4609852     ,           1
   1.43963933     ,   27.5194263     ,           2
  0.956763864     ,   9.05240250     ,           3
  0.929092169     ,   8.49360752     ,           2
   1.04518628     ,   11.0965071     ,           2
  0.431030333     ,   2.69792795     ,           3
  0.495149225     ,   3.12715364     ,           1
  0.607124925     ,   4.04692268     ,           2
  0.792253077     ,   6.19802141     ,           3
   1.25779533     ,   18.1048679     ,           3
   1.08939028     ,   12.2854261     ,           3
  0.913297892     ,   8.19026375     ,           2
  0.923763335     ,   8.39002705     ,           1
  0.929092169     ,   8.49360752     ,           3
  0.776878119     ,   5.98243666     ,           3
  0.992479563     ,   9.82832623     ,           2
   1.14738238     ,   14.0404949     ,           2
   1.07415020     ,   11.8617887     ,           3
  0.898057699     ,   7.90783739     ,           3
  0.864448845     ,   7.31895113     ,           1
  0.780671120     ,   6.03491497     ,           2
  0.846350551     ,   7.02021694     ,           2
  0.800149679     ,   6.31174850     ,           1
  0.730365455     ,   5.37483883     ,           3
  0.713723600     ,   5.17277527     ,           2
  0.697695971     ,   4.98535347     ,           2
  0.908158183     ,   8.09390640     ,           1
   1.13860846     ,   13.7596817     ,           2
   1.37518132     ,   23.7236366     ,           3
  0.945482731     ,   8.82028770     ,           1
  0.685286522     ,   4.84491873     ,           3
   1.16548073     ,   14.6379642     ,           3
   1.15633726     ,   14.3330040     ,           3
   1.37518132     ,   23.7236366     ,           3
   1.15633726     ,   14.3330040     ,           3
   1.13860846     ,   13.7596817     ,           1
  0.846350551     ,   7.02021694     ,           2
  0.443119019     ,   2.77408028     ,           2
  0.676206827     ,   4.74467897     ,           3
  0.873789012     ,   7.47806120     ,           2
   1.04518628     ,   11.0965071     ,           3
   1.33242917     ,   21.4995422     ,           3
   1.31906521     ,   20.8480396     ,           3
   1.20411015     ,   15.9996395     ,           2
  0.883334398     ,   7.64424086     ,           2
   1.16548073     ,   14.6379642     ,           2
   1.33242917     ,   21.4995422     ,           2
   1.17482090     ,   14.9561844     ,           1
  0.945482731     ,   8.82028770     ,           3
  0.980245054     ,   9.55531597     ,           1
   1.04518628     ,   11.0965071     ,           3
   1.05224812     ,   11.2784166     ,           1
  0.691446900     ,   4.91413307     ,           3
  0.532221138     ,   3.40581560     ,           3
   1.39042127     ,   24.5709114     ,           1
   1.49515676     ,   31.2720852     ,           1
   1.39042127     ,   24.5709114     ,           2
   1.13860846     ,   13.7596817     ,           3
   1.05942690     ,   11.4663944     ,           2
  0.268192023     ,   1.85435128     ,           3
  0.336508840     ,   2.17024541     ,           3
   1.10518456     ,   12.7404442     ,           3
   1.19412601     ,   15.6360121     ,           3
   1.53654957     ,   34.3992996     ,           3
   1.49515676     ,   31.2720852     ,           3
   1.53654957     ,   34.3992996     ,           3
   1.63345981     ,   42.9991379     ,           2
   1.69145191     ,   49.1418915     ,           2
   1.49515676     ,   31.2720852     ,           3
   1.17482090     ,   14.9561844     ,           3
   1.04518628     ,   11.0965071     ,           3
  0.929092169     ,   8.49360752     ,           2
  0.655730903     ,   4.52617025     ,           2
   1.22479498     ,   16.7801170     ,           3
   1.45736814     ,   28.6660709     ,           1
   1.39042127     ,   24.5709114     ,           2
  0.846350551     ,   7.02021694     ,           1
  0.956763864     ,   9.05240250     ,           1
  0.617465854     ,   4.14443970     ,           3
  0.525818646     ,   3.35597420     ,           3
  0.903078675     ,   7.99979115     ,           3
   1.13860846     ,   13.7596817     ,           3
   1.01803386     ,   10.4239864     ,           3
   1.05942690     ,   11.4663944     ,           3
  0.939950287     ,   8.70863914     ,           1
  0.828976274     ,   6.74491119     ,           1
  0.883334398     ,   7.64424086     ,           2
  0.667312980     ,   4.64850187     ,           3
  0.612264574     ,   4.09510040     ,           2
   1.09096393E-02 ,   1.02543855     ,           2
  0.158203170     ,   1.43947184     ,           3
   3.20998952E-02 ,   1.07671285     ,           2
  0.327958941     ,   2.12793779     ,           3
   8.76195505E-02 ,   1.22354388     ,           3
  0.508366287     ,   3.22378659     ,           3
  0.552106500     ,   3.56538510     ,           2
  0.748814404     ,   5.60808229     ,           3
  0.259786129     ,   1.81880486     ,           4
  0.158203170     ,   1.43947184     ,           3
  0.390636742     ,   2.45831060     ,           3
  0.434416473     ,   2.71904540     ,           1
   7.97939822E-02 ,   1.20169425     ,           3
  0.945757151     ,   8.82586193     ,           1
  0.960234940     ,   9.12504387     ,           2
  0.256861538     ,   1.80659795     ,           3
  0.600750327     ,   3.98795533     ,           3
  0.705779314     ,   5.07901287     ,           2
  0.796587467     ,   6.26018953     ,           3
  0.838991702     ,   6.90226603     ,           2
  0.898577690     ,   7.91731119     ,           1
  0.924906850     ,   8.41214657     ,           3
   1.10783839     ,   12.8185339     ,           1
  0.833459139     ,   6.81489468     ,           2
  0.827996254     ,   6.72970819     ,           2
  0.554992318     ,   3.58915544     ,           3
  0.833459139     ,   6.81489468     ,           3
  0.833459139     ,   6.81489468     ,           3
  0.334880233     ,   2.16212225     ,           3
  0.898577690     ,   7.91731119     ,           3
  0.873753965     ,   7.47745752     ,           3
  0.938695133     ,   8.68350601     ,           3
  0.873753965     ,   7.47745752     ,           3
  0.392624319     ,   2.46958685     ,           3
  0.655537784     ,   4.52415800     ,           2
   1.01508391     ,   10.3534222     ,           3
   1.21257412     ,   16.3145123     ,           2
   1.28393018     ,   19.2278252     ,           1
   1.21257412     ,   16.3145123     ,           1
   1.07787502     ,   11.9639616     ,           1
  0.998693466     ,   9.96996117     ,           3
  0.827996254     ,   6.72970819     ,           2
   4.62251194E-02 ,   1.11230814     ,           1
  0.613812923     ,   4.10972643     ,           3
   1.17478538     ,   14.9549637     ,           3
   1.22593808     ,   16.8243427     ,           1
   1.22593808     ,   16.8243427     ,           2
   1.15130424     ,   14.1678591     ,           3
   1.28393018     ,   19.2278252     ,           2
   1.23972642     ,   17.3670635     ,           1
   1.19960904     ,   15.8346682     ,           1
   1.28393018     ,   19.2278252     ,           1
   1.33314836     ,   21.5351715     ,           1
   1.23972642     ,   17.3670635     ,           2
   1.17478538     ,   14.9549637     ,           1
   2.86101014E-04 ,   1.00065899     ,           3
   2.71480461E-03 ,   1.00627065     ,           3
  0.796587467     ,   6.26018953     ,           2
  0.945757151     ,   8.82586193     ,           3
   1.29972446     ,   19.9399681     ,           1
   1.58496070     ,   38.4557037     ,           2
   1.43005848     ,   26.9189739     ,           2
   1.38866568     ,   24.4717903     ,           1
   1.35087705     ,   22.4324703     ,           2
   1.25396693     ,   17.9459686     ,           3
   1.11830389     ,   13.1311855     ,           1
   3.73431928E-02 ,   1.08979094     ,           2
  0.248203918     ,   1.77094018     ,           3
  0.299715042     ,   1.99395359     ,           3
  0.495554179     ,   3.13007092     ,           2
   1.10783839     ,   12.8185339     ,           1
   1.35087705     ,   22.4324703     ,           1
   1.47581601     ,   29.9099770     ,           1
   1.65190768     ,   44.8649940     ,           2
   1.52696872     ,   33.6487312     ,           2
   1.38866568     ,   24.4717903     ,           1
   1.36936057     ,   23.4077988     ,           2
   1.28393018     ,   19.2278252     ,           3
  0.998693466     ,   9.96996117     ,           1
  0.806806743     ,   6.40924311     ,           2
  0.697661281     ,   4.98495579     ,           2
  0.666626751     ,   4.64116240     ,           3
  0.475809872     ,   2.99095488     ,           3
  0.299715042     ,   1.99395359     ,           1
  0.526963055     ,   3.36482954     ,           2
  0.666626751     ,   4.64116240     ,           4
  0.850272775     ,   7.08390522     ,           3
  0.873753965     ,   7.47745752     ,           2
  0.905011952     ,   8.03548241     ,           2
  0.681866944     ,   4.80692053     ,           2
  0.781695843     ,   6.04917049     ,           1
  0.659202695     ,   4.56249809     ,           3
  0.644724727     ,   4.41290665     ,           3
  0.386688441     ,   2.43606257     ,           1
  0.291745961     ,   1.95769918     ,           2
  0.674180031     ,   4.72258759     ,           2
  0.806806743     ,   6.40924311     ,           3
  0.812007964     ,   6.48646307     ,           3
  0.735450268     ,   5.43813896     ,           2
 -0.246213779     ,  0.567265332     ,           2
  0.532426000     ,   3.40742254     ,           1
  0.681866944     ,   4.80692053     ,           1
  0.175980911     ,   1.49961889     ,           2
  0.681866944     ,   4.80692053     ,           1
  0.776843309     ,   5.98195744     ,           4
  0.757957757     ,   5.72740316     ,           4
 -0.147461832     ,  0.712095380     ,           4
  0.149011090     ,   1.40932477     ,           3
  0.490533322     ,   3.09409261     ,           2
  0.485569805     ,   3.05893183     ,           1
  0.603979230     ,   4.01771593     ,           1
  0.554992318     ,   3.58915544     ,           2
 -0.400902569     ,  0.397280663     ,           1
   1.03084826     ,   10.7361422     ,           3
   1.11567116     ,   13.0518208     ,           2
   1.11851895     ,   13.1376877     ,           2
  0.934871495     ,   8.60739040     ,           3
  0.845512450     ,   7.00668287     ,           3
  0.792500138     ,   6.20154810     ,           3
   1.01255918     ,   10.2934065     ,           2
   1.16048396     ,   14.4705143     ,           3
   1.46785688     ,   29.3668156     ,           2
   1.06736565     ,   11.6779251     ,           3
   1.45526767     ,   28.5277557     ,           3
   1.43704271     ,   27.3553772     ,           2
   1.49418592     ,   31.2022552     ,           3
   1.54449141     ,   35.0341339     ,           3
   1.58436310     ,   38.4028168     ,           3
   1.44910741     ,   28.1259594     ,           2
   1.24345922     ,   17.5169792     ,           3
   1.37608588     ,   23.7731056     ,           3
   1.52221489     ,   33.2824211     ,           2
   1.52221489     ,   33.2824211     ,           1
   1.61912537     ,   41.6030655     ,           2
   1.37094617     ,   23.4934177     ,           2
   1.30913866     ,   20.3769245     ,           1
   1.61912537     ,   41.6030655     ,           2
   1.66689837     ,   46.4406548     ,           2
   1.73216534     ,   53.9716072     ,           2
   1.54449141     ,   35.0341339     ,           2
   1.58436310     ,   38.4028168     ,           2
   1.39727533     ,   24.9617691     ,           2
   1.14200032     ,   13.8675690     ,           2
   1.73216534     ,   53.9716072     ,           2
   1.75629902     ,   57.0557022     ,           1
   1.86900353     ,   73.9611359     ,           2
   1.53693819     ,   34.4300957     ,           1
   1.52221489     ,   33.2824211     ,           2
   1.40827084     ,   25.6018181     ,           3
   1.85320938     ,   71.3196793     ,           2
   1.99933767     ,   99.8476028     ,           2
   1.86900353     ,   73.9611359     ,           2
   2.04509521     ,   110.941811     ,           2
   2.15423989     ,   142.639542     ,           2
   2.34612560     ,   221.883774     ,           1
   2.39727831     ,   249.619308     ,           2
   2.25897527     ,   181.541275     ,           1
   2.25897527     ,   181.541275     ,           1
   1.83796930     ,   68.8603668     ,           2
   1.60139644     ,   39.9389343     ,           2
   1.61912537     ,   41.6030655     ,           3
   1.73216534     ,   53.9716072     ,           2
   1.76888824     ,   58.7338066     ,           3
   2.30036807     ,   199.695404     ,           2
   2.09624791     ,   124.809547     ,           1
   2.30036807     ,   199.695404     ,           2
   2.52221704     ,   332.825806     ,           1
   2.34612560     ,   221.883774     ,           1
   2.22118688     ,   166.412811     ,           1
   2.30036807     ,   199.695404     ,           3
   2.25897527     ,   181.541275     ,           1
   2.04509521     ,   110.941811     ,           2
   2.02161407     ,   105.102760     ,           1
   1.65691411     ,   45.3851852     ,           3
   1.50797439     ,   32.2087860     ,           3
  0.925610960     ,   8.42579651     ,           2
   1.31359291     ,   20.5869942     ,           3
   1.60139644     ,   39.9389343     ,           2
   2.04509521     ,   110.941811     ,           2
   2.12427664     ,   133.130219     ,           2
   1.93863964     ,   86.8239670     ,           1
   2.02161407     ,   105.102760     ,           2
   1.76888824     ,   58.7338066     ,           1
   1.79521728     ,   62.4046860     ,           3
   1.41955197     ,   26.2755566     ,           3
   1.09624219     ,   12.4807949     ,           3
   1.90242743     ,   79.8780518     ,           2
   1.85320938     ,   71.3196793     ,           3
   1.76888824     ,   58.7338066     ,           2
   1.82324600     ,   66.5650177     ,           2
   1.54449141     ,   35.0341339     ,           3
   1.36586666     ,   23.2202396     ,           1
   1.35588229     ,   22.6924992     ,           2
   1.30913866     ,   20.3769245     ,           1
   1.48745251     ,   30.7222157     ,           2
   1.54449141     ,   35.0341339     ,           2
   1.05981243     ,   11.4765778     ,           2
  0.864195168     ,   7.31467724     ,           3
  0.882057011     ,   7.62179041     ,           3
   1.07764530     ,   11.9576368     ,           3
  0.760025501     ,   5.75473738     ,           2
  0.529493511     ,   3.38449216     ,           3
  0.931143463     ,   8.53382015     ,           3
  0.893818378     ,   7.83102036     ,           3
  0.826140583     ,   6.70101500     ,           3
  0.701562524     ,   5.02993679     ,           3
  0.708176494     ,   5.10712481     ,           4
  0.830534995     ,   6.76916361     ,           3
  0.800421238     ,   6.31569672     ,           4
   1.08125329     ,   12.0573893     ,           1
   1.40545428     ,   25.4363174     ,           3
   1.23535204     ,   17.1930161     ,           2
   1.35496294     ,   22.6445103     ,           3
   1.18241549     ,   15.2200260     ,           3
   1.20807767     ,   16.1464748     ,           1
   1.31453395     ,   20.6316490     ,           2
   1.46943712     ,   29.4738617     ,           3
   1.29564846     ,   19.7537022     ,           3
   1.40545428     ,   25.4363174     ,           1
   1.32429397     ,   21.1005573     ,           3
   1.47638583     ,   29.9492435     ,           3
   1.58753693     ,   38.6844902     ,           1
   1.25174272     ,   17.8542938     ,           1
   1.58753693     ,   38.6844902     ,           2
   1.37668240     ,   23.8057785     ,           3
   1.35496294     ,   22.6445103     ,           3
   1.29564846     ,   19.7537022     ,           1
   1.23134923     ,   17.0352802     ,           3
   1.14166999     ,   13.8570251     ,           3
   1.45586407     ,   28.5669632     ,           3
   1.50534976     ,   32.0147209     ,           3
   1.66671848     ,   46.4214211     ,           1
   1.57858205     ,   37.8950081     ,           3
   1.63530982     ,   43.1827011     ,           3
   1.44923353     ,   28.1341305     ,           3
  0.615550041     ,   4.12619781     ,           3
  0.643451214     ,   4.39998531     ,           3
   1.38796341     ,   24.4322472     ,           3
   1.57858205     ,   37.8950081     ,           2
   1.60602033     ,   40.3664322     ,           3
   1.60602033     ,   40.3664322     ,           1
   1.55277467     ,   35.7087517     ,           2
   1.52058983     ,   33.1581116     ,           2
   1.51290298     ,   32.5763931     ,           2
  0.569790602     ,   3.71356153     ,           2
  0.946552455     ,   8.84204006     ,           3
   1.01109445     ,   10.2587490     ,           3
   1.35496294     ,   22.6445103     ,           3
   1.36568689     ,   23.2106304     ,           3
   1.46259761     ,   29.0133286     ,           3
   1.39371586     ,   24.7580147     ,           1
   1.28200459     ,   19.1427593     ,           3
   1.15150368     ,   14.1743660     ,           1
   1.42367923     ,   26.5264549     ,           3
   1.46259761     ,   29.0133286     ,           2
   1.52841520     ,   33.7609901     ,           1
   1.46259761     ,   29.0133286     ,           2
   1.04088664     ,   10.9871912     ,           1
   1.15483165     ,   14.2833996     ,           2
   1.34449744     ,   22.1053543     ,           3
   1.58753693     ,   38.6844902     ,           3
   1.02326047     ,   10.5501947     ,           3
   1.36568689     ,   23.2106304     ,           2
   1.49062645     ,   30.9475632     ,           2
   1.57858205     ,   37.8950081     ,           1
   1.36568689     ,   23.2106304     ,           3
   1.04866552     ,   11.1857595     ,           2
  0.717316151     ,   5.21574259     ,           3
  0.732208133     ,   5.39769268     ,           3
  0.725941062     ,   5.32036018     ,           3
  0.834200561     ,   6.82653856     ,           3
   1.12889564     ,   13.4553680     ,           3
   1.08125329     ,   12.0573893     ,           2
  0.848814011     ,   7.06015158     ,           2
  0.793097198     ,   6.21008015     ,           3
  0.350193202     ,   2.23971725     ,           2
  0.966316819     ,   9.25372982     ,           3
   1.44481015     ,   27.8490353     ,           2
   1.43095839     ,   26.9748135     ,           2
   1.45911813     ,   28.7818146     ,           2
   1.42611659     ,   26.6757488     ,           2
   1.51919520     ,   33.0518036     ,           2
   1.18375397     ,   15.2670069     ,           3
   1.43095839     ,   26.9748135     ,           3
   1.64893639     ,   44.5590973     ,           1
   1.46120119     ,   28.9201965     ,           2
   1.18375397     ,   15.2670069     ,           3
   1.21577108     ,   16.4350529     ,           1
   1.66868103     ,   46.6316757     ,           3
   1.68584943     ,   48.5120201     ,           2
   1.83479118     ,   68.3582916     ,           3
   1.82503128     ,   66.8392029     ,           3
   1.94676650     ,   88.4639740     ,           2
   1.65869653     ,   45.5718384     ,           2
   2.11651945     ,   130.773376     ,           2
   2.08030677     ,   120.311424     ,           2
   2.00842404     ,   101.958649     ,           3
   2.01584816     ,   103.716583     ,           2
   2.08908081     ,   122.766777     ,           2
   2.09803581     ,   125.324440     ,           2
   2.17182255     ,   148.532867     ,           2
   2.06327343     ,   115.684006     ,           2
   2.30215716     ,   200.519775     ,           1
   2.33212042     ,   214.842667     ,           1
   2.29497862     ,   197.232529     ,           2
   1.94358480     ,   87.8182526     ,           3
   2.11651945     ,   130.773376     ,           3
   2.38133883     ,   240.623886     ,           3
   2.28791666     ,   194.051315     ,           2
   2.07170653     ,   117.952347     ,           3
   2.14580894     ,   139.897156     ,           1
   2.28791666     ,   194.051315     ,           1
   2.12126589     ,   132.210449     ,           3
   2.08030677     ,   120.311424     ,           1
   2.04688263     ,   111.399368     ,           2
   1.93108618     ,   85.3269424     ,           1
   2.31688046     ,   207.434265     ,           3
   2.44684052     ,   279.795380     ,           2
   2.42709637     ,   267.359985     ,           3
   2.05092287     ,   112.440498     ,           2
   1.78804708     ,   61.3828392     ,           1
   2.25423336     ,   179.569824     ,           2
   2.25423336     ,   179.569824     ,           1
   2.22297549     ,   167.099594     ,           3
   1.96636224     ,   92.5469894     ,           1
   2.12126589     ,   132.210449     ,           1
   1.65869653     ,   45.5718384     ,           3
   1.73005390     ,   53.7098503     ,           2
   1.40451396     ,   25.3813076     ,           3
   2.19381690     ,   156.248901     ,           2
   2.12606478     ,   133.679474     ,           1
   1.79250145     ,   62.0156670     ,           1
   1.86546040     ,   73.3601913     ,           3
   1.74184573     ,   55.1881294     ,           2
   1.75396657     ,   56.7500992     ,           2
   1.64573121     ,   44.2314529     ,           2
   1.18375397     ,   15.2670069     ,           3
   1.54627132     ,   35.1780128     ,           2
   1.33835018     ,   21.7946663     ,           1
   1.48260021     ,   30.3808670     ,           2
   1.61195183     ,   40.9215317     ,           3
   1.50510824     ,   31.9969234     ,           3
   1.46539748     ,   29.2009830     ,           3
   1.50975335     ,   32.3409958     ,           3
   1.38132131     ,   24.0614243     ,           3
   1.53622913     ,   34.3739243     ,           3
   1.39276278     ,   24.7037468     ,           3
   1.46645296     ,   29.2720375     ,           3
   1.32441378     ,   21.1063824     ,           2
   1.21815097     ,   16.5253639     ,           3
  0.918287694     ,   8.28490829     ,           2
